1
 ESATAN-TMS  2025                                                      Page     1
 16 February  2026  10:31:22                                  DRAGOSAT_V2_GEO_HOT





  TIMEN =      0.00      MODULE SOLVFM      LOOPCT =    29
 ENBALA = 9.405E-03      ENBALR = 5.E-05


 TABLE OUTPUT WITH ZENTS = 'L,T,QS,QE,QA,QI,C'
 FOR NODES OF ZLABEL = ' '

 ================================================================================


+DRAGOSAT_V2_GEO_HOT                                                             


          NODE   LABEL                              T             QS            

          100    MLI                             132.22          0.56
          101    MLI                             132.33          0.56
          102    MLI                             132.03          0.56
          103    MLI                             132.12          0.56
          104    MLI                             131.90          0.56
          105    MLI                             132.36          0.56
          106    MLI                             132.06          0.56
          107    MLI                             132.38          0.56
          108    MLI                             132.01          0.56
          109    MLI                             132.19          0.56
          110    MLI                             132.13          0.56
          111    MLI                             132.18          0.56
          112    MLI                             132.08          0.56
          113    MLI                             132.23          0.56
          114    MLI                             132.05          0.56
          115    MLI                             132.02          0.56
          150    MLI                              70.87          0.00
          151    MLI                              71.02          0.00
          152    MLI                              70.99          0.00
          153    MLI                              70.76          0.00
          154    MLI                              70.97          0.00
          155    MLI                              71.23          0.00
          156    MLI                              71.19          0.00
          157    MLI                              70.98          0.00
          158    MLI                              70.96          0.00
          159    MLI                              71.17          0.00
          160    MLI                              71.19          0.00
          161    MLI                              70.94          0.00
          162    MLI                              69.87          0.00
          163    MLI                              69.75          0.00
          164    MLI                              69.77          0.00
          165    MLI                              69.71          0.00
          200    MLI                              -9.97          0.01
          201    MLI                              -6.72          0.01
          202    MLI                              -5.54          0.01
          203    MLI                             -11.28          0.01
          204    MLI                              -5.19          0.02
          205    MLI                              -5.80          0.01
          206    MLI                              -5.36          0.01
          207    MLI                              -4.19          0.02
          208    MLI                              -3.14          0.02
          209    MLI                              -3.80          0.02
          210    MLI                              -2.57          0.02
          211    MLI                              -5.61          0.02
          212    MLI                             -11.40          0.02
          213    MLI                              -8.50          0.03
          214    MLI                              -9.23          0.03
          215    MLI                              -9.10          0.02
          250    MLI                              56.38          0.00
          251    MLI                              55.76          0.00
          252    MLI                              55.69          0.00
          253    MLI                              56.10          0.00
          254    MLI                              56.43          0.00
          255    MLI                              55.23          0.00
          256    MLI                              55.22          0.00
          257    MLI                              56.24          0.00
          258    MLI                              56.56          0.00
          259    MLI                              55.39          0.00
          260    MLI                              55.37          0.00
          261    MLI                              56.20          0.00
          262    MLI                              55.15          0.00
          263    MLI                              54.27          0.00
          264    MLI                              54.20          0.00
          265    MLI                              55.07          0.00
          300    MLI                             132.12          0.56
          301    MLI                             132.00          0.56
          302    MLI                             132.38          0.56
          303    MLI                             132.03          0.56
          304    MLI                             132.03          0.56
          305    MLI                             132.31          0.56
          306    MLI                             132.30          0.56
          307    MLI                             131.91          0.56
          308    MLI                             131.90          0.56
          309    MLI                             132.36          0.56
          310    MLI                             132.53          0.56
          311    MLI                             132.11          0.56
          312    MLI                             132.43          0.56
          313    MLI                             132.17          0.56
          314    MLI                             132.15          0.56
          315    MLI                             132.25          0.56
          350    MLI                              70.39          0.00
          351    MLI                              70.52          0.00
          352    MLI                              70.60          0.00
          353    MLI                              70.36          0.00
          354    MLI                              70.43          0.00
          355    MLI                              70.61          0.00
          356    MLI                              70.66          0.00
          357    MLI                              70.44          0.00
          358    MLI                              70.40          0.00
          359    MLI                              70.69          0.00
          360    MLI                              70.64          0.00
          361    MLI                              70.40          0.00
          362    MLI                              69.30          0.00
          363    MLI                              69.26          0.00
          364    MLI                              69.26          0.00
          365    MLI                              69.43          0.00
          400    MLI                             110.49          0.34
          401    MLI                             111.59          0.34
          402    MLI                             111.32          0.34
          403    MLI                             110.68          0.34
          404    MLI                             111.92          0.35
          405    MLI                             111.37          0.34
          406    MLI                             112.19          0.34
          407    MLI                             112.39          0.35
          408    MLI                             112.11          0.35
          409    MLI                             112.36          0.35
          410    MLI                             111.87          0.35
          411    MLI                             112.45          0.35
          412    MLI                             110.41          0.35
          413    MLI                             110.60          0.36
          414    MLI                             110.82          0.36
          415    MLI                             110.14          0.35
          450    MLI                              66.64          0.00
          451    MLI                              66.25          0.00
          452    MLI                              66.27          0.00
          453    MLI                              66.89          0.00
          454    MLI                              66.52          0.00
          455    MLI                              65.66          0.00
          456    MLI                              65.94          0.00
          457    MLI                              66.92          0.00
          458    MLI                              66.44          0.00
          459    MLI                              65.82          0.00
          460    MLI                              65.91          0.00
          461    MLI                              66.89          0.00
          462    MLI                              65.54          0.00
          463    MLI                              64.89          0.00
          464    MLI                              65.07          0.00
          465    MLI                              65.87          0.00
          500    MLI                             151.82          1.21
          501    MLI                             150.12          1.19
          502    MLI                             149.74          1.18
          503    MLI                             151.58          1.21
          504    MLI                             153.83          1.23
          507    MLI                             150.49          1.19
          508    MLI                             153.76          1.23
          511    MLI                             150.73          1.19
          512    MLI                             151.81          1.21
          513    MLI                             151.55          1.20
          514    MLI                             152.14          1.21
          515    MLI                             151.78          1.21
          550    MLI                              67.79          0.00
          551    MLI                              65.95          0.00
          552    MLI                              65.98          0.00
          553    MLI                              67.57          0.00
          554    MLI                              66.18          0.00
          557    MLI                              65.63          0.00
          558    MLI                              66.19          0.00
          561    MLI                              65.81          0.00
          562    MLI                              67.51          0.00
          563    MLI                              66.22          0.00
          564    MLI                              66.15          0.00
          565    MLI                              67.55          0.00
          600    MLI                              86.02          0.20
          601    MLI                              80.88          0.17
          602    MLI                              86.78          0.20
          603    MLI                              85.60          0.20
          604    MLI                              86.14          0.20
          605    MLI                              83.46          0.16
          606    MLI                              89.85          0.19
          607    MLI                              86.88          0.20
          608    MLI                              86.37          0.20
          609    MLI                              83.50          0.15
          610    MLI                              89.22          0.19
          611    MLI                              86.56          0.20
          612    MLI                              86.15          0.20
          613    MLI                              77.99          0.15
          614    MLI                              86.88          0.20
          615    MLI                              85.68          0.20
          650    MLI                              64.54          0.00
          651    MLI                              64.03          0.00
          652    MLI                              64.74          0.00
          653    MLI                              64.51          0.00
          654    MLI                              64.25          0.00
          655    MLI                              63.92          0.00
          656    MLI                              64.67          0.00
          657    MLI                              64.35          0.00
          658    MLI                              64.25          0.00
          659    MLI                              63.90          0.00
          660    MLI                              64.58          0.00
          661    MLI                              64.30          0.00
          662    MLI                              64.46          0.00
          663    MLI                              63.62          0.00
          664    MLI                              64.69          0.00
          665    MLI                              64.44          0.00
        10000    Body_Panel                       63.32          0.00
        10001    Body_Panel                       63.34          0.00
        10002    Body_Panel                       63.34          0.00
        10003    Body_Panel                       63.34          0.00
        10004    Body_Panel                       63.33          0.00
        10005    Body_Panel                       63.33          0.00
        10006    Body_Panel                       63.34          0.00
        10007    Body_Panel                       63.35          0.00
        10008    Body_Panel                       63.35          0.00
        10009    Body_Panel                       63.33          0.00
        10010    Body_Panel                       63.32          0.00
        10011    Body_Panel                       63.33          0.00
        10012    Body_Panel                       63.34          0.00
        10013    Body_Panel                       63.34          0.00
        10014    Body_Panel                       63.33          0.00
        10015    Body_Panel                       63.29          0.00
        10016    Body_Panel                       63.30          0.00
        10017    Body_Panel                       63.31          0.00
        10018    Body_Panel                       63.31          0.00
        10019    Body_Panel                       63.30          0.00
        10020    Body_Panel                       63.28          0.00
        10021    Body_Panel                       63.28          0.00
        10022    Body_Panel                       63.29          0.00
        10023    Body_Panel                       63.29          0.00
        10024    Body_Panel                       63.29          0.00
        10100    Body_Panel                       60.48          0.00
        10101    Body_Panel                       60.10          0.00
        10102    Body_Panel                       59.58          0.00
        10103    Body_Panel                       60.01          0.00
        10104    Body_Panel                       60.33          0.00
        10105    Body_Panel                       60.60          0.00
        10106    Body_Panel                       60.15          0.00
        10107    Body_Panel                       59.22          0.00
        10108    Body_Panel                       60.05          0.00
        10109    Body_Panel                       60.44          0.00
        10110    Body_Panel                       60.65          0.00
        10111    Body_Panel                       60.05          0.00
        10112    Body_Panel                       58.21          0.00
        10113    Body_Panel                       59.92          0.00
        10114    Body_Panel                       60.43          0.00
        10115    Body_Panel                       60.88          0.00
        10116    Body_Panel                       60.37          0.00
        10117    Body_Panel                       59.30          0.00
        10118    Body_Panel                       60.19          0.00
        10119    Body_Panel                       60.60          0.00
        10120    Body_Panel                       60.72          0.00
        10121    Body_Panel                       60.29          0.00
        10122    Body_Panel                       59.68          0.00
        10123    Body_Panel                       60.14          0.00
        10124    Body_Panel                       60.47          0.00
        10300    Body_Panel                       62.64          0.00
        10301    Body_Panel                       62.65          0.00
        10302    Body_Panel                       62.65          0.00
        10303    Body_Panel                       62.64          0.00
        10304    Body_Panel                       62.63          0.00
        10305    Body_Panel                       62.64          0.00
        10306    Body_Panel                       62.65          0.00
        10307    Body_Panel                       62.65          0.00
        10308    Body_Panel                       62.65          0.00
        10309    Body_Panel                       62.63          0.00
        10310    Body_Panel                       62.63          0.00
        10311    Body_Panel                       62.64          0.00
        10312    Body_Panel                       62.64          0.00
        10313    Body_Panel                       62.64          0.00
        10314    Body_Panel                       62.62          0.00
        10315    Body_Panel                       62.61          0.00
        10316    Body_Panel                       62.61          0.00
        10317    Body_Panel                       62.61          0.00
        10318    Body_Panel                       62.61          0.00
        10319    Body_Panel                       62.60          0.00
        10320    Body_Panel                       62.59          0.00
        10321    Body_Panel                       62.60          0.00
        10322    Body_Panel                       62.60          0.00
        10323    Body_Panel                       62.59          0.00
        10324    Body_Panel                       62.59          0.00
        10400    Body_Panel                       60.08          0.00
        10401    Body_Panel                       59.85          0.00
        10402    Body_Panel                       59.52          0.00
        10403    Body_Panel                       60.02          0.00
        10404    Body_Panel                       60.35          0.00
        10405    Body_Panel                       60.15          0.00
        10406    Body_Panel                       59.89          0.00
        10407    Body_Panel                       59.21          0.00
        10408    Body_Panel                       60.06          0.00
        10409    Body_Panel                       60.46          0.00
        10410    Body_Panel                       60.02          0.00
        10411    Body_Panel                       59.72          0.00
        10412    Body_Panel                       58.31          0.00
        10413    Body_Panel                       59.94          0.00
        10414    Body_Panel                       60.45          0.00
        10415    Body_Panel                       59.98          0.00
        10416    Body_Panel                       59.93          0.00
        10417    Body_Panel                       59.44          0.00
        10418    Body_Panel                       60.19          0.00
        10419    Body_Panel                       60.59          0.00
        10420    Body_Panel                       59.95          0.00
        10421    Body_Panel                       59.88          0.00
        10422    Body_Panel                       59.68          0.00
        10423    Body_Panel                       60.14          0.00
        10424    Body_Panel                       60.47          0.00
        10500    Body_Panel                       54.65          0.00
        10501    Body_Panel                       54.61          0.00
        10502    Body_Panel                       54.60          0.00
        10503    Body_Panel                       54.61          0.00
        10504    Body_Panel                       54.65          0.00
        10505    Body_Panel                       54.58          0.00
        10506    Body_Panel                       54.47          0.00
        10507    Body_Panel                       54.45          0.00
        10508    Body_Panel                       54.47          0.00
        10509    Body_Panel                       54.58          0.00
        10510    Body_Panel                       54.55          0.00
        10511    Body_Panel                       54.44          0.00
        10512    Body_Panel                       54.42          0.00
        10513    Body_Panel                       54.43          0.00
        10514    Body_Panel                       54.53          0.00
        10515    Body_Panel                       54.57          0.00
        10516    Body_Panel                       54.46          0.00
        10517    Body_Panel                       54.43          0.00
        10518    Body_Panel                       54.44          0.00
        10519    Body_Panel                       54.52          0.00
        10520    Body_Panel                       54.64          0.00
        10521    Body_Panel                       54.59          0.00
        10522    Body_Panel                       54.56          0.00
        10523    Body_Panel                       54.55          0.00
        10524    Body_Panel                       54.58          0.00
        10600    Body_Panel                       61.44          0.00
        10601    Body_Panel                       61.43          0.00
        10602    Body_Panel                       61.43          0.00
        10603    Body_Panel                       61.45          0.00
        10604    Body_Panel                       61.43          0.00
        10605    Body_Panel                       61.41          0.00
        10606    Body_Panel                       61.41          0.00
        10607    Body_Panel                       61.44          0.00
        10608    Body_Panel                       61.43          0.00
        10609    Body_Panel                       61.41          0.00
        10610    Body_Panel                       61.41          0.00
        10611    Body_Panel                       61.44          0.00
        10612    Body_Panel                       61.44          0.00
        10613    Body_Panel                       61.43          0.00
        10614    Body_Panel                       61.43          0.00
        10615    Body_Panel                       61.44          0.00
        10650    Body_Inf                         61.44          0.00
        10651    Body_Inf                         61.43          0.00
        10652    Body_Inf                         61.43          0.00
        10653    Body_Inf                         61.45          0.00
        10654    Body_Inf                         61.43          0.00
        10655    Body_Inf                         61.41          0.00
        10656    Body_Inf                         61.41          0.00
        10657    Body_Inf                         61.44          0.00
        10658    Body_Inf                         61.43          0.00
        10659    Body_Inf                         61.41          0.00
        10660    Body_Inf                         61.41          0.00
        10661    Body_Inf                         61.44          0.00
        10662    Body_Inf                         61.44          0.00
        10663    Body_Inf                         61.43          0.00
        10664    Body_Inf                         61.43          0.00
        10665    Body_Inf                         61.44          0.00
        11000    BODY_TRAY                        62.47          0.00
        11001    BODY_TRAY                        62.69          0.00
        11002    BODY_TRAY                        62.70          0.00
        11003    BODY_TRAY                        62.41          0.00
        11004    BODY_TRAY                        62.50          0.00
        11005    BODY_TRAY                        62.74          0.00
        11006    BODY_TRAY                        62.79          0.00
        11007    BODY_TRAY                        62.46          0.00
        11008    BODY_TRAY                        62.45          0.00
        11009    BODY_TRAY                        62.71          0.00
        11010    BODY_TRAY                        62.75          0.00
        11011    BODY_TRAY                        62.41          0.00
        11012    BODY_TRAY                        62.30          0.00
        11013    BODY_TRAY                        62.58          0.00
        11014    BODY_TRAY                        62.59          0.00
        11015    BODY_TRAY                        62.31          0.00
        11100    BODY_TRAY                        66.26          0.00
        11101    BODY_TRAY                        66.45          0.00
        11102    BODY_TRAY                        66.02          0.00
        11103    BODY_TRAY                        65.31          0.00
        11104    BODY_TRAY                        66.84          0.00
        11105    BODY_TRAY                        67.00          0.00
        11106    BODY_TRAY                        66.32          0.00
        11107    BODY_TRAY                        65.48          0.00
        11108    BODY_TRAY                        68.11          0.00
        11109    BODY_TRAY                        68.20          0.00
        11110    BODY_TRAY                        66.77          0.00
        11111    BODY_TRAY                        65.73          0.00
        11112    BODY_TRAY                        68.47          0.00
        11113    BODY_TRAY                        68.51          0.00
        11114    BODY_TRAY                        66.98          0.00
        11115    BODY_TRAY                        65.87          0.00
        20000    SPS_STR                          47.95          1.18
        20001    SPS_STR                          47.95          0.62
        20002    SPS_STR                          47.95          0.61
        20003    SPS_STR                          47.95          1.18
        20004    SPS_STR                          48.14          0.81
        20005    SPS_STR                          48.13          0.00
        20006    SPS_STR                          48.13          0.00
        20007    SPS_STR                          48.14          0.80
        20008    SPS_STR                          48.58          0.81
        20009    SPS_STR                          48.57          0.00
        20010    SPS_STR                          48.57          0.00
        20011    SPS_STR                          48.58          0.82
        20012    SPS_STR                          49.35          0.81
        20013    SPS_STR                          49.35          0.01
        20014    SPS_STR                          49.35          0.01
        20015    SPS_STR                          49.35          0.80
        20016    SPS_STR                          50.27          0.82
        20017    SPS_STR                          50.32          0.02
        20018    SPS_STR                          50.32          0.02
        20019    SPS_STR                          50.27          0.83
        20020    SPS_STR                          51.20          1.22
        20021    SPS_STR                          51.58          0.66
        20022    SPS_STR                          51.58          0.67
        20023    SPS_STR                          51.20          1.24
        20100    SPS_STR                          50.54          1.15
        20101    SPS_STR                          50.96          0.62
        20102    SPS_STR                          50.96          0.64
        20103    SPS_STR                          50.55          1.16
        20104    SPS_STR                          49.61          0.81
        20105    SPS_STR                          49.66          0.00
        20106    SPS_STR                          49.67          0.00
        20107    SPS_STR                          49.61          0.80
        20108    SPS_STR                          48.70          0.79
        20109    SPS_STR                          48.70          0.00
        20110    SPS_STR                          48.70          0.00
        20111    SPS_STR                          48.70          0.81
        20112    SPS_STR                          47.93          0.80
        20113    SPS_STR                          47.93          0.00
        20114    SPS_STR                          47.93          0.00
        20115    SPS_STR                          47.94          0.81
        20116    SPS_STR                          47.49          0.80
        20117    SPS_STR                          47.48          0.00
        20118    SPS_STR                          47.48          0.00
        20119    SPS_STR                          47.49          0.81
        20120    SPS_STR                          47.30          1.17
        20121    SPS_STR                          47.30          0.58
        20122    SPS_STR                          47.30          0.59
        20123    SPS_STR                          47.31          1.18
        21000    SPS_CELL                         48.23          0.81
        21001    SPS_CELL                         48.42          0.81
        21002    SPS_CELL                         48.82          0.81
        21003    SPS_CELL                         49.58          0.81
        21004    SPS_CELL                         50.41          0.81
        21005    SPS_CELL                         51.26          0.82
        21006    SPS_CELL                         48.22          0.81
        21007    SPS_CELL                         48.42          0.81
        21008    SPS_CELL                         48.82          0.81
        21009    SPS_CELL                         49.58          0.81
        21010    SPS_CELL                         50.44          0.81
        21011    SPS_CELL                         51.42          0.82
        21012    SPS_CELL                         48.22          0.81
        21013    SPS_CELL                         48.41          0.81
        21014    SPS_CELL                         48.81          0.81
        21015    SPS_CELL                         49.58          0.81
        21016    SPS_CELL                         50.45          0.81
        21017    SPS_CELL                         51.48          0.82
        21018    SPS_CELL                         48.23          0.81
        21019    SPS_CELL                         48.41          0.81
        21020    SPS_CELL                         48.81          0.81
        21021    SPS_CELL                         49.58          0.81
        21022    SPS_CELL                         50.45          0.81
        21023    SPS_CELL                         51.48          0.82
        21024    SPS_CELL                         48.23          0.81
        21025    SPS_CELL                         48.41          0.81
        21026    SPS_CELL                         48.81          0.81
        21027    SPS_CELL                         49.58          0.81
        21028    SPS_CELL                         50.44          0.81
        21029    SPS_CELL                         51.42          0.82
        21030    SPS_CELL                         48.23          0.81
        21031    SPS_CELL                         48.42          0.81
        21032    SPS_CELL                         48.82          0.81
        21033    SPS_CELL                         49.58          0.81
        21034    SPS_CELL                         50.41          0.81
        21035    SPS_CELL                         51.26          0.82
        21100    SPS_CELL                         50.59          0.81
        21101    SPS_CELL                         49.74          0.81
        21102    SPS_CELL                         48.93          0.81
        21103    SPS_CELL                         48.18          0.81
        21104    SPS_CELL                         47.78          0.81
        21105    SPS_CELL                         47.58          0.81
        21106    SPS_CELL                         50.76          0.81
        21107    SPS_CELL                         49.77          0.81
        21108    SPS_CELL                         48.93          0.81
        21109    SPS_CELL                         48.17          0.81
        21110    SPS_CELL                         47.77          0.81
        21111    SPS_CELL                         47.58          0.81
        21112    SPS_CELL                         50.82          0.81
        21113    SPS_CELL                         49.78          0.81
        21114    SPS_CELL                         48.93          0.81
        21115    SPS_CELL                         48.17          0.81
        21116    SPS_CELL                         47.77          0.81
        21117    SPS_CELL                         47.58          0.81
        21118    SPS_CELL                         50.82          0.81
        21119    SPS_CELL                         49.78          0.81
        21120    SPS_CELL                         48.93          0.81
        21121    SPS_CELL                         48.17          0.81
        21122    SPS_CELL                         47.77          0.81
        21123    SPS_CELL                         47.58          0.81
        21124    SPS_CELL                         50.76          0.81
        21125    SPS_CELL                         49.77          0.81
        21126    SPS_CELL                         48.93          0.81
        21127    SPS_CELL                         48.17          0.81
        21128    SPS_CELL                         47.77          0.81
        21129    SPS_CELL                         47.58          0.81
        21130    SPS_CELL                         50.59          0.81
        21131    SPS_CELL                         49.75          0.81
        21132    SPS_CELL                         48.92          0.81
        21133    SPS_CELL                         48.18          0.81
        21134    SPS_CELL                         47.77          0.81
        21135    SPS_CELL                         47.58          0.81
        30100    IR_CAM_STR                       41.95          0.07
        30101    IR_CAM_STR                       42.09          0.10
        30102    IR_CAM_STR                       50.75          0.02
        30103    IR_CAM_STR                       50.77          0.03
        31000    IR_CAM_ELECT                     79.23          0.00
        31001    IR_CAM_ELECT                     66.51          0.00
        31002    IR_CAM_ELECT                     66.83          0.00
        31003    IR_CAM_ELECT                     66.56          0.00
        31004    IR_CAM_ELECT                     66.73          0.00
        31005    IR_CAM_ELECT                     51.54          0.00
        31100    IR_CAM_ELECT                      0.00          0.00
        32000    IR_CAM_LENS                     101.71          0.14
        40000    INS_EB                           54.57          0.00
        40001    INS_EB                           61.45          0.00
        40002    INS_EB                           62.53          0.00
        40003    INS_EB                           61.61          0.00
        40004    INS_EB                           61.40          0.00
        40005    INS_EB                           70.18          0.00
        40100    IR_EB                            73.02          0.00
        41000    INS_PLD_1                        80.44          0.00
        41001    INS_PLD_1                        77.53          0.00
        41002    INS_PLD_1                        76.25          0.00
        41003    INS_PLD_1                        79.93          0.00
        41004    INS_PLD_1                        75.93          0.00
        41005    INS_PLD_1                        62.86          0.00
        42000    INS_PLD_2                        78.63          0.00
        42001    INS_PLD_2                        79.73          0.00
        42002    INS_PLD_2                        77.93          0.00
        42003    INS_PLD_2                        77.13          0.00
        42004    INS_PLD_2                        77.70          0.00
        42005    INS_PLD_2                        63.03          0.00
        50000    Radiator                          6.51          1.86
        50001    Radiator                         32.49          0.03
        50002    Radiator                         32.12          0.04
        50003    Radiator                         30.96          0.01
        50004    Radiator                         33.36          0.05
        50005    Radiator                         54.38          0.00
 X      99998    INACTIVE_NODE                     0.00          0.00
        99999    ENVIRONMENT                    -270.00          0.00



          NODE          QE            QA            QI            C             

          100          0.02          0.05          0.00         11.48
          101          0.02          0.05          0.00         11.48
          102          0.02          0.05          0.00         11.48
          103          0.02          0.05          0.00         11.48
          104          0.02          0.05          0.00         11.48
          105          0.02          0.05          0.00         11.48
          106          0.02          0.05          0.00         11.48
          107          0.02          0.05          0.00         11.48
          108          0.02          0.05          0.00         11.48
          109          0.02          0.05          0.00         11.48
          110          0.02          0.05          0.00         11.48
          111          0.02          0.05          0.00         11.48
          112          0.02          0.05          0.00         11.48
          113          0.02          0.05          0.00         11.48
          114          0.02          0.05          0.00         11.48
          115          0.02          0.05          0.00         11.48
          150          0.00          0.00          0.00         11.48
          151          0.00          0.00          0.00         11.48
          152          0.00          0.00          0.00         11.48
          153          0.00          0.00          0.00         11.48
          154          0.00          0.00          0.00         11.48
          155          0.00          0.00          0.00         11.48
          156          0.00          0.00          0.00         11.48
          157          0.00          0.00          0.00         11.48
          158          0.00          0.00          0.00         11.48
          159          0.00          0.00          0.00         11.48
          160          0.00          0.00          0.00         11.48
          161          0.00          0.00          0.00         11.48
          162          0.00          0.00          0.00         11.48
          163          0.00          0.00          0.00         11.48
          164          0.00          0.00          0.00         11.48
          165          0.00          0.00          0.00         11.48
          200          0.02          0.04          0.00          9.68
          201          0.02          0.04          0.00          9.68
          202          0.02          0.04          0.00          9.68
          203          0.02          0.04          0.00          9.68
          204          0.02          0.04          0.00          9.68
          205          0.02          0.04          0.00          9.68
          206          0.02          0.04          0.00          9.68
          207          0.02          0.04          0.00          9.68
          208          0.02          0.04          0.00          9.68
          209          0.02          0.04          0.00          9.68
          210          0.02          0.04          0.00          9.68
          211          0.02          0.04          0.00          9.68
          212          0.02          0.03          0.00          9.68
          213          0.01          0.03          0.00          9.68
          214          0.01          0.03          0.00          9.68
          215          0.02          0.03          0.00          9.68
          250          0.00          0.00          0.00          9.68
          251          0.00          0.00          0.00          9.68
          252          0.00          0.00          0.00          9.68
          253          0.00          0.00          0.00          9.68
          254          0.00          0.00          0.00          9.68
          255          0.00          0.00          0.00          9.68
          256          0.00          0.00          0.00          9.68
          257          0.00          0.00          0.00          9.68
          258          0.00          0.00          0.00          9.68
          259          0.00          0.00          0.00          9.68
          260          0.00          0.00          0.00          9.68
          261          0.00          0.00          0.00          9.68
          262          0.00          0.00          0.00          9.68
          263          0.00          0.00          0.00          9.68
          264          0.00          0.00          0.00          9.68
          265          0.00          0.00          0.00          9.68
          300          0.02          0.05          0.00         11.48
          301          0.02          0.05          0.00         11.48
          302          0.02          0.05          0.00         11.48
          303          0.02          0.05          0.00         11.48
          304          0.02          0.05          0.00         11.48
          305          0.02          0.05          0.00         11.48
          306          0.02          0.05          0.00         11.48
          307          0.02          0.05          0.00         11.48
          308          0.02          0.05          0.00         11.48
          309          0.02          0.05          0.00         11.48
          310          0.02          0.05          0.00         11.48
          311          0.02          0.05          0.00         11.48
          312          0.02          0.05          0.00         11.48
          313          0.02          0.05          0.00         11.48
          314          0.02          0.05          0.00         11.48
          315          0.02          0.05          0.00         11.48
          350          0.00          0.00          0.00         11.48
          351          0.00          0.00          0.00         11.48
          352          0.00          0.00          0.00         11.48
          353          0.00          0.00          0.00         11.48
          354          0.00          0.00          0.00         11.48
          355          0.00          0.00          0.00         11.48
          356          0.00          0.00          0.00         11.48
          357          0.00          0.00          0.00         11.48
          358          0.00          0.00          0.00         11.48
          359          0.00          0.00          0.00         11.48
          360          0.00          0.00          0.00         11.48
          361          0.00          0.00          0.00         11.48
          362          0.00          0.00          0.00         11.48
          363          0.00          0.00          0.00         11.48
          364          0.00          0.00          0.00         11.48
          365          0.00          0.00          0.00         11.48
          400          0.02          0.05          0.00          9.68
          401          0.02          0.05          0.00          9.68
          402          0.02          0.05          0.00          9.68
          403          0.02          0.05          0.00          9.68
          404          0.02          0.04          0.00          9.68
          405          0.02          0.04          0.00          9.68
          406          0.02          0.05          0.00          9.68
          407          0.02          0.05          0.00          9.68
          408          0.02          0.04          0.00          9.68
          409          0.02          0.04          0.00          9.68
          410          0.02          0.04          0.00          9.68
          411          0.02          0.04          0.00          9.68
          412          0.02          0.04          0.00          9.68
          413          0.01          0.03          0.00          9.68
          414          0.01          0.03          0.00          9.68
          415          0.02          0.04          0.00          9.68
          450          0.00          0.00          0.00          9.68
          451          0.00          0.00          0.00          9.68
          452          0.00          0.00          0.00          9.68
          453          0.00          0.00          0.00          9.68
          454          0.00          0.00          0.00          9.68
          455          0.00          0.00          0.00          9.68
          456          0.00          0.00          0.00          9.68
          457          0.00          0.00          0.00          9.68
          458          0.00          0.00          0.00          9.68
          459          0.00          0.00          0.00          9.68
          460          0.00          0.00          0.00          9.68
          461          0.00          0.00          0.00          9.68
          462          0.00          0.00          0.00          9.68
          463          0.00          0.00          0.00          9.68
          464          0.00          0.00          0.00          9.68
          465          0.00          0.00          0.00          9.68
          500          0.00          0.00          0.00         18.22
          501          0.00          0.00          0.00         18.22
          502          0.00          0.00          0.00         18.22
          503          0.00          0.00          0.00         18.22
          504          0.00          0.00          0.00         18.22
          507          0.00          0.00          0.00         18.22
          508          0.00          0.00          0.00         18.22
          511          0.00          0.00          0.00         18.22
          512          0.00          0.00          0.00         18.22
          513          0.00          0.00          0.00         18.22
          514          0.00          0.00          0.00         18.22
          515          0.00          0.00          0.00         18.22
          550          0.00          0.00          0.00         18.22
          551          0.00          0.00          0.00         18.22
          552          0.00          0.00          0.00         18.22
          553          0.00          0.00          0.00         18.22
          554          0.00          0.00          0.00         18.22
          557          0.00          0.00          0.00         18.22
          558          0.00          0.00          0.00         18.22
          561          0.00          0.00          0.00         18.22
          562          0.00          0.00          0.00         18.22
          563          0.00          0.00          0.00         18.22
          564          0.00          0.00          0.00         18.22
          565          0.00          0.00          0.00         18.22
          600          0.12          0.29          0.00         18.22
          601          0.12          0.29          0.00         18.22
          602          0.12          0.29          0.00         18.22
          603          0.12          0.29          0.00         18.22
          604          0.12          0.29          0.00         18.22
          605          0.09          0.23          0.00         15.84
          606          0.09          0.24          0.00         15.84
          607          0.12          0.29          0.00         18.22
          608          0.12          0.29          0.00         18.22
          609          0.10          0.24          0.00         15.84
          610          0.10          0.24          0.00         15.84
          611          0.12          0.29          0.00         18.22
          612          0.12          0.29          0.00         18.22
          613          0.12          0.29          0.00         18.22
          614          0.12          0.29          0.00         18.22
          615          0.12          0.29          0.00         18.22
          650          0.00          0.00          0.00         18.22
          651          0.00          0.00          0.00         18.22
          652          0.00          0.00          0.00         18.22
          653          0.00          0.00          0.00         18.22
          654          0.00          0.00          0.00         18.22
          655          0.00          0.00          0.00         15.84
          656          0.00          0.00          0.00         15.84
          657          0.00          0.00          0.00         18.22
          658          0.00          0.00          0.00         18.22
          659          0.00          0.00          0.00         15.84
          660          0.00          0.00          0.00         15.84
          661          0.00          0.00          0.00         18.22
          662          0.00          0.00          0.00         18.22
          663          0.00          0.00          0.00         18.22
          664          0.00          0.00          0.00         18.22
          665          0.00          0.00          0.00         18.22
        10000          0.00          0.00          0.00         43.74
        10001          0.00          0.00          0.00         43.74
        10002          0.00          0.00          0.00         43.74
        10003          0.00          0.00          0.00         43.74
        10004          0.00          0.00          0.00         43.74
        10005          0.00          0.00          0.00         43.74
        10006          0.00          0.00          0.00         43.74
        10007          0.00          0.00          0.00         43.74
        10008          0.00          0.00          0.00         43.74
        10009          0.00          0.00          0.00         43.74
        10010          0.00          0.00          0.00         43.74
        10011          0.00          0.00          0.00         43.74
        10012          0.00          0.00          0.00         43.74
        10013          0.00          0.00          0.00         43.74
        10014          0.00          0.00          0.00         43.74
        10015          0.00          0.00          0.00         43.74
        10016          0.00          0.00          0.00         43.74
        10017          0.00          0.00          0.00         43.74
        10018          0.00          0.00          0.00         43.74
        10019          0.00          0.00          0.00         43.74
        10020          0.00          0.00          0.00         43.74
        10021          0.00          0.00          0.00         43.74
        10022          0.00          0.00          0.00         43.74
        10023          0.00          0.00          0.00         43.74
        10024          0.00          0.00          0.00         43.74
        10100          0.00          0.00          0.00         36.45
        10101          0.00          0.00          0.00         36.45
        10102          0.00          0.00          0.00         36.45
        10103          0.00          0.00          0.00         36.45
        10104          0.00          0.00          0.00         36.45
        10105          0.00          0.00          0.00         36.45
        10106          0.00          0.00          0.00         36.45
        10107          0.00          0.00          0.00         36.45
        10108          0.00          0.00          0.00         36.45
        10109          0.00          0.00          0.00         36.45
        10110          0.00          0.00          0.00         36.45
        10111          0.00          0.00          0.00         36.45
        10112          0.00          0.00          0.00         36.45
        10113          0.00          0.00          0.00         36.45
        10114          0.00          0.00          0.00         36.45
        10115          0.00          0.00          0.00         36.45
        10116          0.00          0.00          0.00         36.45
        10117          0.00          0.00          0.00         36.45
        10118          0.00          0.00          0.00         36.45
        10119          0.00          0.00          0.00         36.45
        10120          0.00          0.00          0.00         36.45
        10121          0.00          0.00          0.00         36.45
        10122          0.00          0.00          0.00         36.45
        10123          0.00          0.00          0.00         36.45
        10124          0.00          0.00          0.00         36.45
        10300          0.00          0.00          0.00         43.74
        10301          0.00          0.00          0.00         43.74
        10302          0.00          0.00          0.00         43.74
        10303          0.00          0.00          0.00         43.74
        10304          0.00          0.00          0.00         43.74
        10305          0.00          0.00          0.00         43.74
        10306          0.00          0.00          0.00         43.74
        10307          0.00          0.00          0.00         43.74
        10308          0.00          0.00          0.00         43.74
        10309          0.00          0.00          0.00         43.74
        10310          0.00          0.00          0.00         43.74
        10311          0.00          0.00          0.00         43.74
        10312          0.00          0.00          0.00         43.74
        10313          0.00          0.00          0.00         43.74
        10314          0.00          0.00          0.00         43.74
        10315          0.00          0.00          0.00         43.74
        10316          0.00          0.00          0.00         43.74
        10317          0.00          0.00          0.00         43.74
        10318          0.00          0.00          0.00         43.74
        10319          0.00          0.00          0.00         43.74
        10320          0.00          0.00          0.00         43.74
        10321          0.00          0.00          0.00         43.74
        10322          0.00          0.00          0.00         43.74
        10323          0.00          0.00          0.00         43.74
        10324          0.00          0.00          0.00         43.74
        10400          0.00          0.00          0.00         36.45
        10401          0.00          0.00          0.00         36.45
        10402          0.00          0.00          0.00         36.45
        10403          0.00          0.00          0.00         36.45
        10404          0.00          0.00          0.00         36.45
        10405          0.00          0.00          0.00         36.45
        10406          0.00          0.00          0.00         36.45
        10407          0.00          0.00          0.00         36.45
        10408          0.00          0.00          0.00         36.45
        10409          0.00          0.00          0.00         36.45
        10410          0.00          0.00          0.00         36.45
        10411          0.00          0.00          0.00         36.45
        10412          0.00          0.00          0.00         36.45
        10413          0.00          0.00          0.00         36.45
        10414          0.00          0.00          0.00         36.45
        10415          0.00          0.00          0.00         36.45
        10416          0.00          0.00          0.00         36.45
        10417          0.00          0.00          0.00         36.45
        10418          0.00          0.00          0.00         36.45
        10419          0.00          0.00          0.00         36.45
        10420          0.00          0.00          0.00         36.45
        10421          0.00          0.00          0.00         36.45
        10422          0.00          0.00          0.00         36.45
        10423          0.00          0.00          0.00         36.45
        10424          0.00          0.00          0.00         36.45
        10500          0.00          0.00          0.00         72.90
        10501          0.00          0.00          0.00         72.90
        10502          0.00          0.00          0.00         72.90
        10503          0.00          0.00          0.00         72.90
        10504          0.00          0.00          0.00         72.90
        10505          0.00          0.00          0.00         72.90
        10506          0.00          0.00          0.00         72.90
        10507          0.00          0.00          0.00         72.90
        10508          0.00          0.00          0.00         72.90
        10509          0.00          0.00          0.00         72.90
        10510          0.00          0.00          0.00         72.90
        10511          0.00          0.00          0.00         72.90
        10512          0.00          0.00          0.00         72.90
        10513          0.00          0.00          0.00         72.90
        10514          0.00          0.00          0.00         72.90
        10515          0.00          0.00          0.00         72.90
        10516          0.00          0.00          0.00         72.90
        10517          0.00          0.00          0.00         72.90
        10518          0.00          0.00          0.00         72.90
        10519          0.00          0.00          0.00         72.90
        10520          0.00          0.00          0.00         72.90
        10521          0.00          0.00          0.00         72.90
        10522          0.00          0.00          0.00         72.90
        10523          0.00          0.00          0.00         72.90
        10524          0.00          0.00          0.00         72.90
        10600          0.00          0.00          0.00         56.95
        10601          0.00          0.00          0.00         56.95
        10602          0.00          0.00          0.00         56.95
        10603          0.00          0.00          0.00         56.95
        10604          0.00          0.00          0.00         56.95
        10605          0.00          0.00          0.00         48.37
        10606          0.00          0.00          0.00         48.37
        10607          0.00          0.00          0.00         56.95
        10608          0.00          0.00          0.00         56.95
        10609          0.00          0.00          0.00         48.37
        10610          0.00          0.00          0.00         48.37
        10611          0.00          0.00          0.00         56.95
        10612          0.00          0.00          0.00         56.95
        10613          0.00          0.00          0.00         56.95
        10614          0.00          0.00          0.00         56.95
        10615          0.00          0.00          0.00         56.95
        10650          0.00          0.00          0.00         56.95
        10651          0.00          0.00          0.00         56.95
        10652          0.00          0.00          0.00         56.95
        10653          0.00          0.00          0.00         56.95
        10654          0.00          0.00          0.00         56.95
        10655          0.00          0.00          0.00         48.37
        10656          0.00          0.00          0.00         48.37
        10657          0.00          0.00          0.00         56.95
        10658          0.00          0.00          0.00         56.95
        10659          0.00          0.00          0.00         48.37
        10660          0.00          0.00          0.00         48.37
        10661          0.00          0.00          0.00         56.95
        10662          0.00          0.00          0.00         56.95
        10663          0.00          0.00          0.00         56.95
        10664          0.00          0.00          0.00         56.95
        10665          0.00          0.00          0.00         56.95
        11000          0.00          0.00          0.00        113.91
        11001          0.00          0.00          0.00        113.91
        11002          0.00          0.00          0.00        113.91
        11003          0.00          0.00          0.00        113.91
        11004          0.00          0.00          0.00        113.91
        11005          0.00          0.00          0.00        113.91
        11006          0.00          0.00          0.00        113.91
        11007          0.00          0.00          0.00        113.91
        11008          0.00          0.00          0.00        113.91
        11009          0.00          0.00          0.00        113.91
        11010          0.00          0.00          0.00        113.91
        11011          0.00          0.00          0.00        113.91
        11012          0.00          0.00          0.00        113.91
        11013          0.00          0.00          0.00        113.91
        11014          0.00          0.00          0.00        113.91
        11015          0.00          0.00          0.00        113.91
        11100          0.00          0.00          0.00        113.91
        11101          0.00          0.00          0.00        113.91
        11102          0.00          0.00          0.00        113.91
        11103          0.00          0.00          0.00        113.91
        11104          0.00          0.00          0.00        113.91
        11105          0.00          0.00          0.00        113.91
        11106          0.00          0.00          0.00        113.91
        11107          0.00          0.00          0.00        113.91
        11108          0.00          0.00          0.00        113.91
        11109          0.00          0.00          0.00        113.91
        11110          0.00          0.00          0.00        113.91
        11111          0.00          0.00          0.00        113.91
        11112          0.00          0.00          0.00        113.91
        11113          0.00          0.00          0.00        113.91
        11114          0.00          0.00          0.00        113.91
        11115          0.00          0.00          0.00        113.91
        20000          0.25          0.18          0.00         91.12
        20001          0.21          0.18          0.00         91.12
        20002          0.21          0.18          0.00         91.12
        20003          0.25          0.18          0.00         91.12
        20004          0.22          0.18          0.00         91.12
        20005          0.16          0.18          0.00         91.12
        20006          0.16          0.18          0.00         91.12
        20007          0.22          0.18          0.00         91.12
        20008          0.22          0.18          0.00         91.12
        20009          0.16          0.18          0.00         91.12
        20010          0.16          0.18          0.00         91.12
        20011          0.23          0.18          0.00         91.12
        20012          0.22          0.18          0.00         91.12
        20013          0.16          0.18          0.00         91.12
        20014          0.16          0.18          0.00         91.12
        20015          0.22          0.18          0.00         91.12
        20016          0.23          0.18          0.00         91.12
        20017          0.16          0.18          0.00         91.12
        20018          0.16          0.18          0.00         91.12
        20019          0.23          0.18          0.00         91.12
        20020          0.25          0.17          0.00         91.12
        20021          0.20          0.17          0.00         91.12
        20022          0.21          0.17          0.00         91.12
        20023          0.25          0.17          0.00         91.12
        20100          0.25          0.17          0.00         91.12
        20101          0.20          0.17          0.00         91.12
        20102          0.20          0.17          0.00         91.12
        20103          0.25          0.17          0.00         91.12
        20104          0.23          0.18          0.00         91.12
        20105          0.16          0.18          0.00         91.12
        20106          0.16          0.18          0.00         91.12
        20107          0.22          0.18          0.00         91.12
        20108          0.23          0.18          0.00         91.12
        20109          0.16          0.18          0.00         91.12
        20110          0.16          0.18          0.00         91.12
        20111          0.23          0.18          0.00         91.12
        20112          0.23          0.18          0.00         91.12
        20113          0.16          0.18          0.00         91.12
        20114          0.16          0.18          0.00         91.12
        20115          0.22          0.18          0.00         91.12
        20116          0.22          0.18          0.00         91.12
        20117          0.16          0.18          0.00         91.12
        20118          0.16          0.18          0.00         91.12
        20119          0.23          0.18          0.00         91.12
        20120          0.25          0.18          0.00         91.12
        20121          0.21          0.18          0.00         91.12
        20122          0.21          0.18          0.00         91.12
        20123          0.25          0.18          0.00         91.12
        21000          0.07          0.00          0.00         19.08
        21001          0.07          0.00          0.00         19.08
        21002          0.07          0.00          0.00         19.08
        21003          0.07          0.00          0.00         19.08
        21004          0.07          0.00          0.00         19.08
        21005          0.07          0.00          0.00         19.08
        21006          0.07          0.00          0.00         19.08
        21007          0.07          0.00          0.00         19.08
        21008          0.07          0.00          0.00         19.08
        21009          0.07          0.00          0.00         19.08
        21010          0.07          0.00          0.00         19.08
        21011          0.07          0.00          0.00         19.08
        21012          0.07          0.00          0.00         19.08
        21013          0.07          0.00          0.00         19.08
        21014          0.07          0.00          0.00         19.08
        21015          0.07          0.00          0.00         19.08
        21016          0.07          0.00          0.00         19.08
        21017          0.07          0.00          0.00         19.08
        21018          0.07          0.00          0.00         19.08
        21019          0.07          0.00          0.00         19.08
        21020          0.07          0.00          0.00         19.08
        21021          0.07          0.00          0.00         19.08
        21022          0.07          0.00          0.00         19.08
        21023          0.07          0.00          0.00         19.08
        21024          0.07          0.00          0.00         19.08
        21025          0.07          0.00          0.00         19.08
        21026          0.07          0.00          0.00         19.08
        21027          0.07          0.00          0.00         19.08
        21028          0.07          0.00          0.00         19.08
        21029          0.07          0.00          0.00         19.08
        21030          0.07          0.00          0.00         19.08
        21031          0.07          0.00          0.00         19.08
        21032          0.07          0.00          0.00         19.08
        21033          0.07          0.00          0.00         19.08
        21034          0.07          0.00          0.00         19.08
        21035          0.07          0.00          0.00         19.08
        21100          0.07          0.00          0.00         19.08
        21101          0.07          0.00          0.00         19.08
        21102          0.07          0.00          0.00         19.08
        21103          0.07          0.00          0.00         19.08
        21104          0.07          0.00          0.00         19.08
        21105          0.07          0.00          0.00         19.08
        21106          0.07          0.00          0.00         19.08
        21107          0.07          0.00          0.00         19.08
        21108          0.07          0.00          0.00         19.08
        21109          0.07          0.00          0.00         19.08
        21110          0.07          0.00          0.00         19.08
        21111          0.07          0.00          0.00         19.08
        21112          0.07          0.00          0.00         19.08
        21113          0.07          0.00          0.00         19.08
        21114          0.07          0.00          0.00         19.08
        21115          0.07          0.00          0.00         19.08
        21116          0.07          0.00          0.00         19.08
        21117          0.07          0.00          0.00         19.08
        21118          0.07          0.00          0.00         19.08
        21119          0.07          0.00          0.00         19.08
        21120          0.07          0.00          0.00         19.08
        21121          0.07          0.00          0.00         19.08
        21122          0.07          0.00          0.00         19.08
        21123          0.07          0.00          0.00         19.08
        21124          0.07          0.00          0.00         19.08
        21125          0.07          0.00          0.00         19.08
        21126          0.07          0.00          0.00         19.08
        21127          0.07          0.00          0.00         19.08
        21128          0.07          0.00          0.00         19.08
        21129          0.07          0.00          0.00         19.08
        21130          0.07          0.00          0.00         19.08
        21131          0.07          0.00          0.00         19.08
        21132          0.07          0.00          0.00         19.08
        21133          0.07          0.00          0.00         19.08
        21134          0.07          0.00          0.00         19.08
        21135          0.07          0.00          0.00         19.08
        30100          0.39          0.03          0.00          4.22
        30101          0.38          0.03          0.00          4.22
        30102          0.18          0.01          0.00          4.22
        30103          0.17          0.01          0.00          4.22
        31000          0.00          0.00          1.67        243.00
        31001          0.00          0.00          0.04         36.45
        31002          0.00          0.00          0.04         36.45
        31003          0.00          0.00          0.04         36.45
        31004          0.00          0.00          0.04         36.45
        31005          0.06          0.00          1.67        243.00
        31100          0.00          0.00          0.00       1000.00
        32000          0.05          0.24          0.00          6.55
        40000          0.00          0.00          0.00         12.15
        40001          0.00          0.00          0.00          4.86
        40002          0.00          0.00          0.00          4.86
        40003          0.00          0.00          0.00          4.86
        40004          0.00          0.00          0.00          4.86
        40005          0.00          0.00          0.00         12.15
        40100          0.00          0.00         13.00         17.56
        41000          0.00          0.00          1.23        423.73
        41001          0.00          0.00          0.76        282.49
        41002          0.00          0.00          0.27        136.69
        41003          0.00          0.00          0.76        282.49
        41004          0.00          0.00          0.27        136.69
        41005          0.00          0.00          1.23        423.73
        42000          0.00          0.00          1.14        328.05
        42001          0.00          0.00          0.53        153.09
        42002          0.00          0.00          0.33         95.68
        42003          0.00          0.00          0.53        153.09
        42004          0.00          0.00          0.33         95.68
        42005          0.00          0.00          1.14        328.05
        50000          0.00          0.00          0.00        262.44
        50001          0.00          0.00          0.00         21.32
        50002          0.00          0.00          0.00         25.27
        50003          0.00          0.00          0.00         21.32
        50004          0.00          0.00          0.00         25.27
        50005          0.00          0.00          0.00        262.44
 X      99998          0.00          0.00          0.00          0.00
        99999          0.00          0.00          0.00          0.00

1
 ESATAN-TMS  2025                                                      Page     2
 16 February  2026  10:31:22                                  DRAGOSAT_V2_GEO_HOT





  TIMEN =      0.00      MODULE SLCRNC      DTIMEU =   60.5025
 CSGMIN =    0.7304  AT NODE 10610 IN SUB-MODEL  
+                                                DRAGOSAT_V2_GEO_HOT             


 TABLE OUTPUT WITH ZENTS = 'L,T,QS,QE,QA,QI,C'
 FOR NODES OF ZLABEL = ' '

 ================================================================================


+DRAGOSAT_V2_GEO_HOT                                                             


          NODE   LABEL                              T             QS            

          100    MLI                             132.22          0.00
          101    MLI                             132.33          0.00
          102    MLI                             132.03          0.00
          103    MLI                             132.12          0.00
          104    MLI                             131.90          0.00
          105    MLI                             132.36          0.00
          106    MLI                             132.06          0.00
          107    MLI                             132.38          0.00
          108    MLI                             132.01          0.00
          109    MLI                             132.19          0.00
          110    MLI                             132.13          0.00
          111    MLI                             132.18          0.00
          112    MLI                             132.08          0.00
          113    MLI                             132.23          0.00
          114    MLI                             132.05          0.00
          115    MLI                             132.02          0.00
          150    MLI                              70.87          0.00
          151    MLI                              71.02          0.00
          152    MLI                              70.99          0.00
          153    MLI                              70.76          0.00
          154    MLI                              70.97          0.00
          155    MLI                              71.23          0.00
          156    MLI                              71.19          0.00
          157    MLI                              70.98          0.00
          158    MLI                              70.96          0.00
          159    MLI                              71.17          0.00
          160    MLI                              71.19          0.00
          161    MLI                              70.94          0.00
          162    MLI                              69.87          0.00
          163    MLI                              69.75          0.00
          164    MLI                              69.77          0.00
          165    MLI                              69.71          0.00
          200    MLI                              -9.97          0.00
          201    MLI                              -6.72          0.00
          202    MLI                              -5.54          0.00
          203    MLI                             -11.28          0.01
          204    MLI                              -5.19          0.00
          205    MLI                              -5.80          0.00
          206    MLI                              -5.36          0.01
          207    MLI                              -4.19          0.04
          208    MLI                              -3.14          0.00
          209    MLI                              -3.80          0.01
          210    MLI                              -2.57          0.06
          211    MLI                              -5.61          0.06
          212    MLI                             -11.40          0.00
          213    MLI                              -8.50          0.05
          214    MLI                              -9.23          0.08
          215    MLI                              -9.10          0.06
          250    MLI                              56.38          0.00
          251    MLI                              55.76          0.00
          252    MLI                              55.69          0.00
          253    MLI                              56.10          0.00
          254    MLI                              56.43          0.00
          255    MLI                              55.23          0.00
          256    MLI                              55.22          0.00
          257    MLI                              56.24          0.00
          258    MLI                              56.56          0.00
          259    MLI                              55.39          0.00
          260    MLI                              55.37          0.00
          261    MLI                              56.20          0.00
          262    MLI                              55.15          0.00
          263    MLI                              54.27          0.00
          264    MLI                              54.20          0.00
          265    MLI                              55.07          0.00
          300    MLI                             132.12          1.39
          301    MLI                             132.00          1.39
          302    MLI                             132.38          1.39
          303    MLI                             132.03          1.39
          304    MLI                             132.03          1.39
          305    MLI                             132.31          1.39
          306    MLI                             132.30          1.39
          307    MLI                             131.91          1.39
          308    MLI                             131.90          1.39
          309    MLI                             132.36          1.39
          310    MLI                             132.53          1.39
          311    MLI                             132.11          1.39
          312    MLI                             132.43          1.39
          313    MLI                             132.17          1.39
          314    MLI                             132.15          1.39
          315    MLI                             132.25          1.39
          350    MLI                              70.39          0.00
          351    MLI                              70.52          0.00
          352    MLI                              70.60          0.00
          353    MLI                              70.36          0.00
          354    MLI                              70.43          0.00
          355    MLI                              70.61          0.00
          356    MLI                              70.66          0.00
          357    MLI                              70.44          0.00
          358    MLI                              70.40          0.00
          359    MLI                              70.69          0.00
          360    MLI                              70.64          0.00
          361    MLI                              70.40          0.00
          362    MLI                              69.30          0.00
          363    MLI                              69.26          0.00
          364    MLI                              69.26          0.00
          365    MLI                              69.43          0.00
          400    MLI                             110.49          0.51
          401    MLI                             111.59          0.50
          402    MLI                             111.32          0.50
          403    MLI                             110.68          0.50
          404    MLI                             111.92          0.54
          405    MLI                             111.37          0.52
          406    MLI                             112.19          0.50
          407    MLI                             112.39          0.50
          408    MLI                             112.11          0.56
          409    MLI                             112.36          0.57
          410    MLI                             111.87          0.51
          411    MLI                             112.45          0.50
          412    MLI                             110.41          0.56
          413    MLI                             110.60          0.58
          414    MLI                             110.82          0.55
          415    MLI                             110.14          0.51
          450    MLI                              66.64          0.00
          451    MLI                              66.25          0.00
          452    MLI                              66.27          0.00
          453    MLI                              66.89          0.00
          454    MLI                              66.52          0.00
          455    MLI                              65.66          0.00
          456    MLI                              65.94          0.00
          457    MLI                              66.92          0.00
          458    MLI                              66.44          0.00
          459    MLI                              65.82          0.00
          460    MLI                              65.91          0.00
          461    MLI                              66.89          0.00
          462    MLI                              65.54          0.00
          463    MLI                              64.89          0.00
          464    MLI                              65.07          0.00
          465    MLI                              65.87          0.00
          500    MLI                             151.82          3.13
          501    MLI                             150.12          3.00
          502    MLI                             149.74          2.98
          503    MLI                             151.58          3.12
          504    MLI                             153.83          3.16
          507    MLI                             150.49          3.09
          508    MLI                             153.76          3.16
          511    MLI                             150.73          3.09
          512    MLI                             151.81          3.13
          513    MLI                             151.55          3.20
          514    MLI                             152.14          3.21
          515    MLI                             151.78          3.13
          550    MLI                              67.79          0.00
          551    MLI                              65.95          0.00
          552    MLI                              65.98          0.00
          553    MLI                              67.57          0.00
          554    MLI                              66.18          0.00
          557    MLI                              65.63          0.00
          558    MLI                              66.19          0.00
          561    MLI                              65.81          0.00
          562    MLI                              67.51          0.00
          563    MLI                              66.22          0.00
          564    MLI                              66.15          0.00
          565    MLI                              67.55          0.00
          600    MLI                              86.02          0.00
          601    MLI                              80.88          0.00
          602    MLI                              86.78          0.00
          603    MLI                              85.60          0.00
          604    MLI                              86.14          0.00
          605    MLI                              83.46          0.00
          606    MLI                              89.85          0.00
          607    MLI                              86.88          0.00
          608    MLI                              86.37          0.00
          609    MLI                              83.50          0.00
          610    MLI                              89.22          0.00
          611    MLI                              86.56          0.00
          612    MLI                              86.15          0.00
          613    MLI                              77.99          0.00
          614    MLI                              86.88          0.00
          615    MLI                              85.68          0.00
          650    MLI                              64.54          0.00
          651    MLI                              64.03          0.00
          652    MLI                              64.74          0.00
          653    MLI                              64.51          0.00
          654    MLI                              64.25          0.00
          655    MLI                              63.92          0.00
          656    MLI                              64.67          0.00
          657    MLI                              64.35          0.00
          658    MLI                              64.25          0.00
          659    MLI                              63.90          0.00
          660    MLI                              64.58          0.00
          661    MLI                              64.30          0.00
          662    MLI                              64.46          0.00
          663    MLI                              63.62          0.00
          664    MLI                              64.69          0.00
          665    MLI                              64.44          0.00
        10000    Body_Panel                       63.32          0.00
        10001    Body_Panel                       63.34          0.00
        10002    Body_Panel                       63.34          0.00
        10003    Body_Panel                       63.34          0.00
        10004    Body_Panel                       63.33          0.00
        10005    Body_Panel                       63.33          0.00
        10006    Body_Panel                       63.34          0.00
        10007    Body_Panel                       63.35          0.00
        10008    Body_Panel                       63.35          0.00
        10009    Body_Panel                       63.33          0.00
        10010    Body_Panel                       63.32          0.00
        10011    Body_Panel                       63.33          0.00
        10012    Body_Panel                       63.34          0.00
        10013    Body_Panel                       63.34          0.00
        10014    Body_Panel                       63.33          0.00
        10015    Body_Panel                       63.29          0.00
        10016    Body_Panel                       63.30          0.00
        10017    Body_Panel                       63.31          0.00
        10018    Body_Panel                       63.31          0.00
        10019    Body_Panel                       63.30          0.00
        10020    Body_Panel                       63.28          0.00
        10021    Body_Panel                       63.28          0.00
        10022    Body_Panel                       63.29          0.00
        10023    Body_Panel                       63.29          0.00
        10024    Body_Panel                       63.29          0.00
        10100    Body_Panel                       60.48          0.00
        10101    Body_Panel                       60.10          0.00
        10102    Body_Panel                       59.58          0.00
        10103    Body_Panel                       60.01          0.00
        10104    Body_Panel                       60.33          0.00
        10105    Body_Panel                       60.60          0.00
        10106    Body_Panel                       60.15          0.00
        10107    Body_Panel                       59.22          0.00
        10108    Body_Panel                       60.05          0.00
        10109    Body_Panel                       60.44          0.00
        10110    Body_Panel                       60.65          0.00
        10111    Body_Panel                       60.05          0.00
        10112    Body_Panel                       58.21          0.00
        10113    Body_Panel                       59.92          0.00
        10114    Body_Panel                       60.43          0.00
        10115    Body_Panel                       60.88          0.00
        10116    Body_Panel                       60.37          0.00
        10117    Body_Panel                       59.30          0.00
        10118    Body_Panel                       60.19          0.00
        10119    Body_Panel                       60.60          0.00
        10120    Body_Panel                       60.72          0.00
        10121    Body_Panel                       60.29          0.00
        10122    Body_Panel                       59.68          0.00
        10123    Body_Panel                       60.14          0.00
        10124    Body_Panel                       60.47          0.00
        10300    Body_Panel                       62.64          0.00
        10301    Body_Panel                       62.65          0.00
        10302    Body_Panel                       62.65          0.00
        10303    Body_Panel                       62.64          0.00
        10304    Body_Panel                       62.63          0.00
        10305    Body_Panel                       62.64          0.00
        10306    Body_Panel                       62.65          0.00
        10307    Body_Panel                       62.65          0.00
        10308    Body_Panel                       62.65          0.00
        10309    Body_Panel                       62.63          0.00
        10310    Body_Panel                       62.63          0.00
        10311    Body_Panel                       62.64          0.00
        10312    Body_Panel                       62.64          0.00
        10313    Body_Panel                       62.64          0.00
        10314    Body_Panel                       62.62          0.00
        10315    Body_Panel                       62.61          0.00
        10316    Body_Panel                       62.61          0.00
        10317    Body_Panel                       62.61          0.00
        10318    Body_Panel                       62.61          0.00
        10319    Body_Panel                       62.60          0.00
        10320    Body_Panel                       62.59          0.00
        10321    Body_Panel                       62.60          0.00
        10322    Body_Panel                       62.60          0.00
        10323    Body_Panel                       62.59          0.00
        10324    Body_Panel                       62.59          0.00
        10400    Body_Panel                       60.08          0.00
        10401    Body_Panel                       59.85          0.00
        10402    Body_Panel                       59.52          0.00
        10403    Body_Panel                       60.02          0.00
        10404    Body_Panel                       60.35          0.00
        10405    Body_Panel                       60.15          0.00
        10406    Body_Panel                       59.89          0.00
        10407    Body_Panel                       59.21          0.00
        10408    Body_Panel                       60.06          0.00
        10409    Body_Panel                       60.46          0.00
        10410    Body_Panel                       60.02          0.00
        10411    Body_Panel                       59.72          0.00
        10412    Body_Panel                       58.31          0.00
        10413    Body_Panel                       59.94          0.00
        10414    Body_Panel                       60.45          0.00
        10415    Body_Panel                       59.98          0.00
        10416    Body_Panel                       59.93          0.00
        10417    Body_Panel                       59.44          0.00
        10418    Body_Panel                       60.19          0.00
        10419    Body_Panel                       60.59          0.00
        10420    Body_Panel                       59.95          0.00
        10421    Body_Panel                       59.88          0.00
        10422    Body_Panel                       59.68          0.00
        10423    Body_Panel                       60.14          0.00
        10424    Body_Panel                       60.47          0.00
        10500    Body_Panel                       54.65          0.00
        10501    Body_Panel                       54.61          0.00
        10502    Body_Panel                       54.60          0.00
        10503    Body_Panel                       54.61          0.00
        10504    Body_Panel                       54.65          0.00
        10505    Body_Panel                       54.58          0.00
        10506    Body_Panel                       54.47          0.00
        10507    Body_Panel                       54.45          0.00
        10508    Body_Panel                       54.47          0.00
        10509    Body_Panel                       54.58          0.00
        10510    Body_Panel                       54.55          0.00
        10511    Body_Panel                       54.44          0.00
        10512    Body_Panel                       54.42          0.00
        10513    Body_Panel                       54.43          0.00
        10514    Body_Panel                       54.53          0.00
        10515    Body_Panel                       54.57          0.00
        10516    Body_Panel                       54.46          0.00
        10517    Body_Panel                       54.43          0.00
        10518    Body_Panel                       54.44          0.00
        10519    Body_Panel                       54.52          0.00
        10520    Body_Panel                       54.64          0.00
        10521    Body_Panel                       54.59          0.00
        10522    Body_Panel                       54.56          0.00
        10523    Body_Panel                       54.55          0.00
        10524    Body_Panel                       54.58          0.00
        10600    Body_Panel                       61.44          0.00
        10601    Body_Panel                       61.43          0.00
        10602    Body_Panel                       61.43          0.00
        10603    Body_Panel                       61.45          0.00
        10604    Body_Panel                       61.43          0.00
        10605    Body_Panel                       61.41          0.00
        10606    Body_Panel                       61.41          0.00
        10607    Body_Panel                       61.44          0.00
        10608    Body_Panel                       61.43          0.00
        10609    Body_Panel                       61.41          0.00
        10610    Body_Panel                       61.41          0.00
        10611    Body_Panel                       61.44          0.00
        10612    Body_Panel                       61.44          0.00
        10613    Body_Panel                       61.43          0.00
        10614    Body_Panel                       61.43          0.00
        10615    Body_Panel                       61.44          0.00
        10650    Body_Inf                         61.44          0.00
        10651    Body_Inf                         61.43          0.00
        10652    Body_Inf                         61.43          0.00
        10653    Body_Inf                         61.45          0.00
        10654    Body_Inf                         61.43          0.00
        10655    Body_Inf                         61.41          0.00
        10656    Body_Inf                         61.41          0.00
        10657    Body_Inf                         61.44          0.00
        10658    Body_Inf                         61.43          0.00
        10659    Body_Inf                         61.41          0.00
        10660    Body_Inf                         61.41          0.00
        10661    Body_Inf                         61.44          0.00
        10662    Body_Inf                         61.44          0.00
        10663    Body_Inf                         61.43          0.00
        10664    Body_Inf                         61.43          0.00
        10665    Body_Inf                         61.44          0.00
        11000    BODY_TRAY                        62.47          0.00
        11001    BODY_TRAY                        62.69          0.00
        11002    BODY_TRAY                        62.70          0.00
        11003    BODY_TRAY                        62.41          0.00
        11004    BODY_TRAY                        62.50          0.00
        11005    BODY_TRAY                        62.74          0.00
        11006    BODY_TRAY                        62.79          0.00
        11007    BODY_TRAY                        62.46          0.00
        11008    BODY_TRAY                        62.45          0.00
        11009    BODY_TRAY                        62.71          0.00
        11010    BODY_TRAY                        62.75          0.00
        11011    BODY_TRAY                        62.41          0.00
        11012    BODY_TRAY                        62.30          0.00
        11013    BODY_TRAY                        62.58          0.00
        11014    BODY_TRAY                        62.59          0.00
        11015    BODY_TRAY                        62.31          0.00
        11100    BODY_TRAY                        66.26          0.00
        11101    BODY_TRAY                        66.45          0.00
        11102    BODY_TRAY                        66.02          0.00
        11103    BODY_TRAY                        65.31          0.00
        11104    BODY_TRAY                        66.84          0.00
        11105    BODY_TRAY                        67.00          0.00
        11106    BODY_TRAY                        66.32          0.00
        11107    BODY_TRAY                        65.48          0.00
        11108    BODY_TRAY                        68.11          0.00
        11109    BODY_TRAY                        68.20          0.00
        11110    BODY_TRAY                        66.77          0.00
        11111    BODY_TRAY                        65.73          0.00
        11112    BODY_TRAY                        68.47          0.00
        11113    BODY_TRAY                        68.51          0.00
        11114    BODY_TRAY                        66.98          0.00
        11115    BODY_TRAY                        65.87          0.00
        20000    SPS_STR                          47.95          1.80
        20001    SPS_STR                          47.95          0.95
        20002    SPS_STR                          47.95          0.93
        20003    SPS_STR                          47.95          1.80
        20004    SPS_STR                          48.14          1.23
        20005    SPS_STR                          48.13          0.00
        20006    SPS_STR                          48.13          0.00
        20007    SPS_STR                          48.14          1.21
        20008    SPS_STR                          48.58          1.23
        20009    SPS_STR                          48.57          0.01
        20010    SPS_STR                          48.57          0.01
        20011    SPS_STR                          48.58          1.25
        20012    SPS_STR                          49.35          1.23
        20013    SPS_STR                          49.35          0.01
        20014    SPS_STR                          49.35          0.01
        20015    SPS_STR                          49.35          1.21
        20016    SPS_STR                          50.27          1.25
        20017    SPS_STR                          50.32          0.02
        20018    SPS_STR                          50.32          0.02
        20019    SPS_STR                          50.27          1.26
        20020    SPS_STR                          51.20          1.86
        20021    SPS_STR                          51.58          1.00
        20022    SPS_STR                          51.58          1.01
        20023    SPS_STR                          51.20          1.89
        20100    SPS_STR                          50.54          1.76
        20101    SPS_STR                          50.96          0.95
        20102    SPS_STR                          50.96          0.97
        20103    SPS_STR                          50.55          1.76
        20104    SPS_STR                          49.61          1.24
        20105    SPS_STR                          49.66          0.00
        20106    SPS_STR                          49.67          0.00
        20107    SPS_STR                          49.61          1.22
        20108    SPS_STR                          48.70          1.21
        20109    SPS_STR                          48.70          0.00
        20110    SPS_STR                          48.70          0.00
        20111    SPS_STR                          48.70          1.23
        20112    SPS_STR                          47.93          1.22
        20113    SPS_STR                          47.93          0.00
        20114    SPS_STR                          47.93          0.00
        20115    SPS_STR                          47.94          1.24
        20116    SPS_STR                          47.49          1.22
        20117    SPS_STR                          47.48          0.00
        20118    SPS_STR                          47.48          0.00
        20119    SPS_STR                          47.49          1.24
        20120    SPS_STR                          47.30          1.78
        20121    SPS_STR                          47.30          0.88
        20122    SPS_STR                          47.30          0.90
        20123    SPS_STR                          47.31          1.79
        21000    SPS_CELL                         48.23          1.23
        21001    SPS_CELL                         48.42          1.23
        21002    SPS_CELL                         48.82          1.23
        21003    SPS_CELL                         49.58          1.23
        21004    SPS_CELL                         50.41          1.24
        21005    SPS_CELL                         51.26          1.25
        21006    SPS_CELL                         48.22          1.23
        21007    SPS_CELL                         48.42          1.23
        21008    SPS_CELL                         48.82          1.23
        21009    SPS_CELL                         49.58          1.23
        21010    SPS_CELL                         50.44          1.23
        21011    SPS_CELL                         51.42          1.25
        21012    SPS_CELL                         48.22          1.23
        21013    SPS_CELL                         48.41          1.23
        21014    SPS_CELL                         48.81          1.23
        21015    SPS_CELL                         49.58          1.23
        21016    SPS_CELL                         50.45          1.23
        21017    SPS_CELL                         51.48          1.25
        21018    SPS_CELL                         48.23          1.23
        21019    SPS_CELL                         48.41          1.23
        21020    SPS_CELL                         48.81          1.23
        21021    SPS_CELL                         49.58          1.23
        21022    SPS_CELL                         50.45          1.24
        21023    SPS_CELL                         51.48          1.25
        21024    SPS_CELL                         48.23          1.23
        21025    SPS_CELL                         48.41          1.23
        21026    SPS_CELL                         48.81          1.23
        21027    SPS_CELL                         49.58          1.23
        21028    SPS_CELL                         50.44          1.24
        21029    SPS_CELL                         51.42          1.25
        21030    SPS_CELL                         48.23          1.23
        21031    SPS_CELL                         48.42          1.23
        21032    SPS_CELL                         48.82          1.23
        21033    SPS_CELL                         49.58          1.23
        21034    SPS_CELL                         50.41          1.24
        21035    SPS_CELL                         51.26          1.25
        21100    SPS_CELL                         50.59          1.23
        21101    SPS_CELL                         49.74          1.23
        21102    SPS_CELL                         48.93          1.23
        21103    SPS_CELL                         48.18          1.23
        21104    SPS_CELL                         47.78          1.23
        21105    SPS_CELL                         47.58          1.23
        21106    SPS_CELL                         50.76          1.23
        21107    SPS_CELL                         49.77          1.23
        21108    SPS_CELL                         48.93          1.23
        21109    SPS_CELL                         48.17          1.23
        21110    SPS_CELL                         47.77          1.23
        21111    SPS_CELL                         47.58          1.23
        21112    SPS_CELL                         50.82          1.23
        21113    SPS_CELL                         49.78          1.23
        21114    SPS_CELL                         48.93          1.23
        21115    SPS_CELL                         48.17          1.23
        21116    SPS_CELL                         47.77          1.23
        21117    SPS_CELL                         47.58          1.23
        21118    SPS_CELL                         50.82          1.23
        21119    SPS_CELL                         49.78          1.23
        21120    SPS_CELL                         48.93          1.23
        21121    SPS_CELL                         48.17          1.23
        21122    SPS_CELL                         47.77          1.23
        21123    SPS_CELL                         47.58          1.23
        21124    SPS_CELL                         50.76          1.23
        21125    SPS_CELL                         49.77          1.23
        21126    SPS_CELL                         48.93          1.23
        21127    SPS_CELL                         48.17          1.23
        21128    SPS_CELL                         47.77          1.23
        21129    SPS_CELL                         47.58          1.23
        21130    SPS_CELL                         50.59          1.23
        21131    SPS_CELL                         49.75          1.23
        21132    SPS_CELL                         48.92          1.23
        21133    SPS_CELL                         48.18          1.23
        21134    SPS_CELL                         47.77          1.23
        21135    SPS_CELL                         47.58          1.23
        30100    IR_CAM_STR                       41.95          0.00
        30101    IR_CAM_STR                       42.09          0.00
        30102    IR_CAM_STR                       50.75          0.00
        30103    IR_CAM_STR                       50.77          0.00
        31000    IR_CAM_ELECT                     79.23          0.00
        31001    IR_CAM_ELECT                     66.51          0.00
        31002    IR_CAM_ELECT                     66.83          0.00
        31003    IR_CAM_ELECT                     66.56          0.00
        31004    IR_CAM_ELECT                     66.73          0.00
        31005    IR_CAM_ELECT                     51.54          0.00
        31100    IR_CAM_ELECT                      0.00          0.00
        32000    IR_CAM_LENS                     101.71          0.00
        40000    INS_EB                           54.57          0.00
        40001    INS_EB                           61.45          0.00
        40002    INS_EB                           62.53          0.00
        40003    INS_EB                           61.61          0.00
        40004    INS_EB                           61.40          0.00
        40005    INS_EB                           70.18          0.00
        40100    IR_EB                            73.02          0.00
        41000    INS_PLD_1                        80.44          0.00
        41001    INS_PLD_1                        77.53          0.00
        41002    INS_PLD_1                        76.25          0.00
        41003    INS_PLD_1                        79.93          0.00
        41004    INS_PLD_1                        75.93          0.00
        41005    INS_PLD_1                        62.86          0.00
        42000    INS_PLD_2                        78.63          0.00
        42001    INS_PLD_2                        79.73          0.00
        42002    INS_PLD_2                        77.93          0.00
        42003    INS_PLD_2                        77.13          0.00
        42004    INS_PLD_2                        77.70          0.00
        42005    INS_PLD_2                        63.03          0.00
        50000    Radiator                          6.51          4.81
        50001    Radiator                         32.49          0.08
        50002    Radiator                         32.12          0.02
        50003    Radiator                         30.96          0.02
        50004    Radiator                         33.36          0.16
        50005    Radiator                         54.38          0.00
 X      99998    INACTIVE_NODE                     0.00          0.00
        99999    ENVIRONMENT                    -270.00          0.00



          NODE          QE            QA            QI            C             

          100          0.02          0.12          0.00         11.48
          101          0.02          0.12          0.00         11.48
          102          0.02          0.12          0.00         11.48
          103          0.02          0.12          0.00         11.48
          104          0.02          0.11          0.00         11.48
          105          0.02          0.12          0.00         11.48
          106          0.02          0.12          0.00         11.48
          107          0.02          0.12          0.00         11.48
          108          0.02          0.12          0.00         11.48
          109          0.02          0.12          0.00         11.48
          110          0.02          0.12          0.00         11.48
          111          0.02          0.12          0.00         11.48
          112          0.02          0.12          0.00         11.48
          113          0.02          0.12          0.00         11.48
          114          0.02          0.12          0.00         11.48
          115          0.02          0.12          0.00         11.48
          150          0.00          0.00          0.00         11.48
          151          0.00          0.00          0.00         11.48
          152          0.00          0.00          0.00         11.48
          153          0.00          0.00          0.00         11.48
          154          0.00          0.00          0.00         11.48
          155          0.00          0.00          0.00         11.48
          156          0.00          0.00          0.00         11.48
          157          0.00          0.00          0.00         11.48
          158          0.00          0.00          0.00         11.48
          159          0.00          0.00          0.00         11.48
          160          0.00          0.00          0.00         11.48
          161          0.00          0.00          0.00         11.48
          162          0.00          0.00          0.00         11.48
          163          0.00          0.00          0.00         11.48
          164          0.00          0.00          0.00         11.48
          165          0.00          0.00          0.00         11.48
          200          0.02          0.11          0.00          9.68
          201          0.02          0.11          0.00          9.68
          202          0.02          0.11          0.00          9.68
          203          0.02          0.10          0.00          9.68
          204          0.02          0.11          0.00          9.68
          205          0.02          0.11          0.00          9.68
          206          0.02          0.11          0.00          9.68
          207          0.02          0.11          0.00          9.68
          208          0.02          0.11          0.00          9.68
          209          0.02          0.10          0.00          9.68
          210          0.01          0.09          0.00          9.68
          211          0.02          0.09          0.00          9.68
          212          0.02          0.10          0.00          9.68
          213          0.01          0.08          0.00          9.68
          214          0.01          0.06          0.00          9.68
          215          0.01          0.08          0.00          9.68
          250          0.00          0.00          0.00          9.68
          251          0.00          0.00          0.00          9.68
          252          0.00          0.00          0.00          9.68
          253          0.00          0.00          0.00          9.68
          254          0.00          0.00          0.00          9.68
          255          0.00          0.00          0.00          9.68
          256          0.00          0.00          0.00          9.68
          257          0.00          0.00          0.00          9.68
          258          0.00          0.00          0.00          9.68
          259          0.00          0.00          0.00          9.68
          260          0.00          0.00          0.00          9.68
          261          0.00          0.00          0.00          9.68
          262          0.00          0.00          0.00          9.68
          263          0.00          0.00          0.00          9.68
          264          0.00          0.00          0.00          9.68
          265          0.00          0.00          0.00          9.68
          300          0.02          0.14          0.00         11.48
          301          0.02          0.14          0.00         11.48
          302          0.02          0.14          0.00         11.48
          303          0.02          0.14          0.00         11.48
          304          0.02          0.14          0.00         11.48
          305          0.02          0.14          0.00         11.48
          306          0.02          0.14          0.00         11.48
          307          0.02          0.14          0.00         11.48
          308          0.02          0.14          0.00         11.48
          309          0.02          0.14          0.00         11.48
          310          0.02          0.14          0.00         11.48
          311          0.02          0.14          0.00         11.48
          312          0.02          0.14          0.00         11.48
          313          0.02          0.14          0.00         11.48
          314          0.02          0.14          0.00         11.48
          315          0.02          0.14          0.00         11.48
          350          0.00          0.00          0.00         11.48
          351          0.00          0.00          0.00         11.48
          352          0.00          0.00          0.00         11.48
          353          0.00          0.00          0.00         11.48
          354          0.00          0.00          0.00         11.48
          355          0.00          0.00          0.00         11.48
          356          0.00          0.00          0.00         11.48
          357          0.00          0.00          0.00         11.48
          358          0.00          0.00          0.00         11.48
          359          0.00          0.00          0.00         11.48
          360          0.00          0.00          0.00         11.48
          361          0.00          0.00          0.00         11.48
          362          0.00          0.00          0.00         11.48
          363          0.00          0.00          0.00         11.48
          364          0.00          0.00          0.00         11.48
          365          0.00          0.00          0.00         11.48
          400          0.02          0.11          0.00          9.68
          401          0.02          0.12          0.00          9.68
          402          0.02          0.12          0.00          9.68
          403          0.02          0.12          0.00          9.68
          404          0.02          0.11          0.00          9.68
          405          0.02          0.11          0.00          9.68
          406          0.02          0.12          0.00          9.68
          407          0.02          0.12          0.00          9.68
          408          0.02          0.10          0.00          9.68
          409          0.01          0.09          0.00          9.68
          410          0.02          0.11          0.00          9.68
          411          0.02          0.12          0.00          9.68
          412          0.01          0.09          0.00          9.68
          413          0.01          0.07          0.00          9.68
          414          0.01          0.08          0.00          9.68
          415          0.02          0.11          0.00          9.68
          450          0.00          0.00          0.00          9.68
          451          0.00          0.00          0.00          9.68
          452          0.00          0.00          0.00          9.68
          453          0.00          0.00          0.00          9.68
          454          0.00          0.00          0.00          9.68
          455          0.00          0.00          0.00          9.68
          456          0.00          0.00          0.00          9.68
          457          0.00          0.00          0.00          9.68
          458          0.00          0.00          0.00          9.68
          459          0.00          0.00          0.00          9.68
          460          0.00          0.00          0.00          9.68
          461          0.00          0.00          0.00          9.68
          462          0.00          0.00          0.00          9.68
          463          0.00          0.00          0.00          9.68
          464          0.00          0.00          0.00          9.68
          465          0.00          0.00          0.00          9.68
          500          0.00          0.00          0.00         18.22
          501          0.00          0.00          0.00         18.22
          502          0.00          0.00          0.00         18.22
          503          0.00          0.00          0.00         18.22
          504          0.00          0.00          0.00         18.22
          507          0.00          0.00          0.00         18.22
          508          0.00          0.00          0.00         18.22
          511          0.00          0.00          0.00         18.22
          512          0.00          0.00          0.00         18.22
          513          0.00          0.00          0.00         18.22
          514          0.00          0.00          0.00         18.22
          515          0.00          0.00          0.00         18.22
          550          0.00          0.00          0.00         18.22
          551          0.00          0.00          0.00         18.22
          552          0.00          0.00          0.00         18.22
          553          0.00          0.00          0.00         18.22
          554          0.00          0.00          0.00         18.22
          557          0.00          0.00          0.00         18.22
          558          0.00          0.00          0.00         18.22
          561          0.00          0.00          0.00         18.22
          562          0.00          0.00          0.00         18.22
          563          0.00          0.00          0.00         18.22
          564          0.00          0.00          0.00         18.22
          565          0.00          0.00          0.00         18.22
          600          0.12          0.75          0.00         18.22
          601          0.12          0.74          0.00         18.22
          602          0.12          0.75          0.00         18.22
          603          0.12          0.74          0.00         18.22
          604          0.12          0.75          0.00         18.22
          605          0.09          0.60          0.00         15.84
          606          0.09          0.60          0.00         15.84
          607          0.12          0.75          0.00         18.22
          608          0.12          0.75          0.00         18.22
          609          0.10          0.61          0.00         15.84
          610          0.10          0.61          0.00         15.84
          611          0.12          0.75          0.00         18.22
          612          0.12          0.75          0.00         18.22
          613          0.12          0.74          0.00         18.22
          614          0.12          0.75          0.00         18.22
          615          0.12          0.74          0.00         18.22
          650          0.00          0.00          0.00         18.22
          651          0.00          0.00          0.00         18.22
          652          0.00          0.00          0.00         18.22
          653          0.00          0.00          0.00         18.22
          654          0.00          0.00          0.00         18.22
          655          0.00          0.00          0.00         15.84
          656          0.00          0.00          0.00         15.84
          657          0.00          0.00          0.00         18.22
          658          0.00          0.00          0.00         18.22
          659          0.00          0.00          0.00         15.84
          660          0.00          0.00          0.00         15.84
          661          0.00          0.00          0.00         18.22
          662          0.00          0.00          0.00         18.22
          663          0.00          0.00          0.00         18.22
          664          0.00          0.00          0.00         18.22
          665          0.00          0.00          0.00         18.22
        10000          0.00          0.00          0.00         43.74
        10001          0.00          0.00          0.00         43.74
        10002          0.00          0.00          0.00         43.74
        10003          0.00          0.00          0.00         43.74
        10004          0.00          0.00          0.00         43.74
        10005          0.00          0.00          0.00         43.74
        10006          0.00          0.00          0.00         43.74
        10007          0.00          0.00          0.00         43.74
        10008          0.00          0.00          0.00         43.74
        10009          0.00          0.00          0.00         43.74
        10010          0.00          0.00          0.00         43.74
        10011          0.00          0.00          0.00         43.74
        10012          0.00          0.00          0.00         43.74
        10013          0.00          0.00          0.00         43.74
        10014          0.00          0.00          0.00         43.74
        10015          0.00          0.00          0.00         43.74
        10016          0.00          0.00          0.00         43.74
        10017          0.00          0.00          0.00         43.74
        10018          0.00          0.00          0.00         43.74
        10019          0.00          0.00          0.00         43.74
        10020          0.00          0.00          0.00         43.74
        10021          0.00          0.00          0.00         43.74
        10022          0.00          0.00          0.00         43.74
        10023          0.00          0.00          0.00         43.74
        10024          0.00          0.00          0.00         43.74
        10100          0.00          0.00          0.00         36.45
        10101          0.00          0.00          0.00         36.45
        10102          0.00          0.00          0.00         36.45
        10103          0.00          0.00          0.00         36.45
        10104          0.00          0.00          0.00         36.45
        10105          0.00          0.00          0.00         36.45
        10106          0.00          0.00          0.00         36.45
        10107          0.00          0.00          0.00         36.45
        10108          0.00          0.00          0.00         36.45
        10109          0.00          0.00          0.00         36.45
        10110          0.00          0.00          0.00         36.45
        10111          0.00          0.00          0.00         36.45
        10112          0.00          0.00          0.00         36.45
        10113          0.00          0.00          0.00         36.45
        10114          0.00          0.00          0.00         36.45
        10115          0.00          0.00          0.00         36.45
        10116          0.00          0.00          0.00         36.45
        10117          0.00          0.00          0.00         36.45
        10118          0.00          0.00          0.00         36.45
        10119          0.00          0.00          0.00         36.45
        10120          0.00          0.00          0.00         36.45
        10121          0.00          0.00          0.00         36.45
        10122          0.00          0.00          0.00         36.45
        10123          0.00          0.00          0.00         36.45
        10124          0.00          0.00          0.00         36.45
        10300          0.00          0.00          0.00         43.74
        10301          0.00          0.00          0.00         43.74
        10302          0.00          0.00          0.00         43.74
        10303          0.00          0.00          0.00         43.74
        10304          0.00          0.00          0.00         43.74
        10305          0.00          0.00          0.00         43.74
        10306          0.00          0.00          0.00         43.74
        10307          0.00          0.00          0.00         43.74
        10308          0.00          0.00          0.00         43.74
        10309          0.00          0.00          0.00         43.74
        10310          0.00          0.00          0.00         43.74
        10311          0.00          0.00          0.00         43.74
        10312          0.00          0.00          0.00         43.74
        10313          0.00          0.00          0.00         43.74
        10314          0.00          0.00          0.00         43.74
        10315          0.00          0.00          0.00         43.74
        10316          0.00          0.00          0.00         43.74
        10317          0.00          0.00          0.00         43.74
        10318          0.00          0.00          0.00         43.74
        10319          0.00          0.00          0.00         43.74
        10320          0.00          0.00          0.00         43.74
        10321          0.00          0.00          0.00         43.74
        10322          0.00          0.00          0.00         43.74
        10323          0.00          0.00          0.00         43.74
        10324          0.00          0.00          0.00         43.74
        10400          0.00          0.00          0.00         36.45
        10401          0.00          0.00          0.00         36.45
        10402          0.00          0.00          0.00         36.45
        10403          0.00          0.00          0.00         36.45
        10404          0.00          0.00          0.00         36.45
        10405          0.00          0.00          0.00         36.45
        10406          0.00          0.00          0.00         36.45
        10407          0.00          0.00          0.00         36.45
        10408          0.00          0.00          0.00         36.45
        10409          0.00          0.00          0.00         36.45
        10410          0.00          0.00          0.00         36.45
        10411          0.00          0.00          0.00         36.45
        10412          0.00          0.00          0.00         36.45
        10413          0.00          0.00          0.00         36.45
        10414          0.00          0.00          0.00         36.45
        10415          0.00          0.00          0.00         36.45
        10416          0.00          0.00          0.00         36.45
        10417          0.00          0.00          0.00         36.45
        10418          0.00          0.00          0.00         36.45
        10419          0.00          0.00          0.00         36.45
        10420          0.00          0.00          0.00         36.45
        10421          0.00          0.00          0.00         36.45
        10422          0.00          0.00          0.00         36.45
        10423          0.00          0.00          0.00         36.45
        10424          0.00          0.00          0.00         36.45
        10500          0.00          0.00          0.00         72.90
        10501          0.00          0.00          0.00         72.90
        10502          0.00          0.00          0.00         72.90
        10503          0.00          0.00          0.00         72.90
        10504          0.00          0.00          0.00         72.90
        10505          0.00          0.00          0.00         72.90
        10506          0.00          0.00          0.00         72.90
        10507          0.00          0.00          0.00         72.90
        10508          0.00          0.00          0.00         72.90
        10509          0.00          0.00          0.00         72.90
        10510          0.00          0.00          0.00         72.90
        10511          0.00          0.00          0.00         72.90
        10512          0.00          0.00          0.00         72.90
        10513          0.00          0.00          0.00         72.90
        10514          0.00          0.00          0.00         72.90
        10515          0.00          0.00          0.00         72.90
        10516          0.00          0.00          0.00         72.90
        10517          0.00          0.00          0.00         72.90
        10518          0.00          0.00          0.00         72.90
        10519          0.00          0.00          0.00         72.90
        10520          0.00          0.00          0.00         72.90
        10521          0.00          0.00          0.00         72.90
        10522          0.00          0.00          0.00         72.90
        10523          0.00          0.00          0.00         72.90
        10524          0.00          0.00          0.00         72.90
        10600          0.00          0.00          0.00         56.95
        10601          0.00          0.00          0.00         56.95
        10602          0.00          0.00          0.00         56.95
        10603          0.00          0.00          0.00         56.95
        10604          0.00          0.00          0.00         56.95
        10605          0.00          0.00          0.00         48.37
        10606          0.00          0.00          0.00         48.37
        10607          0.00          0.00          0.00         56.95
        10608          0.00          0.00          0.00         56.95
        10609          0.00          0.00          0.00         48.37
        10610          0.00          0.00          0.00         48.37
        10611          0.00          0.00          0.00         56.95
        10612          0.00          0.00          0.00         56.95
        10613          0.00          0.00          0.00         56.95
        10614          0.00          0.00          0.00         56.95
        10615          0.00          0.00          0.00         56.95
        10650          0.00          0.00          0.00         56.95
        10651          0.00          0.00          0.00         56.95
        10652          0.00          0.00          0.00         56.95
        10653          0.00          0.00          0.00         56.95
        10654          0.00          0.00          0.00         56.95
        10655          0.00          0.00          0.00         48.37
        10656          0.00          0.00          0.00         48.37
        10657          0.00          0.00          0.00         56.95
        10658          0.00          0.00          0.00         56.95
        10659          0.00          0.00          0.00         48.37
        10660          0.00          0.00          0.00         48.37
        10661          0.00          0.00          0.00         56.95
        10662          0.00          0.00          0.00         56.95
        10663          0.00          0.00          0.00         56.95
        10664          0.00          0.00          0.00         56.95
        10665          0.00          0.00          0.00         56.95
        11000          0.00          0.00          0.00        113.91
        11001          0.00          0.00          0.00        113.91
        11002          0.00          0.00          0.00        113.91
        11003          0.00          0.00          0.00        113.91
        11004          0.00          0.00          0.00        113.91
        11005          0.00          0.00          0.00        113.91
        11006          0.00          0.00          0.00        113.91
        11007          0.00          0.00          0.00        113.91
        11008          0.00          0.00          0.00        113.91
        11009          0.00          0.00          0.00        113.91
        11010          0.00          0.00          0.00        113.91
        11011          0.00          0.00          0.00        113.91
        11012          0.00          0.00          0.00        113.91
        11013          0.00          0.00          0.00        113.91
        11014          0.00          0.00          0.00        113.91
        11015          0.00          0.00          0.00        113.91
        11100          0.00          0.00          0.00        113.91
        11101          0.00          0.00          0.00        113.91
        11102          0.00          0.00          0.00        113.91
        11103          0.00          0.00          0.00        113.91
        11104          0.00          0.00          0.00        113.91
        11105          0.00          0.00          0.00        113.91
        11106          0.00          0.00          0.00        113.91
        11107          0.00          0.00          0.00        113.91
        11108          0.00          0.00          0.00        113.91
        11109          0.00          0.00          0.00        113.91
        11110          0.00          0.00          0.00        113.91
        11111          0.00          0.00          0.00        113.91
        11112          0.00          0.00          0.00        113.91
        11113          0.00          0.00          0.00        113.91
        11114          0.00          0.00          0.00        113.91
        11115          0.00          0.00          0.00        113.91
        20000          0.34          0.46          0.00         91.12
        20001          0.35          0.48          0.00         91.12
        20002          0.34          0.47          0.00         91.12
        20003          0.34          0.47          0.00         91.12
        20004          0.35          0.47          0.00         91.12
        20005          0.35          0.48          0.00         91.12
        20006          0.34          0.46          0.00         91.12
        20007          0.34          0.47          0.00         91.12
        20008          0.35          0.47          0.00         91.12
        20009          0.35          0.48          0.00         91.12
        20010          0.35          0.47          0.00         91.12
        20011          0.35          0.47          0.00         91.12
        20012          0.35          0.47          0.00         91.12
        20013          0.35          0.47          0.00         91.12
        20014          0.34          0.47          0.00         91.12
        20015          0.35          0.48          0.00         91.12
        20016          0.35          0.48          0.00         91.12
        20017          0.35          0.47          0.00         91.12
        20018          0.34          0.47          0.00         91.12
        20019          0.34          0.46          0.00         91.12
        20020          0.36          0.48          0.00         91.12
        20021          0.34          0.46          0.00         91.12
        20022          0.32          0.43          0.00         91.12
        20023          0.31          0.42          0.00         91.12
        20100          0.36          0.47          0.00         91.12
        20101          0.34          0.44          0.00         91.12
        20102          0.33          0.43          0.00         91.12
        20103          0.31          0.41          0.00         91.12
        20104          0.35          0.48          0.00         91.12
        20105          0.35          0.48          0.00         91.12
        20106          0.34          0.46          0.00         91.12
        20107          0.34          0.46          0.00         91.12
        20108          0.35          0.48          0.00         91.12
        20109          0.35          0.47          0.00         91.12
        20110          0.34          0.47          0.00         91.12
        20111          0.34          0.47          0.00         91.12
        20112          0.35          0.48          0.00         91.12
        20113          0.35          0.47          0.00         91.12
        20114          0.35          0.48          0.00         91.12
        20115          0.35          0.47          0.00         91.12
        20116          0.35          0.47          0.00         91.12
        20117          0.35          0.47          0.00         91.12
        20118          0.35          0.48          0.00         91.12
        20119          0.35          0.48          0.00         91.12
        20120          0.35          0.47          0.00         91.12
        20121          0.34          0.47          0.00         91.12
        20122          0.35          0.48          0.00         91.12
        20123          0.34          0.47          0.00         91.12
        21000          0.00          0.00          0.00         19.08
        21001          0.00          0.00          0.00         19.08
        21002          0.00          0.00          0.00         19.08
        21003          0.00          0.00          0.00         19.08
        21004          0.00          0.00          0.00         19.08
        21005          0.00          0.00          0.00         19.08
        21006          0.00          0.00          0.00         19.08
        21007          0.00          0.00          0.00         19.08
        21008          0.00          0.00          0.00         19.08
        21009          0.00          0.00          0.00         19.08
        21010          0.00          0.00          0.00         19.08
        21011          0.00          0.00          0.00         19.08
        21012          0.00          0.00          0.00         19.08
        21013          0.00          0.00          0.00         19.08
        21014          0.00          0.00          0.00         19.08
        21015          0.00          0.00          0.00         19.08
        21016          0.00          0.00          0.00         19.08
        21017          0.00          0.00          0.00         19.08
        21018          0.00          0.00          0.00         19.08
        21019          0.00          0.00          0.00         19.08
        21020          0.00          0.00          0.00         19.08
        21021          0.00          0.00          0.00         19.08
        21022          0.00          0.00          0.00         19.08
        21023          0.01          0.00          0.00         19.08
        21024          0.00          0.00          0.00         19.08
        21025          0.00          0.00          0.00         19.08
        21026          0.00          0.00          0.00         19.08
        21027          0.00          0.00          0.00         19.08
        21028          0.00          0.00          0.00         19.08
        21029          0.01          0.00          0.00         19.08
        21030          0.00          0.00          0.00         19.08
        21031          0.00          0.00          0.00         19.08
        21032          0.00          0.00          0.00         19.08
        21033          0.00          0.00          0.00         19.08
        21034          0.00          0.00          0.00         19.08
        21035          0.01          0.01          0.00         19.08
        21100          0.00          0.00          0.00         19.08
        21101          0.00          0.00          0.00         19.08
        21102          0.00          0.00          0.00         19.08
        21103          0.00          0.00          0.00         19.08
        21104          0.00          0.00          0.00         19.08
        21105          0.00          0.00          0.00         19.08
        21106          0.00          0.00          0.00         19.08
        21107          0.00          0.00          0.00         19.08
        21108          0.00          0.00          0.00         19.08
        21109          0.00          0.00          0.00         19.08
        21110          0.00          0.00          0.00         19.08
        21111          0.00          0.00          0.00         19.08
        21112          0.00          0.00          0.00         19.08
        21113          0.00          0.00          0.00         19.08
        21114          0.00          0.00          0.00         19.08
        21115          0.00          0.00          0.00         19.08
        21116          0.00          0.00          0.00         19.08
        21117          0.00          0.00          0.00         19.08
        21118          0.01          0.00          0.00         19.08
        21119          0.00          0.00          0.00         19.08
        21120          0.00          0.00          0.00         19.08
        21121          0.00          0.00          0.00         19.08
        21122          0.00          0.00          0.00         19.08
        21123          0.00          0.00          0.00         19.08
        21124          0.01          0.00          0.00         19.08
        21125          0.00          0.00          0.00         19.08
        21126          0.00          0.00          0.00         19.08
        21127          0.00          0.00          0.00         19.08
        21128          0.00          0.00          0.00         19.08
        21129          0.00          0.00          0.00         19.08
        21130          0.01          0.01          0.00         19.08
        21131          0.00          0.00          0.00         19.08
        21132          0.00          0.00          0.00         19.08
        21133          0.00          0.00          0.00         19.08
        21134          0.00          0.00          0.00         19.08
        21135          0.00          0.00          0.00         19.08
        30100          0.39          0.08          0.00          4.22
        30101          0.38          0.08          0.00          4.22
        30102          0.18          0.03          0.00          4.22
        30103          0.17          0.03          0.00          4.22
        31000          0.00          0.00          1.67        243.00
        31001          0.00          0.00          0.04         36.45
        31002          0.00          0.00          0.04         36.45
        31003          0.00          0.00          0.04         36.45
        31004          0.00          0.00          0.04         36.45
        31005          0.06          0.00          1.67        243.00
        31100          0.00          0.00          0.00       1000.00
        32000          0.05          0.61          0.00          6.55
        40000          0.00          0.00          0.00         12.15
        40001          0.00          0.00          0.00          4.86
        40002          0.00          0.00          0.00          4.86
        40003          0.00          0.00          0.00          4.86
        40004          0.00          0.00          0.00          4.86
        40005          0.00          0.00          0.00         12.15
        40100          0.00          0.00         13.00         17.56
        41000          0.00          0.00          1.23        423.73
        41001          0.00          0.00          0.76        282.49
        41002          0.00          0.00          0.27        136.69
        41003          0.00          0.00          0.76        282.49
        41004          0.00          0.00          0.27        136.69
        41005          0.00          0.00          1.23        423.73
        42000          0.00          0.00          1.14        328.05
        42001          0.00          0.00          0.53        153.09
        42002          0.00          0.00          0.33         95.68
        42003          0.00          0.00          0.53        153.09
        42004          0.00          0.00          0.33         95.68
        42005          0.00          0.00          1.14        328.05
        50000          0.00          0.00          0.00        262.44
        50001          0.00          0.00          0.00         21.32
        50002          0.00          0.00          0.00         25.27
        50003          0.00          0.00          0.00         21.32
        50004          0.00          0.00          0.00         25.27
        50005          0.00          0.00          0.00        262.44
 X      99998          0.00          0.00          0.00          0.00
        99999          0.00          0.00          0.00          0.00

1
 ESATAN-TMS  2025                                                      Page     3
 16 February  2026  10:31:22                                  DRAGOSAT_V2_GEO_HOT





  TIMEN =    605.02      MODULE SLCRNC      DTIMEU =   60.5025
 CSGMIN =    0.7304  AT NODE 10610 IN SUB-MODEL  
+                                                DRAGOSAT_V2_GEO_HOT             


 TABLE OUTPUT WITH ZENTS = 'L,T,QS,QE,QA,QI,C'
 FOR NODES OF ZLABEL = ' '

 ================================================================================


+DRAGOSAT_V2_GEO_HOT                                                             


          NODE   LABEL                              T             QS            

          100    MLI                             107.85          0.00
          101    MLI                             107.94          0.00
          102    MLI                             107.62          0.00
          103    MLI                             107.72          0.00
          104    MLI                             107.48          0.00
          105    MLI                             107.99          0.00
          106    MLI                             107.66          0.00
          107    MLI                             108.00          0.00
          108    MLI                             107.61          0.00
          109    MLI                             107.80          0.00
          110    MLI                             107.73          0.00
          111    MLI                             107.80          0.00
          112    MLI                             107.69          0.00
          113    MLI                             107.86          0.00
          114    MLI                             107.65          0.00
          115    MLI                             107.60          0.00
          150    MLI                              70.80          0.00
          151    MLI                              70.95          0.00
          152    MLI                              70.92          0.00
          153    MLI                              70.68          0.00
          154    MLI                              70.90          0.00
          155    MLI                              71.15          0.00
          156    MLI                              71.11          0.00
          157    MLI                              70.91          0.00
          158    MLI                              70.88          0.00
          159    MLI                              71.09          0.00
          160    MLI                              71.12          0.00
          161    MLI                              70.87          0.00
          162    MLI                              69.80          0.00
          163    MLI                              69.67          0.00
          164    MLI                              69.70          0.00
          165    MLI                              69.64          0.00
          200    MLI                              -8.31          0.00
          201    MLI                              -4.95          0.00
          202    MLI                              -3.75          0.02
          203    MLI                              -9.10          0.04
          204    MLI                              -3.72          0.00
          205    MLI                              -4.14          0.00
          206    MLI                              -2.89          0.04
          207    MLI                              -0.60          0.06
          208    MLI                              -2.37          0.00
          209    MLI                              -2.99          0.00
          210    MLI                               1.52          0.06
          211    MLI                              -1.28          0.07
          212    MLI                             -10.90          0.00
          213    MLI                              -7.18          0.01
          214    MLI                              -5.48          0.06
          215    MLI                              -5.12          0.06
          250    MLI                              56.39          0.00
          251    MLI                              55.78          0.00
          252    MLI                              55.71          0.00
          253    MLI                              56.11          0.00
          254    MLI                              56.45          0.00
          255    MLI                              55.25          0.00
          256    MLI                              55.24          0.00
          257    MLI                              56.25          0.00
          258    MLI                              56.57          0.00
          259    MLI                              55.41          0.00
          260    MLI                              55.39          0.00
          261    MLI                              56.22          0.00
          262    MLI                              55.16          0.00
          263    MLI                              54.28          0.00
          264    MLI                              54.22          0.00
          265    MLI                              55.09          0.00
          300    MLI                             189.00          2.18
          301    MLI                             188.86          2.18
          302    MLI                             189.28          2.18
          303    MLI                             188.90          2.18
          304    MLI                             188.90          2.18
          305    MLI                             189.20          2.18
          306    MLI                             189.18          2.18
          307    MLI                             188.76          2.18
          308    MLI                             188.75          2.18
          309    MLI                             189.27          2.18
          310    MLI                             189.46          2.18
          311    MLI                             188.99          2.18
          312    MLI                             189.35          2.18
          313    MLI                             189.07          2.18
          314    MLI                             189.01          2.18
          315    MLI                             189.14          2.18
          350    MLI                              70.55          0.00
          351    MLI                              70.69          0.00
          352    MLI                              70.76          0.00
          353    MLI                              70.52          0.00
          354    MLI                              70.59          0.00
          355    MLI                              70.78          0.00
          356    MLI                              70.83          0.00
          357    MLI                              70.60          0.00
          358    MLI                              70.56          0.00
          359    MLI                              70.85          0.00
          360    MLI                              70.80          0.00
          361    MLI                              70.57          0.00
          362    MLI                              69.47          0.00
          363    MLI                              69.42          0.00
          364    MLI                              69.42          0.00
          365    MLI                              69.59          0.00
          400    MLI                             122.05          0.55
          401    MLI                             122.69          0.53
          402    MLI                             122.45          0.50
          403    MLI                             121.77          0.50
          404    MLI                             124.72          0.56
          405    MLI                             123.07          0.55
          406    MLI                             123.34          0.50
          407    MLI                             123.31          0.50
          408    MLI                             125.65          0.57
          409    MLI                             125.50          0.57
          410    MLI                             122.10          0.51
          411    MLI                             122.68          0.50
          412    MLI                             123.52          0.56
          413    MLI                             123.56          0.57
          414    MLI                             121.55          0.51
          415    MLI                             120.18          0.50
          450    MLI                              66.68          0.00
          451    MLI                              66.30          0.00
          452    MLI                              66.32          0.00
          453    MLI                              66.94          0.00
          454    MLI                              66.57          0.00
          455    MLI                              65.72          0.00
          456    MLI                              65.99          0.00
          457    MLI                              66.97          0.00
          458    MLI                              66.50          0.00
          459    MLI                              65.88          0.00
          460    MLI                              65.96          0.00
          461    MLI                              66.93          0.00
          462    MLI                              65.59          0.00
          463    MLI                              64.94          0.00
          464    MLI                              65.12          0.00
          465    MLI                              65.91          0.00
          500    MLI                             175.17          1.15
          501    MLI                             169.50          0.93
          502    MLI                             168.79          0.91
          503    MLI                             174.73          1.13
          504    MLI                             177.49          1.17
          507    MLI                             173.24          1.10
          508    MLI                             177.44          1.17
          511    MLI                             173.59          1.11
          512    MLI                             175.21          1.15
          513    MLI                             177.36          1.24
          514    MLI                             178.21          1.25
          515    MLI                             175.22          1.15
          550    MLI                              67.89          0.00
          551    MLI                              66.04          0.00
          552    MLI                              66.07          0.00
          553    MLI                              67.68          0.00
          554    MLI                              66.29          0.00
          557    MLI                              65.74          0.00
          558    MLI                              66.30          0.00
          561    MLI                              65.92          0.00
          562    MLI                              67.62          0.00
          563    MLI                              66.33          0.00
          564    MLI                              66.27          0.00
          565    MLI                              67.66          0.00
          600    MLI                              86.38          0.00
          601    MLI                              82.17          0.00
          602    MLI                              87.05          0.00
          603    MLI                              85.95          0.00
          604    MLI                              86.50          0.00
          605    MLI                              83.69          0.00
          606    MLI                              88.97          0.01
          607    MLI                              87.24          0.01
          608    MLI                              86.84          0.01
          609    MLI                              85.33          0.05
          610    MLI                              90.47          0.08
          611    MLI                              87.05          0.01
          612    MLI                              86.62          0.01
          613    MLI                              80.40          0.03
          614    MLI                              87.83          0.04
          615    MLI                              86.18          0.01
          650    MLI                              64.55          0.00
          651    MLI                              64.04          0.00
          652    MLI                              64.75          0.00
          653    MLI                              64.52          0.00
          654    MLI                              64.26          0.00
          655    MLI                              63.92          0.00
          656    MLI                              64.67          0.00
          657    MLI                              64.36          0.00
          658    MLI                              64.26          0.00
          659    MLI                              63.91          0.00
          660    MLI                              64.59          0.00
          661    MLI                              64.31          0.00
          662    MLI                              64.47          0.00
          663    MLI                              63.63          0.00
          664    MLI                              64.70          0.00
          665    MLI                              64.45          0.00
        10000    Body_Panel                       63.33          0.00
        10001    Body_Panel                       63.35          0.00
        10002    Body_Panel                       63.35          0.00
        10003    Body_Panel                       63.35          0.00
        10004    Body_Panel                       63.34          0.00
        10005    Body_Panel                       63.34          0.00
        10006    Body_Panel                       63.35          0.00
        10007    Body_Panel                       63.36          0.00
        10008    Body_Panel                       63.36          0.00
        10009    Body_Panel                       63.34          0.00
        10010    Body_Panel                       63.33          0.00
        10011    Body_Panel                       63.34          0.00
        10012    Body_Panel                       63.35          0.00
        10013    Body_Panel                       63.35          0.00
        10014    Body_Panel                       63.34          0.00
        10015    Body_Panel                       63.30          0.00
        10016    Body_Panel                       63.31          0.00
        10017    Body_Panel                       63.32          0.00
        10018    Body_Panel                       63.32          0.00
        10019    Body_Panel                       63.31          0.00
        10020    Body_Panel                       63.29          0.00
        10021    Body_Panel                       63.29          0.00
        10022    Body_Panel                       63.30          0.00
        10023    Body_Panel                       63.30          0.00
        10024    Body_Panel                       63.30          0.00
        10100    Body_Panel                       61.17          0.00
        10101    Body_Panel                       60.90          0.00
        10102    Body_Panel                       60.52          0.00
        10103    Body_Panel                       60.81          0.00
        10104    Body_Panel                       61.02          0.00
        10105    Body_Panel                       61.28          0.00
        10106    Body_Panel                       60.96          0.00
        10107    Body_Panel                       60.30          0.00
        10108    Body_Panel                       60.86          0.00
        10109    Body_Panel                       61.12          0.00
        10110    Body_Panel                       61.35          0.00
        10111    Body_Panel                       60.92          0.00
        10112    Body_Panel                       59.64          0.00
        10113    Body_Panel                       60.79          0.00
        10114    Body_Panel                       61.14          0.00
        10115    Body_Panel                       61.58          0.00
        10116    Body_Panel                       61.19          0.00
        10117    Body_Panel                       60.38          0.00
        10118    Body_Panel                       61.02          0.00
        10119    Body_Panel                       61.29          0.00
        10120    Body_Panel                       61.43          0.00
        10121    Body_Panel                       61.10          0.00
        10122    Body_Panel                       60.63          0.00
        10123    Body_Panel                       60.95          0.00
        10124    Body_Panel                       61.18          0.00
        10300    Body_Panel                       62.65          0.00
        10301    Body_Panel                       62.66          0.00
        10302    Body_Panel                       62.66          0.00
        10303    Body_Panel                       62.65          0.00
        10304    Body_Panel                       62.64          0.00
        10305    Body_Panel                       62.65          0.00
        10306    Body_Panel                       62.66          0.00
        10307    Body_Panel                       62.66          0.00
        10308    Body_Panel                       62.66          0.00
        10309    Body_Panel                       62.65          0.00
        10310    Body_Panel                       62.64          0.00
        10311    Body_Panel                       62.65          0.00
        10312    Body_Panel                       62.65          0.00
        10313    Body_Panel                       62.65          0.00
        10314    Body_Panel                       62.64          0.00
        10315    Body_Panel                       62.62          0.00
        10316    Body_Panel                       62.62          0.00
        10317    Body_Panel                       62.63          0.00
        10318    Body_Panel                       62.62          0.00
        10319    Body_Panel                       62.62          0.00
        10320    Body_Panel                       62.61          0.00
        10321    Body_Panel                       62.61          0.00
        10322    Body_Panel                       62.61          0.00
        10323    Body_Panel                       62.61          0.00
        10324    Body_Panel                       62.60          0.00
        10400    Body_Panel                       60.79          0.00
        10401    Body_Panel                       60.67          0.00
        10402    Body_Panel                       60.47          0.00
        10403    Body_Panel                       60.81          0.00
        10404    Body_Panel                       61.04          0.00
        10405    Body_Panel                       60.85          0.00
        10406    Body_Panel                       60.71          0.00
        10407    Body_Panel                       60.29          0.00
        10408    Body_Panel                       60.87          0.00
        10409    Body_Panel                       61.14          0.00
        10410    Body_Panel                       60.76          0.00
        10411    Body_Panel                       60.61          0.00
        10412    Body_Panel                       59.74          0.00
        10413    Body_Panel                       60.81          0.00
        10414    Body_Panel                       61.15          0.00
        10415    Body_Panel                       60.72          0.00
        10416    Body_Panel                       60.77          0.00
        10417    Body_Panel                       60.50          0.00
        10418    Body_Panel                       61.01          0.00
        10419    Body_Panel                       61.28          0.00
        10420    Body_Panel                       60.70          0.00
        10421    Body_Panel                       60.70          0.00
        10422    Body_Panel                       60.62          0.00
        10423    Body_Panel                       60.94          0.00
        10424    Body_Panel                       61.17          0.00
        10500    Body_Panel                       54.69          0.00
        10501    Body_Panel                       54.66          0.00
        10502    Body_Panel                       54.64          0.00
        10503    Body_Panel                       54.66          0.00
        10504    Body_Panel                       54.70          0.00
        10505    Body_Panel                       54.63          0.00
        10506    Body_Panel                       54.52          0.00
        10507    Body_Panel                       54.49          0.00
        10508    Body_Panel                       54.52          0.00
        10509    Body_Panel                       54.62          0.00
        10510    Body_Panel                       54.60          0.00
        10511    Body_Panel                       54.49          0.00
        10512    Body_Panel                       54.47          0.00
        10513    Body_Panel                       54.48          0.00
        10514    Body_Panel                       54.57          0.00
        10515    Body_Panel                       54.62          0.00
        10516    Body_Panel                       54.51          0.00
        10517    Body_Panel                       54.48          0.00
        10518    Body_Panel                       54.49          0.00
        10519    Body_Panel                       54.56          0.00
        10520    Body_Panel                       54.68          0.00
        10521    Body_Panel                       54.64          0.00
        10522    Body_Panel                       54.60          0.00
        10523    Body_Panel                       54.59          0.00
        10524    Body_Panel                       54.62          0.00
        10600    Body_Panel                       61.44          0.00
        10601    Body_Panel                       61.44          0.00
        10602    Body_Panel                       61.44          0.00
        10603    Body_Panel                       61.45          0.00
        10604    Body_Panel                       61.43          0.00
        10605    Body_Panel                       61.41          0.00
        10606    Body_Panel                       61.41          0.00
        10607    Body_Panel                       61.44          0.00
        10608    Body_Panel                       61.43          0.00
        10609    Body_Panel                       61.41          0.00
        10610    Body_Panel                       61.41          0.00
        10611    Body_Panel                       61.44          0.00
        10612    Body_Panel                       61.44          0.00
        10613    Body_Panel                       61.43          0.00
        10614    Body_Panel                       61.44          0.00
        10615    Body_Panel                       61.45          0.00
        10650    Body_Inf                         61.44          0.00
        10651    Body_Inf                         61.43          0.00
        10652    Body_Inf                         61.44          0.00
        10653    Body_Inf                         61.45          0.00
        10654    Body_Inf                         61.43          0.00
        10655    Body_Inf                         61.41          0.00
        10656    Body_Inf                         61.41          0.00
        10657    Body_Inf                         61.44          0.00
        10658    Body_Inf                         61.43          0.00
        10659    Body_Inf                         61.41          0.00
        10660    Body_Inf                         61.41          0.00
        10661    Body_Inf                         61.44          0.00
        10662    Body_Inf                         61.44          0.00
        10663    Body_Inf                         61.43          0.00
        10664    Body_Inf                         61.44          0.00
        10665    Body_Inf                         61.45          0.00
        11000    BODY_TRAY                        62.65          0.00
        11001    BODY_TRAY                        62.82          0.00
        11002    BODY_TRAY                        62.83          0.00
        11003    BODY_TRAY                        62.60          0.00
        11004    BODY_TRAY                        62.67          0.00
        11005    BODY_TRAY                        62.87          0.00
        11006    BODY_TRAY                        62.92          0.00
        11007    BODY_TRAY                        62.65          0.00
        11008    BODY_TRAY                        62.63          0.00
        11009    BODY_TRAY                        62.84          0.00
        11010    BODY_TRAY                        62.88          0.00
        11011    BODY_TRAY                        62.61          0.00
        11012    BODY_TRAY                        62.49          0.00
        11013    BODY_TRAY                        62.71          0.00
        11014    BODY_TRAY                        62.72          0.00
        11015    BODY_TRAY                        62.50          0.00
        11100    BODY_TRAY                        66.42          0.00
        11101    BODY_TRAY                        66.58          0.00
        11102    BODY_TRAY                        66.15          0.00
        11103    BODY_TRAY                        65.49          0.00
        11104    BODY_TRAY                        67.00          0.00
        11105    BODY_TRAY                        67.13          0.00
        11106    BODY_TRAY                        66.45          0.00
        11107    BODY_TRAY                        65.66          0.00
        11108    BODY_TRAY                        68.27          0.00
        11109    BODY_TRAY                        68.33          0.00
        11110    BODY_TRAY                        66.90          0.00
        11111    BODY_TRAY                        65.90          0.00
        11112    BODY_TRAY                        68.62          0.00
        11113    BODY_TRAY                        68.64          0.00
        11114    BODY_TRAY                        67.11          0.00
        11115    BODY_TRAY                        66.04          0.00
        20000    SPS_STR                          52.68          1.80
        20001    SPS_STR                          52.66          0.95
        20002    SPS_STR                          52.65          0.93
        20003    SPS_STR                          52.67          1.80
        20004    SPS_STR                          52.79          1.23
        20005    SPS_STR                          52.77          0.00
        20006    SPS_STR                          52.76          0.00
        20007    SPS_STR                          52.78          1.21
        20008    SPS_STR                          53.15          1.23
        20009    SPS_STR                          53.12          0.01
        20010    SPS_STR                          53.12          0.01
        20011    SPS_STR                          53.14          1.25
        20012    SPS_STR                          53.78          1.23
        20013    SPS_STR                          53.76          0.01
        20014    SPS_STR                          53.76          0.01
        20015    SPS_STR                          53.77          1.22
        20016    SPS_STR                          54.54          1.25
        20017    SPS_STR                          54.55          0.03
        20018    SPS_STR                          54.54          0.03
        20019    SPS_STR                          54.52          1.26
        20020    SPS_STR                          55.27          1.86
        20021    SPS_STR                          55.49          1.01
        20022    SPS_STR                          55.49          1.02
        20023    SPS_STR                          55.25          1.89
        20100    SPS_STR                          54.53          1.76
        20101    SPS_STR                          54.79          0.95
        20102    SPS_STR                          54.78          0.97
        20103    SPS_STR                          54.51          1.76
        20104    SPS_STR                          53.80          1.24
        20105    SPS_STR                          53.82          0.00
        20106    SPS_STR                          53.81          0.00
        20107    SPS_STR                          53.79          1.22
        20108    SPS_STR                          53.08          1.21
        20109    SPS_STR                          53.06          0.00
        20110    SPS_STR                          53.06          0.00
        20111    SPS_STR                          53.07          1.23
        20112    SPS_STR                          52.46          1.22
        20113    SPS_STR                          52.44          0.00
        20114    SPS_STR                          52.44          0.00
        20115    SPS_STR                          52.46          1.24
        20116    SPS_STR                          52.12          1.22
        20117    SPS_STR                          52.09          0.00
        20118    SPS_STR                          52.09          0.00
        20119    SPS_STR                          52.12          1.24
        20120    SPS_STR                          52.00          1.78
        20121    SPS_STR                          51.98          0.88
        20122    SPS_STR                          51.97          0.90
        20123    SPS_STR                          52.00          1.79
        21000    SPS_CELL                         53.13          1.23
        21001    SPS_CELL                         53.27          1.23
        21002    SPS_CELL                         53.59          1.23
        21003    SPS_CELL                         54.21          1.23
        21004    SPS_CELL                         54.90          1.24
        21005    SPS_CELL                         55.57          1.25
        21006    SPS_CELL                         53.12          1.23
        21007    SPS_CELL                         53.25          1.23
        21008    SPS_CELL                         53.57          1.23
        21009    SPS_CELL                         54.21          1.23
        21010    SPS_CELL                         54.91          1.24
        21011    SPS_CELL                         55.67          1.25
        21012    SPS_CELL                         53.12          1.23
        21013    SPS_CELL                         53.25          1.23
        21014    SPS_CELL                         53.57          1.23
        21015    SPS_CELL                         54.21          1.23
        21016    SPS_CELL                         54.91          1.24
        21017    SPS_CELL                         55.71          1.25
        21018    SPS_CELL                         53.12          1.23
        21019    SPS_CELL                         53.25          1.23
        21020    SPS_CELL                         53.57          1.23
        21021    SPS_CELL                         54.21          1.23
        21022    SPS_CELL                         54.92          1.24
        21023    SPS_CELL                         55.72          1.25
        21024    SPS_CELL                         53.13          1.23
        21025    SPS_CELL                         53.26          1.23
        21026    SPS_CELL                         53.58          1.23
        21027    SPS_CELL                         54.21          1.23
        21028    SPS_CELL                         54.92          1.24
        21029    SPS_CELL                         55.69          1.25
        21030    SPS_CELL                         53.14          1.23
        21031    SPS_CELL                         53.27          1.23
        21032    SPS_CELL                         53.60          1.23
        21033    SPS_CELL                         54.22          1.23
        21034    SPS_CELL                         54.91          1.24
        21035    SPS_CELL                         55.60          1.25
        21100    SPS_CELL                         54.82          1.23
        21101    SPS_CELL                         54.16          1.23
        21102    SPS_CELL                         53.51          1.23
        21103    SPS_CELL                         52.91          1.23
        21104    SPS_CELL                         52.60          1.23
        21105    SPS_CELL                         52.46          1.23
        21106    SPS_CELL                         54.93          1.23
        21107    SPS_CELL                         54.17          1.23
        21108    SPS_CELL                         53.51          1.23
        21109    SPS_CELL                         52.90          1.23
        21110    SPS_CELL                         52.58          1.23
        21111    SPS_CELL                         52.45          1.23
        21112    SPS_CELL                         54.97          1.23
        21113    SPS_CELL                         54.18          1.23
        21114    SPS_CELL                         53.50          1.23
        21115    SPS_CELL                         52.89          1.23
        21116    SPS_CELL                         52.58          1.23
        21117    SPS_CELL                         52.45          1.23
        21118    SPS_CELL                         54.98          1.23
        21119    SPS_CELL                         54.18          1.23
        21120    SPS_CELL                         53.51          1.23
        21121    SPS_CELL                         52.89          1.23
        21122    SPS_CELL                         52.58          1.23
        21123    SPS_CELL                         52.45          1.23
        21124    SPS_CELL                         54.94          1.23
        21125    SPS_CELL                         54.18          1.23
        21126    SPS_CELL                         53.51          1.23
        21127    SPS_CELL                         52.90          1.23
        21128    SPS_CELL                         52.58          1.23
        21129    SPS_CELL                         52.45          1.23
        21130    SPS_CELL                         54.84          1.23
        21131    SPS_CELL                         54.18          1.23
        21132    SPS_CELL                         53.52          1.23
        21133    SPS_CELL                         52.91          1.23
        21134    SPS_CELL                         52.60          1.23
        21135    SPS_CELL                         52.47          1.23
        30100    IR_CAM_STR                       42.51          0.13
        30101    IR_CAM_STR                       42.81          0.21
        30102    IR_CAM_STR                       50.84          0.00
        30103    IR_CAM_STR                       50.87          0.00
        31000    IR_CAM_ELECT                     79.23          0.00
        31001    IR_CAM_ELECT                     66.51          0.00
        31002    IR_CAM_ELECT                     66.83          0.00
        31003    IR_CAM_ELECT                     66.57          0.00
        31004    IR_CAM_ELECT                     66.73          0.00
        31005    IR_CAM_ELECT                     51.62          0.00
        31100    IR_CAM_ELECT                      0.00          0.00
        32000    IR_CAM_LENS                     103.37          0.00
        40000    INS_EB                           54.62          0.00
        40001    INS_EB                           61.55          0.00
        40002    INS_EB                           62.59          0.00
        40003    INS_EB                           61.85          0.00
        40004    INS_EB                           61.51          0.00
        40005    INS_EB                           70.31          0.00
        40100    IR_EB                            73.15          0.00
        41000    INS_PLD_1                        80.44          0.00
        41001    INS_PLD_1                        77.55          0.00
        41002    INS_PLD_1                        76.25          0.00
        41003    INS_PLD_1                        79.94          0.00
        41004    INS_PLD_1                        75.94          0.00
        41005    INS_PLD_1                        62.99          0.00
        42000    INS_PLD_2                        78.63          0.00
        42001    INS_PLD_2                        79.74          0.00
        42002    INS_PLD_2                        77.94          0.00
        42003    INS_PLD_2                        77.15          0.00
        42004    INS_PLD_2                        77.70          0.00
        42005    INS_PLD_2                        63.15          0.00
        50000    Radiator                          9.08          1.76
        50001    Radiator                         33.59          0.06
        50002    Radiator                         31.99          0.00
        50003    Radiator                         31.46          0.01
        50004    Radiator                         36.22          0.20
        50005    Radiator                         54.43          0.00
 X      99998    INACTIVE_NODE                     0.00          0.00
        99999    ENVIRONMENT                    -270.00          0.00



          NODE          QE            QA            QI            C             

          100          0.02          0.03          0.00         11.48
          101          0.02          0.03          0.00         11.48
          102          0.02          0.03          0.00         11.48
          103          0.02          0.03          0.00         11.48
          104          0.02          0.03          0.00         11.48
          105          0.02          0.03          0.00         11.48
          106          0.02          0.03          0.00         11.48
          107          0.02          0.03          0.00         11.48
          108          0.02          0.03          0.00         11.48
          109          0.02          0.03          0.00         11.48
          110          0.02          0.03          0.00         11.48
          111          0.02          0.03          0.00         11.48
          112          0.02          0.03          0.00         11.48
          113          0.02          0.03          0.00         11.48
          114          0.02          0.03          0.00         11.48
          115          0.02          0.03          0.00         11.48
          150          0.00          0.00          0.00         11.48
          151          0.00          0.00          0.00         11.48
          152          0.00          0.00          0.00         11.48
          153          0.00          0.00          0.00         11.48
          154          0.00          0.00          0.00         11.48
          155          0.00          0.00          0.00         11.48
          156          0.00          0.00          0.00         11.48
          157          0.00          0.00          0.00         11.48
          158          0.00          0.00          0.00         11.48
          159          0.00          0.00          0.00         11.48
          160          0.00          0.00          0.00         11.48
          161          0.00          0.00          0.00         11.48
          162          0.00          0.00          0.00         11.48
          163          0.00          0.00          0.00         11.48
          164          0.00          0.00          0.00         11.48
          165          0.00          0.00          0.00         11.48
          200          0.02          0.04          0.00          9.68
          201          0.02          0.04          0.00          9.68
          202          0.02          0.04          0.00          9.68
          203          0.02          0.04          0.00          9.68
          204          0.02          0.04          0.00          9.68
          205          0.02          0.04          0.00          9.68
          206          0.02          0.04          0.00          9.68
          207          0.02          0.04          0.00          9.68
          208          0.02          0.04          0.00          9.68
          209          0.02          0.03          0.00          9.68
          210          0.02          0.03          0.00          9.68
          211          0.02          0.04          0.00          9.68
          212          0.02          0.03          0.00          9.68
          213          0.02          0.03          0.00          9.68
          214          0.01          0.03          0.00          9.68
          215          0.02          0.03          0.00          9.68
          250          0.00          0.00          0.00          9.68
          251          0.00          0.00          0.00          9.68
          252          0.00          0.00          0.00          9.68
          253          0.00          0.00          0.00          9.68
          254          0.00          0.00          0.00          9.68
          255          0.00          0.00          0.00          9.68
          256          0.00          0.00          0.00          9.68
          257          0.00          0.00          0.00          9.68
          258          0.00          0.00          0.00          9.68
          259          0.00          0.00          0.00          9.68
          260          0.00          0.00          0.00          9.68
          261          0.00          0.00          0.00          9.68
          262          0.00          0.00          0.00          9.68
          263          0.00          0.00          0.00          9.68
          264          0.00          0.00          0.00          9.68
          265          0.00          0.00          0.00          9.68
          300          0.02          0.07          0.00         11.48
          301          0.02          0.07          0.00         11.48
          302          0.02          0.07          0.00         11.48
          303          0.02          0.07          0.00         11.48
          304          0.02          0.07          0.00         11.48
          305          0.02          0.07          0.00         11.48
          306          0.02          0.07          0.00         11.48
          307          0.02          0.06          0.00         11.48
          308          0.02          0.06          0.00         11.48
          309          0.02          0.07          0.00         11.48
          310          0.02          0.07          0.00         11.48
          311          0.02          0.07          0.00         11.48
          312          0.02          0.07          0.00         11.48
          313          0.02          0.07          0.00         11.48
          314          0.02          0.07          0.00         11.48
          315          0.02          0.07          0.00         11.48
          350          0.00          0.00          0.00         11.48
          351          0.00          0.00          0.00         11.48
          352          0.00          0.00          0.00         11.48
          353          0.00          0.00          0.00         11.48
          354          0.00          0.00          0.00         11.48
          355          0.00          0.00          0.00         11.48
          356          0.00          0.00          0.00         11.48
          357          0.00          0.00          0.00         11.48
          358          0.00          0.00          0.00         11.48
          359          0.00          0.00          0.00         11.48
          360          0.00          0.00          0.00         11.48
          361          0.00          0.00          0.00         11.48
          362          0.00          0.00          0.00         11.48
          363          0.00          0.00          0.00         11.48
          364          0.00          0.00          0.00         11.48
          365          0.00          0.00          0.00         11.48
          400          0.02          0.05          0.00          9.68
          401          0.02          0.05          0.00          9.68
          402          0.02          0.05          0.00          9.68
          403          0.02          0.05          0.00          9.68
          404          0.02          0.04          0.00          9.68
          405          0.02          0.04          0.00          9.68
          406          0.02          0.05          0.00          9.68
          407          0.02          0.05          0.00          9.68
          408          0.02          0.04          0.00          9.68
          409          0.02          0.04          0.00          9.68
          410          0.02          0.04          0.00          9.68
          411          0.02          0.04          0.00          9.68
          412          0.01          0.04          0.00          9.68
          413          0.01          0.03          0.00          9.68
          414          0.02          0.04          0.00          9.68
          415          0.02          0.04          0.00          9.68
          450          0.00          0.00          0.00          9.68
          451          0.00          0.00          0.00          9.68
          452          0.00          0.00          0.00          9.68
          453          0.00          0.00          0.00          9.68
          454          0.00          0.00          0.00          9.68
          455          0.00          0.00          0.00          9.68
          456          0.00          0.00          0.00          9.68
          457          0.00          0.00          0.00          9.68
          458          0.00          0.00          0.00          9.68
          459          0.00          0.00          0.00          9.68
          460          0.00          0.00          0.00          9.68
          461          0.00          0.00          0.00          9.68
          462          0.00          0.00          0.00          9.68
          463          0.00          0.00          0.00          9.68
          464          0.00          0.00          0.00          9.68
          465          0.00          0.00          0.00          9.68
          500          0.00          0.00          0.00         18.22
          501          0.00          0.00          0.00         18.22
          502          0.00          0.00          0.00         18.22
          503          0.00          0.00          0.00         18.22
          504          0.00          0.00          0.00         18.22
          507          0.00          0.00          0.00         18.22
          508          0.00          0.00          0.00         18.22
          511          0.00          0.00          0.00         18.22
          512          0.00          0.00          0.00         18.22
          513          0.00          0.00          0.00         18.22
          514          0.00          0.00          0.00         18.22
          515          0.00          0.00          0.00         18.22
          550          0.00          0.00          0.00         18.22
          551          0.00          0.00          0.00         18.22
          552          0.00          0.00          0.00         18.22
          553          0.00          0.00          0.00         18.22
          554          0.00          0.00          0.00         18.22
          557          0.00          0.00          0.00         18.22
          558          0.00          0.00          0.00         18.22
          561          0.00          0.00          0.00         18.22
          562          0.00          0.00          0.00         18.22
          563          0.00          0.00          0.00         18.22
          564          0.00          0.00          0.00         18.22
          565          0.00          0.00          0.00         18.22
          600          0.12          0.28          0.00         18.22
          601          0.12          0.27          0.00         18.22
          602          0.12          0.28          0.00         18.22
          603          0.12          0.28          0.00         18.22
          604          0.12          0.28          0.00         18.22
          605          0.09          0.21          0.00         15.84
          606          0.09          0.22          0.00         15.84
          607          0.12          0.28          0.00         18.22
          608          0.12          0.28          0.00         18.22
          609          0.10          0.23          0.00         15.84
          610          0.10          0.24          0.00         15.84
          611          0.12          0.28          0.00         18.22
          612          0.12          0.28          0.00         18.22
          613          0.12          0.28          0.00         18.22
          614          0.12          0.28          0.00         18.22
          615          0.12          0.28          0.00         18.22
          650          0.00          0.00          0.00         18.22
          651          0.00          0.00          0.00         18.22
          652          0.00          0.00          0.00         18.22
          653          0.00          0.00          0.00         18.22
          654          0.00          0.00          0.00         18.22
          655          0.00          0.00          0.00         15.84
          656          0.00          0.00          0.00         15.84
          657          0.00          0.00          0.00         18.22
          658          0.00          0.00          0.00         18.22
          659          0.00          0.00          0.00         15.84
          660          0.00          0.00          0.00         15.84
          661          0.00          0.00          0.00         18.22
          662          0.00          0.00          0.00         18.22
          663          0.00          0.00          0.00         18.22
          664          0.00          0.00          0.00         18.22
          665          0.00          0.00          0.00         18.22
        10000          0.00          0.00          0.00         43.74
        10001          0.00          0.00          0.00         43.74
        10002          0.00          0.00          0.00         43.74
        10003          0.00          0.00          0.00         43.74
        10004          0.00          0.00          0.00         43.74
        10005          0.00          0.00          0.00         43.74
        10006          0.00          0.00          0.00         43.74
        10007          0.00          0.00          0.00         43.74
        10008          0.00          0.00          0.00         43.74
        10009          0.00          0.00          0.00         43.74
        10010          0.00          0.00          0.00         43.74
        10011          0.00          0.00          0.00         43.74
        10012          0.00          0.00          0.00         43.74
        10013          0.00          0.00          0.00         43.74
        10014          0.00          0.00          0.00         43.74
        10015          0.00          0.00          0.00         43.74
        10016          0.00          0.00          0.00         43.74
        10017          0.00          0.00          0.00         43.74
        10018          0.00          0.00          0.00         43.74
        10019          0.00          0.00          0.00         43.74
        10020          0.00          0.00          0.00         43.74
        10021          0.00          0.00          0.00         43.74
        10022          0.00          0.00          0.00         43.74
        10023          0.00          0.00          0.00         43.74
        10024          0.00          0.00          0.00         43.74
        10100          0.00          0.00          0.00         36.45
        10101          0.00          0.00          0.00         36.45
        10102          0.00          0.00          0.00         36.45
        10103          0.00          0.00          0.00         36.45
        10104          0.00          0.00          0.00         36.45
        10105          0.00          0.00          0.00         36.45
        10106          0.00          0.00          0.00         36.45
        10107          0.00          0.00          0.00         36.45
        10108          0.00          0.00          0.00         36.45
        10109          0.00          0.00          0.00         36.45
        10110          0.00          0.00          0.00         36.45
        10111          0.00          0.00          0.00         36.45
        10112          0.00          0.00          0.00         36.45
        10113          0.00          0.00          0.00         36.45
        10114          0.00          0.00          0.00         36.45
        10115          0.00          0.00          0.00         36.45
        10116          0.00          0.00          0.00         36.45
        10117          0.00          0.00          0.00         36.45
        10118          0.00          0.00          0.00         36.45
        10119          0.00          0.00          0.00         36.45
        10120          0.00          0.00          0.00         36.45
        10121          0.00          0.00          0.00         36.45
        10122          0.00          0.00          0.00         36.45
        10123          0.00          0.00          0.00         36.45
        10124          0.00          0.00          0.00         36.45
        10300          0.00          0.00          0.00         43.74
        10301          0.00          0.00          0.00         43.74
        10302          0.00          0.00          0.00         43.74
        10303          0.00          0.00          0.00         43.74
        10304          0.00          0.00          0.00         43.74
        10305          0.00          0.00          0.00         43.74
        10306          0.00          0.00          0.00         43.74
        10307          0.00          0.00          0.00         43.74
        10308          0.00          0.00          0.00         43.74
        10309          0.00          0.00          0.00         43.74
        10310          0.00          0.00          0.00         43.74
        10311          0.00          0.00          0.00         43.74
        10312          0.00          0.00          0.00         43.74
        10313          0.00          0.00          0.00         43.74
        10314          0.00          0.00          0.00         43.74
        10315          0.00          0.00          0.00         43.74
        10316          0.00          0.00          0.00         43.74
        10317          0.00          0.00          0.00         43.74
        10318          0.00          0.00          0.00         43.74
        10319          0.00          0.00          0.00         43.74
        10320          0.00          0.00          0.00         43.74
        10321          0.00          0.00          0.00         43.74
        10322          0.00          0.00          0.00         43.74
        10323          0.00          0.00          0.00         43.74
        10324          0.00          0.00          0.00         43.74
        10400          0.00          0.00          0.00         36.45
        10401          0.00          0.00          0.00         36.45
        10402          0.00          0.00          0.00         36.45
        10403          0.00          0.00          0.00         36.45
        10404          0.00          0.00          0.00         36.45
        10405          0.00          0.00          0.00         36.45
        10406          0.00          0.00          0.00         36.45
        10407          0.00          0.00          0.00         36.45
        10408          0.00          0.00          0.00         36.45
        10409          0.00          0.00          0.00         36.45
        10410          0.00          0.00          0.00         36.45
        10411          0.00          0.00          0.00         36.45
        10412          0.00          0.00          0.00         36.45
        10413          0.00          0.00          0.00         36.45
        10414          0.00          0.00          0.00         36.45
        10415          0.00          0.00          0.00         36.45
        10416          0.00          0.00          0.00         36.45
        10417          0.00          0.00          0.00         36.45
        10418          0.00          0.00          0.00         36.45
        10419          0.00          0.00          0.00         36.45
        10420          0.00          0.00          0.00         36.45
        10421          0.00          0.00          0.00         36.45
        10422          0.00          0.00          0.00         36.45
        10423          0.00          0.00          0.00         36.45
        10424          0.00          0.00          0.00         36.45
        10500          0.00          0.00          0.00         72.90
        10501          0.00          0.00          0.00         72.90
        10502          0.00          0.00          0.00         72.90
        10503          0.00          0.00          0.00         72.90
        10504          0.00          0.00          0.00         72.90
        10505          0.00          0.00          0.00         72.90
        10506          0.00          0.00          0.00         72.90
        10507          0.00          0.00          0.00         72.90
        10508          0.00          0.00          0.00         72.90
        10509          0.00          0.00          0.00         72.90
        10510          0.00          0.00          0.00         72.90
        10511          0.00          0.00          0.00         72.90
        10512          0.00          0.00          0.00         72.90
        10513          0.00          0.00          0.00         72.90
        10514          0.00          0.00          0.00         72.90
        10515          0.00          0.00          0.00         72.90
        10516          0.00          0.00          0.00         72.90
        10517          0.00          0.00          0.00         72.90
        10518          0.00          0.00          0.00         72.90
        10519          0.00          0.00          0.00         72.90
        10520          0.00          0.00          0.00         72.90
        10521          0.00          0.00          0.00         72.90
        10522          0.00          0.00          0.00         72.90
        10523          0.00          0.00          0.00         72.90
        10524          0.00          0.00          0.00         72.90
        10600          0.00          0.00          0.00         56.95
        10601          0.00          0.00          0.00         56.95
        10602          0.00          0.00          0.00         56.95
        10603          0.00          0.00          0.00         56.95
        10604          0.00          0.00          0.00         56.95
        10605          0.00          0.00          0.00         48.37
        10606          0.00          0.00          0.00         48.37
        10607          0.00          0.00          0.00         56.95
        10608          0.00          0.00          0.00         56.95
        10609          0.00          0.00          0.00         48.37
        10610          0.00          0.00          0.00         48.37
        10611          0.00          0.00          0.00         56.95
        10612          0.00          0.00          0.00         56.95
        10613          0.00          0.00          0.00         56.95
        10614          0.00          0.00          0.00         56.95
        10615          0.00          0.00          0.00         56.95
        10650          0.00          0.00          0.00         56.95
        10651          0.00          0.00          0.00         56.95
        10652          0.00          0.00          0.00         56.95
        10653          0.00          0.00          0.00         56.95
        10654          0.00          0.00          0.00         56.95
        10655          0.00          0.00          0.00         48.37
        10656          0.00          0.00          0.00         48.37
        10657          0.00          0.00          0.00         56.95
        10658          0.00          0.00          0.00         56.95
        10659          0.00          0.00          0.00         48.37
        10660          0.00          0.00          0.00         48.37
        10661          0.00          0.00          0.00         56.95
        10662          0.00          0.00          0.00         56.95
        10663          0.00          0.00          0.00         56.95
        10664          0.00          0.00          0.00         56.95
        10665          0.00          0.00          0.00         56.95
        11000          0.00          0.00          0.00        113.91
        11001          0.00          0.00          0.00        113.91
        11002          0.00          0.00          0.00        113.91
        11003          0.00          0.00          0.00        113.91
        11004          0.00          0.00          0.00        113.91
        11005          0.00          0.00          0.00        113.91
        11006          0.00          0.00          0.00        113.91
        11007          0.00          0.00          0.00        113.91
        11008          0.00          0.00          0.00        113.91
        11009          0.00          0.00          0.00        113.91
        11010          0.00          0.00          0.00        113.91
        11011          0.00          0.00          0.00        113.91
        11012          0.00          0.00          0.00        113.91
        11013          0.00          0.00          0.00        113.91
        11014          0.00          0.00          0.00        113.91
        11015          0.00          0.00          0.00        113.91
        11100          0.00          0.00          0.00        113.91
        11101          0.00          0.00          0.00        113.91
        11102          0.00          0.00          0.00        113.91
        11103          0.00          0.00          0.00        113.91
        11104          0.00          0.00          0.00        113.91
        11105          0.00          0.00          0.00        113.91
        11106          0.00          0.00          0.00        113.91
        11107          0.00          0.00          0.00        113.91
        11108          0.00          0.00          0.00        113.91
        11109          0.00          0.00          0.00        113.91
        11110          0.00          0.00          0.00        113.91
        11111          0.00          0.00          0.00        113.91
        11112          0.00          0.00          0.00        113.91
        11113          0.00          0.00          0.00        113.91
        11114          0.00          0.00          0.00        113.91
        11115          0.00          0.00          0.00        113.91
        20000          0.23          0.13          0.00         91.12
        20001          0.21          0.12          0.00         91.12
        20002          0.21          0.12          0.00         91.12
        20003          0.22          0.13          0.00         91.12
        20004          0.23          0.13          0.00         91.12
        20005          0.19          0.11          0.00         91.12
        20006          0.19          0.11          0.00         91.12
        20007          0.21          0.12          0.00         91.12
        20008          0.23          0.13          0.00         91.12
        20009          0.20          0.11          0.00         91.12
        20010          0.20          0.11          0.00         91.12
        20011          0.21          0.12          0.00         91.12
        20012          0.23          0.13          0.00         91.12
        20013          0.20          0.11          0.00         91.12
        20014          0.19          0.11          0.00         91.12
        20015          0.22          0.12          0.00         91.12
        20016          0.23          0.13          0.00         91.12
        20017          0.20          0.11          0.00         91.12
        20018          0.20          0.11          0.00         91.12
        20019          0.21          0.12          0.00         91.12
        20020          0.26          0.14          0.00         91.12
        20021          0.22          0.12          0.00         91.12
        20022          0.21          0.11          0.00         91.12
        20023          0.21          0.12          0.00         91.12
        20100          0.26          0.13          0.00         91.12
        20101          0.22          0.12          0.00         91.12
        20102          0.21          0.11          0.00         91.12
        20103          0.21          0.11          0.00         91.12
        20104          0.23          0.13          0.00         91.12
        20105          0.20          0.11          0.00         91.12
        20106          0.19          0.11          0.00         91.12
        20107          0.21          0.12          0.00         91.12
        20108          0.24          0.13          0.00         91.12
        20109          0.20          0.11          0.00         91.12
        20110          0.20          0.11          0.00         91.12
        20111          0.21          0.12          0.00         91.12
        20112          0.23          0.13          0.00         91.12
        20113          0.19          0.11          0.00         91.12
        20114          0.19          0.11          0.00         91.12
        20115          0.22          0.12          0.00         91.12
        20116          0.23          0.13          0.00         91.12
        20117          0.19          0.11          0.00         91.12
        20118          0.20          0.11          0.00         91.12
        20119          0.22          0.12          0.00         91.12
        20120          0.24          0.13          0.00         91.12
        20121          0.21          0.12          0.00         91.12
        20122          0.21          0.12          0.00         91.12
        20123          0.23          0.13          0.00         91.12
        21000          0.03          0.02          0.00         19.08
        21001          0.03          0.02          0.00         19.08
        21002          0.03          0.01          0.00         19.08
        21003          0.03          0.02          0.00         19.08
        21004          0.03          0.01          0.00         19.08
        21005          0.03          0.01          0.00         19.08
        21006          0.03          0.02          0.00         19.08
        21007          0.03          0.02          0.00         19.08
        21008          0.03          0.01          0.00         19.08
        21009          0.03          0.01          0.00         19.08
        21010          0.03          0.02          0.00         19.08
        21011          0.03          0.01          0.00         19.08
        21012          0.03          0.02          0.00         19.08
        21013          0.03          0.01          0.00         19.08
        21014          0.03          0.01          0.00         19.08
        21015          0.03          0.02          0.00         19.08
        21016          0.03          0.02          0.00         19.08
        21017          0.03          0.01          0.00         19.08
        21018          0.03          0.01          0.00         19.08
        21019          0.03          0.02          0.00         19.08
        21020          0.03          0.01          0.00         19.08
        21021          0.03          0.02          0.00         19.08
        21022          0.03          0.02          0.00         19.08
        21023          0.04          0.02          0.00         19.08
        21024          0.03          0.01          0.00         19.08
        21025          0.03          0.01          0.00         19.08
        21026          0.03          0.01          0.00         19.08
        21027          0.03          0.02          0.00         19.08
        21028          0.03          0.02          0.00         19.08
        21029          0.03          0.02          0.00         19.08
        21030          0.03          0.02          0.00         19.08
        21031          0.03          0.01          0.00         19.08
        21032          0.03          0.02          0.00         19.08
        21033          0.03          0.02          0.00         19.08
        21034          0.03          0.02          0.00         19.08
        21035          0.04          0.02          0.00         19.08
        21100          0.03          0.01          0.00         19.08
        21101          0.03          0.01          0.00         19.08
        21102          0.03          0.01          0.00         19.08
        21103          0.03          0.01          0.00         19.08
        21104          0.03          0.02          0.00         19.08
        21105          0.03          0.02          0.00         19.08
        21106          0.03          0.01          0.00         19.08
        21107          0.03          0.01          0.00         19.08
        21108          0.03          0.02          0.00         19.08
        21109          0.03          0.01          0.00         19.08
        21110          0.03          0.02          0.00         19.08
        21111          0.03          0.01          0.00         19.08
        21112          0.03          0.01          0.00         19.08
        21113          0.03          0.02          0.00         19.08
        21114          0.03          0.01          0.00         19.08
        21115          0.03          0.01          0.00         19.08
        21116          0.03          0.01          0.00         19.08
        21117          0.03          0.01          0.00         19.08
        21118          0.03          0.02          0.00         19.08
        21119          0.03          0.01          0.00         19.08
        21120          0.03          0.01          0.00         19.08
        21121          0.03          0.02          0.00         19.08
        21122          0.03          0.01          0.00         19.08
        21123          0.03          0.02          0.00         19.08
        21124          0.04          0.02          0.00         19.08
        21125          0.03          0.02          0.00         19.08
        21126          0.03          0.01          0.00         19.08
        21127          0.03          0.01          0.00         19.08
        21128          0.03          0.02          0.00         19.08
        21129          0.03          0.01          0.00         19.08
        21130          0.04          0.02          0.00         19.08
        21131          0.03          0.02          0.00         19.08
        21132          0.03          0.02          0.00         19.08
        21133          0.03          0.02          0.00         19.08
        21134          0.03          0.02          0.00         19.08
        21135          0.03          0.02          0.00         19.08
        30100          0.39          0.03          0.00          4.22
        30101          0.38          0.03          0.00          4.22
        30102          0.18          0.01          0.00          4.22
        30103          0.17          0.01          0.00          4.22
        31000          0.00          0.00          1.67        243.00
        31001          0.00          0.00          0.04         36.45
        31002          0.00          0.00          0.04         36.45
        31003          0.00          0.00          0.04         36.45
        31004          0.00          0.00          0.04         36.45
        31005          0.06          0.00          1.67        243.00
        31100          0.00          0.00          0.00       1000.00
        32000          0.05          0.23          0.00          6.55
        40000          0.00          0.00          0.00         12.15
        40001          0.00          0.00          0.00          4.86
        40002          0.00          0.00          0.00          4.86
        40003          0.00          0.00          0.00          4.86
        40004          0.00          0.00          0.00          4.86
        40005          0.00          0.00          0.00         12.15
        40100          0.00          0.00         13.00         17.56
        41000          0.00          0.00          1.23        423.73
        41001          0.00          0.00          0.76        282.49
        41002          0.00          0.00          0.27        136.69
        41003          0.00          0.00          0.76        282.49
        41004          0.00          0.00          0.27        136.69
        41005          0.00          0.00          1.23        423.73
        42000          0.00          0.00          1.14        328.05
        42001          0.00          0.00          0.53        153.09
        42002          0.00          0.00          0.33         95.68
        42003          0.00          0.00          0.53        153.09
        42004          0.00          0.00          0.33         95.68
        42005          0.00          0.00          1.14        328.05
        50000          0.00          0.00          0.00        262.44
        50001          0.00          0.00          0.00         21.32
        50002          0.00          0.00          0.00         25.27
        50003          0.00          0.00          0.00         21.32
        50004          0.00          0.00          0.00         25.27
        50005          0.00          0.00          0.00        262.44
 X      99998          0.00          0.00          0.00          0.00
        99999          0.00          0.00          0.00          0.00

1
 ESATAN-TMS  2025                                                      Page     4
 16 February  2026  10:31:22                                  DRAGOSAT_V2_GEO_HOT





  TIMEN =   1210.05      MODULE SLCRNC      DTIMEU =   30.2512
 CSGMIN =    0.7304  AT NODE 10610 IN SUB-MODEL  
+                                                DRAGOSAT_V2_GEO_HOT             


 TABLE OUTPUT WITH ZENTS = 'L,T,QS,QE,QA,QI,C'
 FOR NODES OF ZLABEL = ' '

 ================================================================================


+DRAGOSAT_V2_GEO_HOT                                                             


          NODE   LABEL                              T             QS            

          100    MLI                              86.45          0.00
          101    MLI                              86.53          0.00
          102    MLI                              86.25          0.00
          103    MLI                              86.33          0.00
          104    MLI                              86.12          0.00
          105    MLI                              86.58          0.00
          106    MLI                              86.29          0.00
          107    MLI                              86.59          0.00
          108    MLI                              86.25          0.00
          109    MLI                              86.41          0.00
          110    MLI                              86.34          0.00
          111    MLI                              86.41          0.00
          112    MLI                              86.31          0.00
          113    MLI                              86.46          0.00
          114    MLI                              86.27          0.00
          115    MLI                              86.22          0.00
          150    MLI                              70.60          0.00
          151    MLI                              70.74          0.00
          152    MLI                              70.71          0.00
          153    MLI                              70.48          0.00
          154    MLI                              70.70          0.00
          155    MLI                              70.95          0.00
          156    MLI                              70.91          0.00
          157    MLI                              70.71          0.00
          158    MLI                              70.68          0.00
          159    MLI                              70.89          0.00
          160    MLI                              70.91          0.00
          161    MLI                              70.67          0.00
          162    MLI                              69.60          0.00
          163    MLI                              69.47          0.00
          164    MLI                              69.49          0.00
          165    MLI                              69.44          0.00
          200    MLI                             -10.24          0.00
          201    MLI                              -7.02          0.01
          202    MLI                              -3.80          0.06
          203    MLI                              -7.72          0.06
          204    MLI                              -5.66          0.00
          205    MLI                              -6.19          0.00
          206    MLI                              -1.90          0.06
          207    MLI                               0.94          0.07
          208    MLI                              -4.58          0.00
          209    MLI                              -5.34          0.00
          210    MLI                               2.12          0.05
          211    MLI                               0.27          0.06
          212    MLI                             -12.94          0.00
          213    MLI                              -9.58          0.00
          214    MLI                              -5.57          0.02
          215    MLI                              -4.41          0.04
          250    MLI                              56.42          0.00
          251    MLI                              55.82          0.00
          252    MLI                              55.76          0.00
          253    MLI                              56.15          0.00
          254    MLI                              56.49          0.00
          255    MLI                              55.31          0.00
          256    MLI                              55.30          0.00
          257    MLI                              56.31          0.00
          258    MLI                              56.61          0.00
          259    MLI                              55.47          0.00
          260    MLI                              55.46          0.00
          261    MLI                              56.27          0.00
          262    MLI                              55.19          0.00
          263    MLI                              54.33          0.00
          264    MLI                              54.27          0.00
          265    MLI                              55.13          0.00
          300    MLI                             240.26          2.20
          301    MLI                             240.16          2.20
          302    MLI                             240.46          2.20
          303    MLI                             240.18          2.20
          304    MLI                             240.19          2.20
          305    MLI                             240.39          2.20
          306    MLI                             240.38          2.20
          307    MLI                             240.08          2.20
          308    MLI                             240.07          2.20
          309    MLI                             240.45          2.20
          310    MLI                             240.59          2.20
          311    MLI                             240.26          2.20
          312    MLI                             240.51          2.20
          313    MLI                             240.31          2.20
          314    MLI                             240.25          2.20
          315    MLI                             240.36          2.20
          350    MLI                              71.05          0.00
          351    MLI                              71.18          0.00
          352    MLI                              71.26          0.00
          353    MLI                              71.02          0.00
          354    MLI                              71.09          0.00
          355    MLI                              71.27          0.00
          356    MLI                              71.32          0.00
          357    MLI                              71.10          0.00
          358    MLI                              71.06          0.00
          359    MLI                              71.35          0.00
          360    MLI                              71.30          0.00
          361    MLI                              71.07          0.00
          362    MLI                              69.97          0.00
          363    MLI                              69.92          0.00
          364    MLI                              69.92          0.00
          365    MLI                              70.10          0.00
          400    MLI                             129.83          0.56
          401    MLI                             129.31          0.56
          402    MLI                             127.21          0.51
          403    MLI                             126.68          0.50
          404    MLI                             132.61          0.57
          405    MLI                             130.61          0.57
          406    MLI                             128.18          0.51
          407    MLI                             128.25          0.50
          408    MLI                             133.26          0.57
          409    MLI                             132.35          0.55
          410    MLI                             126.73          0.50
          411    MLI                             127.53          0.50
          412    MLI                             130.55          0.55
          413    MLI                             129.78          0.53
          414    MLI                             126.15          0.50
          415    MLI                             125.18          0.50
          450    MLI                              66.81          0.00
          451    MLI                              66.42          0.00
          452    MLI                              66.44          0.00
          453    MLI                              67.05          0.00
          454    MLI                              66.71          0.00
          455    MLI                              65.87          0.00
          456    MLI                              66.13          0.00
          457    MLI                              67.09          0.00
          458    MLI                              66.64          0.00
          459    MLI                              66.04          0.00
          460    MLI                              66.09          0.00
          461    MLI                              67.05          0.00
          462    MLI                              65.72          0.00
          463    MLI                              65.09          0.00
          464    MLI                              65.25          0.00
          465    MLI                              66.02          0.00
          500    MLI                             148.30          0.19
          501    MLI                             140.14          0.12
          502    MLI                             139.34          0.11
          503    MLI                             147.61          0.18
          504    MLI                             150.52          0.19
          507    MLI                             146.18          0.17
          508    MLI                             150.45          0.19
          511    MLI                             146.66          0.17
          512    MLI                             148.37          0.19
          513    MLI                             151.74          0.21
          514    MLI                             152.71          0.22
          515    MLI                             148.41          0.19
          550    MLI                              67.96          0.00
          551    MLI                              66.07          0.00
          552    MLI                              66.09          0.00
          553    MLI                              67.75          0.00
          554    MLI                              66.37          0.00
          557    MLI                              65.80          0.00
          558    MLI                              66.37          0.00
          561    MLI                              65.98          0.00
          562    MLI                              67.68          0.00
          563    MLI                              66.42          0.00
          564    MLI                              66.36          0.00
          565    MLI                              67.73          0.00
          600    MLI                              90.67          1.28
          601    MLI                              81.08          0.76
          602    MLI                              90.65          1.23
          603    MLI                              90.33          1.28
          604    MLI                              90.86          1.29
          605    MLI                              82.45          0.65
          606    MLI                              91.19          0.97
          607    MLI                              91.65          1.29
          608    MLI                              91.35          1.29
          609    MLI                              93.84          1.26
          610    MLI                              99.61          1.33
          611    MLI                              91.78          1.30
          612    MLI                              91.10          1.29
          613    MLI                              87.22          1.33
          614    MLI                              93.40          1.34
          615    MLI                              90.91          1.30
          650    MLI                              64.55          0.00
          651    MLI                              64.03          0.00
          652    MLI                              64.74          0.00
          653    MLI                              64.52          0.00
          654    MLI                              64.26          0.00
          655    MLI                              63.90          0.00
          656    MLI                              64.66          0.00
          657    MLI                              64.37          0.00
          658    MLI                              64.26          0.00
          659    MLI                              63.94          0.00
          660    MLI                              64.62          0.00
          661    MLI                              64.32          0.00
          662    MLI                              64.47          0.00
          663    MLI                              63.65          0.00
          664    MLI                              64.71          0.00
          665    MLI                              64.45          0.00
        10000    Body_Panel                       63.38          0.00
        10001    Body_Panel                       63.39          0.00
        10002    Body_Panel                       63.40          0.00
        10003    Body_Panel                       63.40          0.00
        10004    Body_Panel                       63.39          0.00
        10005    Body_Panel                       63.39          0.00
        10006    Body_Panel                       63.40          0.00
        10007    Body_Panel                       63.41          0.00
        10008    Body_Panel                       63.41          0.00
        10009    Body_Panel                       63.39          0.00
        10010    Body_Panel                       63.38          0.00
        10011    Body_Panel                       63.39          0.00
        10012    Body_Panel                       63.40          0.00
        10013    Body_Panel                       63.40          0.00
        10014    Body_Panel                       63.39          0.00
        10015    Body_Panel                       63.35          0.00
        10016    Body_Panel                       63.36          0.00
        10017    Body_Panel                       63.37          0.00
        10018    Body_Panel                       63.37          0.00
        10019    Body_Panel                       63.36          0.00
        10020    Body_Panel                       63.34          0.00
        10021    Body_Panel                       63.34          0.00
        10022    Body_Panel                       63.35          0.00
        10023    Body_Panel                       63.35          0.00
        10024    Body_Panel                       63.35          0.00
        10100    Body_Panel                       62.04          0.00
        10101    Body_Panel                       61.81          0.00
        10102    Body_Panel                       61.48          0.00
        10103    Body_Panel                       61.72          0.00
        10104    Body_Panel                       61.90          0.00
        10105    Body_Panel                       62.14          0.00
        10106    Body_Panel                       61.86          0.00
        10107    Body_Panel                       61.29          0.00
        10108    Body_Panel                       61.76          0.00
        10109    Body_Panel                       61.98          0.00
        10110    Body_Panel                       62.23          0.00
        10111    Body_Panel                       61.85          0.00
        10112    Body_Panel                       60.73          0.00
        10113    Body_Panel                       61.73          0.00
        10114    Body_Panel                       62.02          0.00
        10115    Body_Panel                       62.45          0.00
        10116    Body_Panel                       62.11          0.00
        10117    Body_Panel                       61.39          0.00
        10118    Body_Panel                       61.94          0.00
        10119    Body_Panel                       62.18          0.00
        10120    Body_Panel                       62.32          0.00
        10121    Body_Panel                       62.03          0.00
        10122    Body_Panel                       61.61          0.00
        10123    Body_Panel                       61.88          0.00
        10124    Body_Panel                       62.08          0.00
        10300    Body_Panel                       62.71          0.00
        10301    Body_Panel                       62.71          0.00
        10302    Body_Panel                       62.72          0.00
        10303    Body_Panel                       62.71          0.00
        10304    Body_Panel                       62.71          0.00
        10305    Body_Panel                       62.71          0.00
        10306    Body_Panel                       62.72          0.00
        10307    Body_Panel                       62.72          0.00
        10308    Body_Panel                       62.72          0.00
        10309    Body_Panel                       62.71          0.00
        10310    Body_Panel                       62.70          0.00
        10311    Body_Panel                       62.71          0.00
        10312    Body_Panel                       62.71          0.00
        10313    Body_Panel                       62.71          0.00
        10314    Body_Panel                       62.70          0.00
        10315    Body_Panel                       62.68          0.00
        10316    Body_Panel                       62.68          0.00
        10317    Body_Panel                       62.68          0.00
        10318    Body_Panel                       62.68          0.00
        10319    Body_Panel                       62.68          0.00
        10320    Body_Panel                       62.67          0.00
        10321    Body_Panel                       62.67          0.00
        10322    Body_Panel                       62.67          0.00
        10323    Body_Panel                       62.66          0.00
        10324    Body_Panel                       62.66          0.00
        10400    Body_Panel                       61.69          0.00
        10401    Body_Panel                       61.59          0.00
        10402    Body_Panel                       61.44          0.00
        10403    Body_Panel                       61.73          0.00
        10404    Body_Panel                       61.92          0.00
        10405    Body_Panel                       61.74          0.00
        10406    Body_Panel                       61.63          0.00
        10407    Body_Panel                       61.30          0.00
        10408    Body_Panel                       61.78          0.00
        10409    Body_Panel                       62.01          0.00
        10410    Body_Panel                       61.67          0.00
        10411    Body_Panel                       61.56          0.00
        10412    Body_Panel                       60.85          0.00
        10413    Body_Panel                       61.75          0.00
        10414    Body_Panel                       62.04          0.00
        10415    Body_Panel                       61.65          0.00
        10416    Body_Panel                       61.71          0.00
        10417    Body_Panel                       61.50          0.00
        10418    Body_Panel                       61.93          0.00
        10419    Body_Panel                       62.16          0.00
        10420    Body_Panel                       61.63          0.00
        10421    Body_Panel                       61.65          0.00
        10422    Body_Panel                       61.59          0.00
        10423    Body_Panel                       61.87          0.00
        10424    Body_Panel                       62.07          0.00
        10500    Body_Panel                       54.78          0.00
        10501    Body_Panel                       54.74          0.00
        10502    Body_Panel                       54.73          0.00
        10503    Body_Panel                       54.74          0.00
        10504    Body_Panel                       54.78          0.00
        10505    Body_Panel                       54.71          0.00
        10506    Body_Panel                       54.60          0.00
        10507    Body_Panel                       54.57          0.00
        10508    Body_Panel                       54.59          0.00
        10509    Body_Panel                       54.70          0.00
        10510    Body_Panel                       54.68          0.00
        10511    Body_Panel                       54.57          0.00
        10512    Body_Panel                       54.55          0.00
        10513    Body_Panel                       54.56          0.00
        10514    Body_Panel                       54.66          0.00
        10515    Body_Panel                       54.70          0.00
        10516    Body_Panel                       54.59          0.00
        10517    Body_Panel                       54.56          0.00
        10518    Body_Panel                       54.56          0.00
        10519    Body_Panel                       54.65          0.00
        10520    Body_Panel                       54.77          0.00
        10521    Body_Panel                       54.72          0.00
        10522    Body_Panel                       54.69          0.00
        10523    Body_Panel                       54.68          0.00
        10524    Body_Panel                       54.71          0.00
        10600    Body_Panel                       61.46          0.00
        10601    Body_Panel                       61.45          0.00
        10602    Body_Panel                       61.46          0.00
        10603    Body_Panel                       61.47          0.00
        10604    Body_Panel                       61.45          0.00
        10605    Body_Panel                       61.43          0.00
        10606    Body_Panel                       61.43          0.00
        10607    Body_Panel                       61.46          0.00
        10608    Body_Panel                       61.45          0.00
        10609    Body_Panel                       61.43          0.00
        10610    Body_Panel                       61.43          0.00
        10611    Body_Panel                       61.46          0.00
        10612    Body_Panel                       61.46          0.00
        10613    Body_Panel                       61.45          0.00
        10614    Body_Panel                       61.46          0.00
        10615    Body_Panel                       61.47          0.00
        10650    Body_Inf                         61.46          0.00
        10651    Body_Inf                         61.45          0.00
        10652    Body_Inf                         61.46          0.00
        10653    Body_Inf                         61.47          0.00
        10654    Body_Inf                         61.45          0.00
        10655    Body_Inf                         61.43          0.00
        10656    Body_Inf                         61.43          0.00
        10657    Body_Inf                         61.46          0.00
        10658    Body_Inf                         61.45          0.00
        10659    Body_Inf                         61.43          0.00
        10660    Body_Inf                         61.43          0.00
        10661    Body_Inf                         61.46          0.00
        10662    Body_Inf                         61.46          0.00
        10663    Body_Inf                         61.45          0.00
        10664    Body_Inf                         61.46          0.00
        10665    Body_Inf                         61.47          0.00
        11000    BODY_TRAY                        63.13          0.00
        11001    BODY_TRAY                        63.27          0.00
        11002    BODY_TRAY                        63.28          0.00
        11003    BODY_TRAY                        63.10          0.00
        11004    BODY_TRAY                        63.16          0.00
        11005    BODY_TRAY                        63.33          0.00
        11006    BODY_TRAY                        63.37          0.00
        11007    BODY_TRAY                        63.15          0.00
        11008    BODY_TRAY                        63.12          0.00
        11009    BODY_TRAY                        63.29          0.00
        11010    BODY_TRAY                        63.34          0.00
        11011    BODY_TRAY                        63.11          0.00
        11012    BODY_TRAY                        63.00          0.00
        11013    BODY_TRAY                        63.17          0.00
        11014    BODY_TRAY                        63.18          0.00
        11015    BODY_TRAY                        63.01          0.00
        11100    BODY_TRAY                        66.88          0.00
        11101    BODY_TRAY                        67.01          0.00
        11102    BODY_TRAY                        66.59          0.00
        11103    BODY_TRAY                        65.97          0.00
        11104    BODY_TRAY                        67.47          0.00
        11105    BODY_TRAY                        67.56          0.00
        11106    BODY_TRAY                        66.89          0.00
        11107    BODY_TRAY                        66.15          0.00
        11108    BODY_TRAY                        68.73          0.00
        11109    BODY_TRAY                        68.76          0.00
        11110    BODY_TRAY                        67.33          0.00
        11111    BODY_TRAY                        66.38          0.00
        11112    BODY_TRAY                        69.08          0.00
        11113    BODY_TRAY                        69.07          0.00
        11114    BODY_TRAY                        67.54          0.00
        11115    BODY_TRAY                        66.51          0.00
        20000    SPS_STR                          54.90          1.80
        20001    SPS_STR                          54.88          0.95
        20002    SPS_STR                          54.88          0.93
        20003    SPS_STR                          54.90          1.80
        20004    SPS_STR                          54.99          1.23
        20005    SPS_STR                          54.97          0.00
        20006    SPS_STR                          54.97          0.00
        20007    SPS_STR                          54.99          1.21
        20008    SPS_STR                          55.29          1.23
        20009    SPS_STR                          55.26          0.01
        20010    SPS_STR                          55.26          0.01
        20011    SPS_STR                          55.28          1.25
        20012    SPS_STR                          55.82          1.23
        20013    SPS_STR                          55.80          0.01
        20014    SPS_STR                          55.80          0.01
        20015    SPS_STR                          55.81          1.21
        20016    SPS_STR                          56.46          1.25
        20017    SPS_STR                          56.46          0.03
        20018    SPS_STR                          56.46          0.03
        20019    SPS_STR                          56.45          1.26
        20020    SPS_STR                          57.09          1.86
        20021    SPS_STR                          57.27          1.01
        20022    SPS_STR                          57.27          1.02
        20023    SPS_STR                          57.08          1.89
        20100    SPS_STR                          56.28          1.76
        20101    SPS_STR                          56.51          0.95
        20102    SPS_STR                          56.50          0.97
        20103    SPS_STR                          56.27          1.76
        20104    SPS_STR                          55.66          1.24
        20105    SPS_STR                          55.67          0.00
        20106    SPS_STR                          55.67          0.00
        20107    SPS_STR                          55.65          1.22
        20108    SPS_STR                          55.05          1.21
        20109    SPS_STR                          55.03          0.00
        20110    SPS_STR                          55.03          0.00
        20111    SPS_STR                          55.04          1.23
        20112    SPS_STR                          54.54          1.22
        20113    SPS_STR                          54.52          0.00
        20114    SPS_STR                          54.52          0.00
        20115    SPS_STR                          54.54          1.24
        20116    SPS_STR                          54.26          1.22
        20117    SPS_STR                          54.24          0.00
        20118    SPS_STR                          54.24          0.00
        20119    SPS_STR                          54.26          1.24
        20120    SPS_STR                          54.17          1.78
        20121    SPS_STR                          54.15          0.88
        20122    SPS_STR                          54.15          0.90
        20123    SPS_STR                          54.16          1.79
        21000    SPS_CELL                         55.41          1.23
        21001    SPS_CELL                         55.52          1.23
        21002    SPS_CELL                         55.79          1.23
        21003    SPS_CELL                         56.31          1.23
        21004    SPS_CELL                         56.89          1.24
        21005    SPS_CELL                         57.47          1.26
        21006    SPS_CELL                         55.41          1.23
        21007    SPS_CELL                         55.51          1.23
        21008    SPS_CELL                         55.77          1.23
        21009    SPS_CELL                         56.30          1.23
        21010    SPS_CELL                         56.90          1.24
        21011    SPS_CELL                         57.55          1.25
        21012    SPS_CELL                         55.40          1.23
        21013    SPS_CELL                         55.51          1.23
        21014    SPS_CELL                         55.77          1.23
        21015    SPS_CELL                         56.30          1.23
        21016    SPS_CELL                         56.90          1.24
        21017    SPS_CELL                         57.59          1.25
        21018    SPS_CELL                         55.40          1.23
        21019    SPS_CELL                         55.51          1.23
        21020    SPS_CELL                         55.77          1.23
        21021    SPS_CELL                         56.30          1.23
        21022    SPS_CELL                         56.91          1.24
        21023    SPS_CELL                         57.59          1.25
        21024    SPS_CELL                         55.41          1.23
        21025    SPS_CELL                         55.51          1.23
        21026    SPS_CELL                         55.78          1.23
        21027    SPS_CELL                         56.31          1.23
        21028    SPS_CELL                         56.90          1.24
        21029    SPS_CELL                         57.56          1.25
        21030    SPS_CELL                         55.42          1.23
        21031    SPS_CELL                         55.52          1.23
        21032    SPS_CELL                         55.79          1.23
        21033    SPS_CELL                         56.32          1.23
        21034    SPS_CELL                         56.90          1.24
        21035    SPS_CELL                         57.48          1.25
        21100    SPS_CELL                         56.65          1.23
        21101    SPS_CELL                         56.08          1.23
        21102    SPS_CELL                         55.54          1.23
        21103    SPS_CELL                         55.05          1.23
        21104    SPS_CELL                         54.79          1.23
        21105    SPS_CELL                         54.68          1.23
        21106    SPS_CELL                         56.74          1.23
        21107    SPS_CELL                         56.09          1.23
        21108    SPS_CELL                         55.54          1.23
        21109    SPS_CELL                         55.03          1.23
        21110    SPS_CELL                         54.78          1.23
        21111    SPS_CELL                         54.67          1.23
        21112    SPS_CELL                         56.78          1.23
        21113    SPS_CELL                         56.10          1.23
        21114    SPS_CELL                         55.53          1.23
        21115    SPS_CELL                         55.03          1.23
        21116    SPS_CELL                         54.77          1.23
        21117    SPS_CELL                         54.67          1.23
        21118    SPS_CELL                         56.79          1.23
        21119    SPS_CELL                         56.10          1.23
        21120    SPS_CELL                         55.53          1.23
        21121    SPS_CELL                         55.03          1.23
        21122    SPS_CELL                         54.77          1.23
        21123    SPS_CELL                         54.67          1.23
        21124    SPS_CELL                         56.75          1.23
        21125    SPS_CELL                         56.10          1.23
        21126    SPS_CELL                         55.54          1.23
        21127    SPS_CELL                         55.03          1.23
        21128    SPS_CELL                         54.78          1.23
        21129    SPS_CELL                         54.67          1.23
        21130    SPS_CELL                         56.66          1.23
        21131    SPS_CELL                         56.10          1.23
        21132    SPS_CELL                         55.55          1.23
        21133    SPS_CELL                         55.05          1.23
        21134    SPS_CELL                         54.79          1.23
        21135    SPS_CELL                         54.69          1.23
        30100    IR_CAM_STR                       43.80          0.26
        30101    IR_CAM_STR                       44.21          0.37
        30102    IR_CAM_STR                       51.41          0.07
        30103    IR_CAM_STR                       51.46          0.11
        31000    IR_CAM_ELECT                     79.28          0.00
        31001    IR_CAM_ELECT                     66.56          0.00
        31002    IR_CAM_ELECT                     66.86          0.00
        31003    IR_CAM_ELECT                     66.62          0.00
        31004    IR_CAM_ELECT                     66.76          0.00
        31005    IR_CAM_ELECT                     52.11          0.00
        31100    IR_CAM_ELECT                      0.00          0.00
        32000    IR_CAM_LENS                     112.69          0.97
        40000    INS_EB                           54.70          0.00
        40001    INS_EB                           61.81          0.00
        40002    INS_EB                           62.78          0.00
        40003    INS_EB                           62.28          0.00
        40004    INS_EB                           61.78          0.00
        40005    INS_EB                           70.75          0.00
        40100    IR_EB                            73.59          0.00
        41000    INS_PLD_1                        80.48          0.00
        41001    INS_PLD_1                        77.63          0.00
        41002    INS_PLD_1                        76.28          0.00
        41003    INS_PLD_1                        79.97          0.00
        41004    INS_PLD_1                        75.97          0.00
        41005    INS_PLD_1                        63.44          0.00
        42000    INS_PLD_2                        78.68          0.00
        42001    INS_PLD_2                        79.77          0.00
        42002    INS_PLD_2                        77.97          0.00
        42003    INS_PLD_2                        77.24          0.00
        42004    INS_PLD_2                        77.74          0.00
        42005    INS_PLD_2                        63.59          0.00
        50000    Radiator                          6.28          0.29
        50001    Radiator                         33.49          0.01
        50002    Radiator                         31.53          0.00
        50003    Radiator                         31.38          0.00
        50004    Radiator                         37.17          0.06
        50005    Radiator                         54.51          0.00
 X      99998    INACTIVE_NODE                     0.00          0.00
        99999    ENVIRONMENT                    -270.00          0.00



          NODE          QE            QA            QI            C             

          100          0.02          0.00          0.00         11.48
          101          0.02          0.00          0.00         11.48
          102          0.02          0.00          0.00         11.48
          103          0.02          0.00          0.00         11.48
          104          0.02          0.00          0.00         11.48
          105          0.02          0.00          0.00         11.48
          106          0.02          0.00          0.00         11.48
          107          0.02          0.00          0.00         11.48
          108          0.02          0.00          0.00         11.48
          109          0.02          0.00          0.00         11.48
          110          0.02          0.00          0.00         11.48
          111          0.02          0.00          0.00         11.48
          112          0.02          0.00          0.00         11.48
          113          0.02          0.00          0.00         11.48
          114          0.02          0.00          0.00         11.48
          115          0.02          0.00          0.00         11.48
          150          0.00          0.00          0.00         11.48
          151          0.00          0.00          0.00         11.48
          152          0.00          0.00          0.00         11.48
          153          0.00          0.00          0.00         11.48
          154          0.00          0.00          0.00         11.48
          155          0.00          0.00          0.00         11.48
          156          0.00          0.00          0.00         11.48
          157          0.00          0.00          0.00         11.48
          158          0.00          0.00          0.00         11.48
          159          0.00          0.00          0.00         11.48
          160          0.00          0.00          0.00         11.48
          161          0.00          0.00          0.00         11.48
          162          0.00          0.00          0.00         11.48
          163          0.00          0.00          0.00         11.48
          164          0.00          0.00          0.00         11.48
          165          0.00          0.00          0.00         11.48
          200          0.02          0.01          0.00          9.68
          201          0.02          0.01          0.00          9.68
          202          0.02          0.01          0.00          9.68
          203          0.02          0.01          0.00          9.68
          204          0.02          0.01          0.00          9.68
          205          0.02          0.01          0.00          9.68
          206          0.02          0.01          0.00          9.68
          207          0.02          0.01          0.00          9.68
          208          0.02          0.00          0.00          9.68
          209          0.02          0.00          0.00          9.68
          210          0.02          0.01          0.00          9.68
          211          0.02          0.01          0.00          9.68
          212          0.01          0.00          0.00          9.68
          213          0.01          0.00          0.00          9.68
          214          0.02          0.01          0.00          9.68
          215          0.02          0.01          0.00          9.68
          250          0.00          0.00          0.00          9.68
          251          0.00          0.00          0.00          9.68
          252          0.00          0.00          0.00          9.68
          253          0.00          0.00          0.00          9.68
          254          0.00          0.00          0.00          9.68
          255          0.00          0.00          0.00          9.68
          256          0.00          0.00          0.00          9.68
          257          0.00          0.00          0.00          9.68
          258          0.00          0.00          0.00          9.68
          259          0.00          0.00          0.00          9.68
          260          0.00          0.00          0.00          9.68
          261          0.00          0.00          0.00          9.68
          262          0.00          0.00          0.00          9.68
          263          0.00          0.00          0.00          9.68
          264          0.00          0.00          0.00          9.68
          265          0.00          0.00          0.00          9.68
          300          0.02          0.01          0.00         11.48
          301          0.02          0.01          0.00         11.48
          302          0.02          0.01          0.00         11.48
          303          0.02          0.01          0.00         11.48
          304          0.02          0.01          0.00         11.48
          305          0.02          0.01          0.00         11.48
          306          0.02          0.01          0.00         11.48
          307          0.02          0.01          0.00         11.48
          308          0.02          0.01          0.00         11.48
          309          0.02          0.01          0.00         11.48
          310          0.02          0.01          0.00         11.48
          311          0.02          0.01          0.00         11.48
          312          0.02          0.01          0.00         11.48
          313          0.02          0.01          0.00         11.48
          314          0.02          0.01          0.00         11.48
          315          0.02          0.01          0.00         11.48
          350          0.00          0.00          0.00         11.48
          351          0.00          0.00          0.00         11.48
          352          0.00          0.00          0.00         11.48
          353          0.00          0.00          0.00         11.48
          354          0.00          0.00          0.00         11.48
          355          0.00          0.00          0.00         11.48
          356          0.00          0.00          0.00         11.48
          357          0.00          0.00          0.00         11.48
          358          0.00          0.00          0.00         11.48
          359          0.00          0.00          0.00         11.48
          360          0.00          0.00          0.00         11.48
          361          0.00          0.00          0.00         11.48
          362          0.00          0.00          0.00         11.48
          363          0.00          0.00          0.00         11.48
          364          0.00          0.00          0.00         11.48
          365          0.00          0.00          0.00         11.48
          400          0.02          0.01          0.00          9.68
          401          0.02          0.01          0.00          9.68
          402          0.02          0.01          0.00          9.68
          403          0.02          0.01          0.00          9.68
          404          0.02          0.01          0.00          9.68
          405          0.02          0.01          0.00          9.68
          406          0.02          0.01          0.00          9.68
          407          0.02          0.01          0.00          9.68
          408          0.02          0.01          0.00          9.68
          409          0.02          0.01          0.00          9.68
          410          0.02          0.01          0.00          9.68
          411          0.02          0.01          0.00          9.68
          412          0.02          0.01          0.00          9.68
          413          0.02          0.01          0.00          9.68
          414          0.01          0.01          0.00          9.68
          415          0.01          0.01          0.00          9.68
          450          0.00          0.00          0.00          9.68
          451          0.00          0.00          0.00          9.68
          452          0.00          0.00          0.00          9.68
          453          0.00          0.00          0.00          9.68
          454          0.00          0.00          0.00          9.68
          455          0.00          0.00          0.00          9.68
          456          0.00          0.00          0.00          9.68
          457          0.00          0.00          0.00          9.68
          458          0.00          0.00          0.00          9.68
          459          0.00          0.00          0.00          9.68
          460          0.00          0.00          0.00          9.68
          461          0.00          0.00          0.00          9.68
          462          0.00          0.00          0.00          9.68
          463          0.00          0.00          0.00          9.68
          464          0.00          0.00          0.00          9.68
          465          0.00          0.00          0.00          9.68
          500          0.00          0.00          0.00         18.22
          501          0.00          0.00          0.00         18.22
          502          0.00          0.00          0.00         18.22
          503          0.00          0.00          0.00         18.22
          504          0.00          0.00          0.00         18.22
          507          0.00          0.00          0.00         18.22
          508          0.00          0.00          0.00         18.22
          511          0.00          0.00          0.00         18.22
          512          0.00          0.00          0.00         18.22
          513          0.00          0.00          0.00         18.22
          514          0.00          0.00          0.00         18.22
          515          0.00          0.00          0.00         18.22
          550          0.00          0.00          0.00         18.22
          551          0.00          0.00          0.00         18.22
          552          0.00          0.00          0.00         18.22
          553          0.00          0.00          0.00         18.22
          554          0.00          0.00          0.00         18.22
          557          0.00          0.00          0.00         18.22
          558          0.00          0.00          0.00         18.22
          561          0.00          0.00          0.00         18.22
          562          0.00          0.00          0.00         18.22
          563          0.00          0.00          0.00         18.22
          564          0.00          0.00          0.00         18.22
          565          0.00          0.00          0.00         18.22
          600          0.12          0.05          0.00         18.22
          601          0.12          0.04          0.00         18.22
          602          0.12          0.04          0.00         18.22
          603          0.12          0.05          0.00         18.22
          604          0.12          0.05          0.00         18.22
          605          0.09          0.03          0.00         15.84
          606          0.09          0.03          0.00         15.84
          607          0.12          0.05          0.00         18.22
          608          0.12          0.05          0.00         18.22
          609          0.10          0.04          0.00         15.84
          610          0.10          0.04          0.00         15.84
          611          0.12          0.05          0.00         18.22
          612          0.12          0.05          0.00         18.22
          613          0.12          0.05          0.00         18.22
          614          0.12          0.05          0.00         18.22
          615          0.12          0.05          0.00         18.22
          650          0.00          0.00          0.00         18.22
          651          0.00          0.00          0.00         18.22
          652          0.00          0.00          0.00         18.22
          653          0.00          0.00          0.00         18.22
          654          0.00          0.00          0.00         18.22
          655          0.00          0.00          0.00         15.84
          656          0.00          0.00          0.00         15.84
          657          0.00          0.00          0.00         18.22
          658          0.00          0.00          0.00         18.22
          659          0.00          0.00          0.00         15.84
          660          0.00          0.00          0.00         15.84
          661          0.00          0.00          0.00         18.22
          662          0.00          0.00          0.00         18.22
          663          0.00          0.00          0.00         18.22
          664          0.00          0.00          0.00         18.22
          665          0.00          0.00          0.00         18.22
        10000          0.00          0.00          0.00         43.74
        10001          0.00          0.00          0.00         43.74
        10002          0.00          0.00          0.00         43.74
        10003          0.00          0.00          0.00         43.74
        10004          0.00          0.00          0.00         43.74
        10005          0.00          0.00          0.00         43.74
        10006          0.00          0.00          0.00         43.74
        10007          0.00          0.00          0.00         43.74
        10008          0.00          0.00          0.00         43.74
        10009          0.00          0.00          0.00         43.74
        10010          0.00          0.00          0.00         43.74
        10011          0.00          0.00          0.00         43.74
        10012          0.00          0.00          0.00         43.74
        10013          0.00          0.00          0.00         43.74
        10014          0.00          0.00          0.00         43.74
        10015          0.00          0.00          0.00         43.74
        10016          0.00          0.00          0.00         43.74
        10017          0.00          0.00          0.00         43.74
        10018          0.00          0.00          0.00         43.74
        10019          0.00          0.00          0.00         43.74
        10020          0.00          0.00          0.00         43.74
        10021          0.00          0.00          0.00         43.74
        10022          0.00          0.00          0.00         43.74
        10023          0.00          0.00          0.00         43.74
        10024          0.00          0.00          0.00         43.74
        10100          0.00          0.00          0.00         36.45
        10101          0.00          0.00          0.00         36.45
        10102          0.00          0.00          0.00         36.45
        10103          0.00          0.00          0.00         36.45
        10104          0.00          0.00          0.00         36.45
        10105          0.00          0.00          0.00         36.45
        10106          0.00          0.00          0.00         36.45
        10107          0.00          0.00          0.00         36.45
        10108          0.00          0.00          0.00         36.45
        10109          0.00          0.00          0.00         36.45
        10110          0.00          0.00          0.00         36.45
        10111          0.00          0.00          0.00         36.45
        10112          0.00          0.00          0.00         36.45
        10113          0.00          0.00          0.00         36.45
        10114          0.00          0.00          0.00         36.45
        10115          0.00          0.00          0.00         36.45
        10116          0.00          0.00          0.00         36.45
        10117          0.00          0.00          0.00         36.45
        10118          0.00          0.00          0.00         36.45
        10119          0.00          0.00          0.00         36.45
        10120          0.00          0.00          0.00         36.45
        10121          0.00          0.00          0.00         36.45
        10122          0.00          0.00          0.00         36.45
        10123          0.00          0.00          0.00         36.45
        10124          0.00          0.00          0.00         36.45
        10300          0.00          0.00          0.00         43.74
        10301          0.00          0.00          0.00         43.74
        10302          0.00          0.00          0.00         43.74
        10303          0.00          0.00          0.00         43.74
        10304          0.00          0.00          0.00         43.74
        10305          0.00          0.00          0.00         43.74
        10306          0.00          0.00          0.00         43.74
        10307          0.00          0.00          0.00         43.74
        10308          0.00          0.00          0.00         43.74
        10309          0.00          0.00          0.00         43.74
        10310          0.00          0.00          0.00         43.74
        10311          0.00          0.00          0.00         43.74
        10312          0.00          0.00          0.00         43.74
        10313          0.00          0.00          0.00         43.74
        10314          0.00          0.00          0.00         43.74
        10315          0.00          0.00          0.00         43.74
        10316          0.00          0.00          0.00         43.74
        10317          0.00          0.00          0.00         43.74
        10318          0.00          0.00          0.00         43.74
        10319          0.00          0.00          0.00         43.74
        10320          0.00          0.00          0.00         43.74
        10321          0.00          0.00          0.00         43.74
        10322          0.00          0.00          0.00         43.74
        10323          0.00          0.00          0.00         43.74
        10324          0.00          0.00          0.00         43.74
        10400          0.00          0.00          0.00         36.45
        10401          0.00          0.00          0.00         36.45
        10402          0.00          0.00          0.00         36.45
        10403          0.00          0.00          0.00         36.45
        10404          0.00          0.00          0.00         36.45
        10405          0.00          0.00          0.00         36.45
        10406          0.00          0.00          0.00         36.45
        10407          0.00          0.00          0.00         36.45
        10408          0.00          0.00          0.00         36.45
        10409          0.00          0.00          0.00         36.45
        10410          0.00          0.00          0.00         36.45
        10411          0.00          0.00          0.00         36.45
        10412          0.00          0.00          0.00         36.45
        10413          0.00          0.00          0.00         36.45
        10414          0.00          0.00          0.00         36.45
        10415          0.00          0.00          0.00         36.45
        10416          0.00          0.00          0.00         36.45
        10417          0.00          0.00          0.00         36.45
        10418          0.00          0.00          0.00         36.45
        10419          0.00          0.00          0.00         36.45
        10420          0.00          0.00          0.00         36.45
        10421          0.00          0.00          0.00         36.45
        10422          0.00          0.00          0.00         36.45
        10423          0.00          0.00          0.00         36.45
        10424          0.00          0.00          0.00         36.45
        10500          0.00          0.00          0.00         72.90
        10501          0.00          0.00          0.00         72.90
        10502          0.00          0.00          0.00         72.90
        10503          0.00          0.00          0.00         72.90
        10504          0.00          0.00          0.00         72.90
        10505          0.00          0.00          0.00         72.90
        10506          0.00          0.00          0.00         72.90
        10507          0.00          0.00          0.00         72.90
        10508          0.00          0.00          0.00         72.90
        10509          0.00          0.00          0.00         72.90
        10510          0.00          0.00          0.00         72.90
        10511          0.00          0.00          0.00         72.90
        10512          0.00          0.00          0.00         72.90
        10513          0.00          0.00          0.00         72.90
        10514          0.00          0.00          0.00         72.90
        10515          0.00          0.00          0.00         72.90
        10516          0.00          0.00          0.00         72.90
        10517          0.00          0.00          0.00         72.90
        10518          0.00          0.00          0.00         72.90
        10519          0.00          0.00          0.00         72.90
        10520          0.00          0.00          0.00         72.90
        10521          0.00          0.00          0.00         72.90
        10522          0.00          0.00          0.00         72.90
        10523          0.00          0.00          0.00         72.90
        10524          0.00          0.00          0.00         72.90
        10600          0.00          0.00          0.00         56.95
        10601          0.00          0.00          0.00         56.95
        10602          0.00          0.00          0.00         56.95
        10603          0.00          0.00          0.00         56.95
        10604          0.00          0.00          0.00         56.95
        10605          0.00          0.00          0.00         48.37
        10606          0.00          0.00          0.00         48.37
        10607          0.00          0.00          0.00         56.95
        10608          0.00          0.00          0.00         56.95
        10609          0.00          0.00          0.00         48.37
        10610          0.00          0.00          0.00         48.37
        10611          0.00          0.00          0.00         56.95
        10612          0.00          0.00          0.00         56.95
        10613          0.00          0.00          0.00         56.95
        10614          0.00          0.00          0.00         56.95
        10615          0.00          0.00          0.00         56.95
        10650          0.00          0.00          0.00         56.95
        10651          0.00          0.00          0.00         56.95
        10652          0.00          0.00          0.00         56.95
        10653          0.00          0.00          0.00         56.95
        10654          0.00          0.00          0.00         56.95
        10655          0.00          0.00          0.00         48.37
        10656          0.00          0.00          0.00         48.37
        10657          0.00          0.00          0.00         56.95
        10658          0.00          0.00          0.00         56.95
        10659          0.00          0.00          0.00         48.37
        10660          0.00          0.00          0.00         48.37
        10661          0.00          0.00          0.00         56.95
        10662          0.00          0.00          0.00         56.95
        10663          0.00          0.00          0.00         56.95
        10664          0.00          0.00          0.00         56.95
        10665          0.00          0.00          0.00         56.95
        11000          0.00          0.00          0.00        113.91
        11001          0.00          0.00          0.00        113.91
        11002          0.00          0.00          0.00        113.91
        11003          0.00          0.00          0.00        113.91
        11004          0.00          0.00          0.00        113.91
        11005          0.00          0.00          0.00        113.91
        11006          0.00          0.00          0.00        113.91
        11007          0.00          0.00          0.00        113.91
        11008          0.00          0.00          0.00        113.91
        11009          0.00          0.00          0.00        113.91
        11010          0.00          0.00          0.00        113.91
        11011          0.00          0.00          0.00        113.91
        11012          0.00          0.00          0.00        113.91
        11013          0.00          0.00          0.00        113.91
        11014          0.00          0.00          0.00        113.91
        11015          0.00          0.00          0.00        113.91
        11100          0.00          0.00          0.00        113.91
        11101          0.00          0.00          0.00        113.91
        11102          0.00          0.00          0.00        113.91
        11103          0.00          0.00          0.00        113.91
        11104          0.00          0.00          0.00        113.91
        11105          0.00          0.00          0.00        113.91
        11106          0.00          0.00          0.00        113.91
        11107          0.00          0.00          0.00        113.91
        11108          0.00          0.00          0.00        113.91
        11109          0.00          0.00          0.00        113.91
        11110          0.00          0.00          0.00        113.91
        11111          0.00          0.00          0.00        113.91
        11112          0.00          0.00          0.00        113.91
        11113          0.00          0.00          0.00        113.91
        11114          0.00          0.00          0.00        113.91
        11115          0.00          0.00          0.00        113.91
        20000          0.18          0.01          0.00         91.12
        20001          0.13          0.01          0.00         91.12
        20002          0.12          0.01          0.00         91.12
        20003          0.17          0.01          0.00         91.12
        20004          0.16          0.01          0.00         91.12
        20005          0.07          0.01          0.00         91.12
        20006          0.07          0.01          0.00         91.12
        20007          0.13          0.01          0.00         91.12
        20008          0.16          0.01          0.00         91.12
        20009          0.07          0.01          0.00         91.12
        20010          0.07          0.01          0.00         91.12
        20011          0.14          0.01          0.00         91.12
        20012          0.16          0.01          0.00         91.12
        20013          0.07          0.01          0.00         91.12
        20014          0.07          0.01          0.00         91.12
        20015          0.14          0.01          0.00         91.12
        20016          0.16          0.01          0.00         91.12
        20017          0.08          0.01          0.00         91.12
        20018          0.07          0.01          0.00         91.12
        20019          0.14          0.01          0.00         91.12
        20020          0.21          0.02          0.00         91.12
        20021          0.14          0.01          0.00         91.12
        20022          0.13          0.01          0.00         91.12
        20023          0.16          0.01          0.00         91.12
        20100          0.21          0.01          0.00         91.12
        20101          0.14          0.01          0.00         91.12
        20102          0.13          0.01          0.00         91.12
        20103          0.16          0.01          0.00         91.12
        20104          0.16          0.01          0.00         91.12
        20105          0.08          0.01          0.00         91.12
        20106          0.07          0.01          0.00         91.12
        20107          0.13          0.01          0.00         91.12
        20108          0.16          0.01          0.00         91.12
        20109          0.07          0.01          0.00         91.12
        20110          0.07          0.01          0.00         91.12
        20111          0.13          0.01          0.00         91.12
        20112          0.16          0.01          0.00         91.12
        20113          0.07          0.01          0.00         91.12
        20114          0.07          0.01          0.00         91.12
        20115          0.14          0.01          0.00         91.12
        20116          0.15          0.01          0.00         91.12
        20117          0.07          0.01          0.00         91.12
        20118          0.07          0.01          0.00         91.12
        20119          0.14          0.01          0.00         91.12
        20120          0.19          0.01          0.00         91.12
        20121          0.13          0.01          0.00         91.12
        20122          0.13          0.01          0.00         91.12
        20123          0.17          0.01          0.00         91.12
        21000          0.09          0.01          0.00         19.08
        21001          0.09          0.01          0.00         19.08
        21002          0.09          0.01          0.00         19.08
        21003          0.09          0.01          0.00         19.08
        21004          0.08          0.01          0.00         19.08
        21005          0.08          0.00          0.00         19.08
        21006          0.09          0.01          0.00         19.08
        21007          0.08          0.01          0.00         19.08
        21008          0.08          0.01          0.00         19.08
        21009          0.08          0.01          0.00         19.08
        21010          0.09          0.01          0.00         19.08
        21011          0.08          0.01          0.00         19.08
        21012          0.09          0.01          0.00         19.08
        21013          0.08          0.01          0.00         19.08
        21014          0.09          0.01          0.00         19.08
        21015          0.09          0.01          0.00         19.08
        21016          0.09          0.01          0.00         19.08
        21017          0.08          0.00          0.00         19.08
        21018          0.08          0.01          0.00         19.08
        21019          0.09          0.01          0.00         19.08
        21020          0.08          0.01          0.00         19.08
        21021          0.09          0.01          0.00         19.08
        21022          0.09          0.01          0.00         19.08
        21023          0.09          0.01          0.00         19.08
        21024          0.08          0.01          0.00         19.08
        21025          0.08          0.01          0.00         19.08
        21026          0.09          0.01          0.00         19.08
        21027          0.09          0.01          0.00         19.08
        21028          0.09          0.01          0.00         19.08
        21029          0.09          0.01          0.00         19.08
        21030          0.09          0.01          0.00         19.08
        21031          0.09          0.01          0.00         19.08
        21032          0.09          0.01          0.00         19.08
        21033          0.09          0.01          0.00         19.08
        21034          0.09          0.01          0.00         19.08
        21035          0.09          0.01          0.00         19.08
        21100          0.08          0.00          0.00         19.08
        21101          0.08          0.00          0.00         19.08
        21102          0.08          0.01          0.00         19.08
        21103          0.09          0.01          0.00         19.08
        21104          0.09          0.01          0.00         19.08
        21105          0.09          0.01          0.00         19.08
        21106          0.08          0.00          0.00         19.08
        21107          0.08          0.00          0.00         19.08
        21108          0.09          0.01          0.00         19.08
        21109          0.09          0.01          0.00         19.08
        21110          0.09          0.01          0.00         19.08
        21111          0.08          0.01          0.00         19.08
        21112          0.08          0.00          0.00         19.08
        21113          0.09          0.01          0.00         19.08
        21114          0.09          0.01          0.00         19.08
        21115          0.09          0.01          0.00         19.08
        21116          0.09          0.01          0.00         19.08
        21117          0.08          0.01          0.00         19.08
        21118          0.09          0.01          0.00         19.08
        21119          0.09          0.01          0.00         19.08
        21120          0.09          0.01          0.00         19.08
        21121          0.09          0.01          0.00         19.08
        21122          0.08          0.01          0.00         19.08
        21123          0.09          0.01          0.00         19.08
        21124          0.09          0.01          0.00         19.08
        21125          0.09          0.01          0.00         19.08
        21126          0.09          0.01          0.00         19.08
        21127          0.09          0.01          0.00         19.08
        21128          0.09          0.01          0.00         19.08
        21129          0.08          0.01          0.00         19.08
        21130          0.09          0.01          0.00         19.08
        21131          0.09          0.01          0.00         19.08
        21132          0.09          0.01          0.00         19.08
        21133          0.09          0.01          0.00         19.08
        21134          0.09          0.01          0.00         19.08
        21135          0.09          0.01          0.00         19.08
        30100          0.39          0.00          0.00          4.22
        30101          0.38          0.01          0.00          4.22
        30102          0.18          0.00          0.00          4.22
        30103          0.17          0.00          0.00          4.22
        31000          0.00          0.00          1.67        243.00
        31001          0.00          0.00          0.04         36.45
        31002          0.00          0.00          0.04         36.45
        31003          0.00          0.00          0.04         36.45
        31004          0.00          0.00          0.04         36.45
        31005          0.06          0.00          1.67        243.00
        31100          0.00          0.00          0.00       1000.00
        32000          0.05          0.04          0.00          6.55
        40000          0.00          0.00          0.00         12.15
        40001          0.00          0.00          0.00          4.86
        40002          0.00          0.00          0.00          4.86
        40003          0.00          0.00          0.00          4.86
        40004          0.00          0.00          0.00          4.86
        40005          0.00          0.00          0.00         12.15
        40100          0.00          0.00         13.00         17.56
        41000          0.00          0.00          1.23        423.73
        41001          0.00          0.00          0.76        282.49
        41002          0.00          0.00          0.27        136.69
        41003          0.00          0.00          0.76        282.49
        41004          0.00          0.00          0.27        136.69
        41005          0.00          0.00          1.23        423.73
        42000          0.00          0.00          1.14        328.05
        42001          0.00          0.00          0.53        153.09
        42002          0.00          0.00          0.33         95.68
        42003          0.00          0.00          0.53        153.09
        42004          0.00          0.00          0.33         95.68
        42005          0.00          0.00          1.14        328.05
        50000          0.00          0.00          0.00        262.44
        50001          0.00          0.00          0.00         21.32
        50002          0.00          0.00          0.00         25.27
        50003          0.00          0.00          0.00         21.32
        50004          0.00          0.00          0.00         25.27
        50005          0.00          0.00          0.00        262.44
 X      99998          0.00          0.00          0.00          0.00
        99999          0.00          0.00          0.00          0.00

1
 ESATAN-TMS  2025                                                      Page     5
 16 February  2026  10:31:22                                  DRAGOSAT_V2_GEO_HOT





  TIMEN =   1815.07      MODULE SLCRNC      DTIMEU =   30.2512
 CSGMIN =    0.7304  AT NODE 10610 IN SUB-MODEL  
+                                                DRAGOSAT_V2_GEO_HOT             


 TABLE OUTPUT WITH ZENTS = 'L,T,QS,QE,QA,QI,C'
 FOR NODES OF ZLABEL = ' '

 ================================================================================


+DRAGOSAT_V2_GEO_HOT                                                             


          NODE   LABEL                              T             QS            

          100    MLI                              69.10          0.00
          101    MLI                              69.17          0.00
          102    MLI                              68.92          0.00
          103    MLI                              68.99          0.00
          104    MLI                              68.80          0.00
          105    MLI                              69.22          0.00
          106    MLI                              68.95          0.00
          107    MLI                              69.22          0.00
          108    MLI                              68.92          0.00
          109    MLI                              69.06          0.00
          110    MLI                              69.01          0.00
          111    MLI                              69.06          0.00
          112    MLI                              68.97          0.00
          113    MLI                              69.10          0.00
          114    MLI                              68.93          0.00
          115    MLI                              68.89          0.00
          150    MLI                              70.30          0.00
          151    MLI                              70.44          0.00
          152    MLI                              70.41          0.00
          153    MLI                              70.18          0.00
          154    MLI                              70.40          0.00
          155    MLI                              70.65          0.00
          156    MLI                              70.60          0.00
          157    MLI                              70.41          0.00
          158    MLI                              70.39          0.00
          159    MLI                              70.58          0.00
          160    MLI                              70.61          0.00
          161    MLI                              70.37          0.00
          162    MLI                              69.30          0.00
          163    MLI                              69.16          0.00
          164    MLI                              69.19          0.00
          165    MLI                              69.14          0.00
          200    MLI                             -13.47          0.00
          201    MLI                             -10.33          0.00
          202    MLI                              -5.23          0.00
          203    MLI                              -9.29          0.00
          204    MLI                              -8.75          0.00
          205    MLI                              -9.46          0.00
          206    MLI                              -3.59          0.00
          207    MLI                              -1.24          0.00
          208    MLI                              -7.54          0.00
          209    MLI                              -8.17          0.00
          210    MLI                              -1.14          0.00
          211    MLI                              -2.27          0.00
          212    MLI                             -15.49          0.00
          213    MLI                             -12.18          0.00
          214    MLI                              -9.12          0.00
          215    MLI                              -7.41          0.00
          250    MLI                              56.47          0.00
          251    MLI                              55.88          0.00
          252    MLI                              55.82          0.00
          253    MLI                              56.21          0.00
          254    MLI                              56.55          0.00
          255    MLI                              55.39          0.00
          256    MLI                              55.39          0.00
          257    MLI                              56.38          0.00
          258    MLI                              56.67          0.00
          259    MLI                              55.54          0.00
          260    MLI                              55.55          0.00
          261    MLI                              56.35          0.00
          262    MLI                              55.24          0.00
          263    MLI                              54.39          0.00
          264    MLI                              54.34          0.00
          265    MLI                              55.19          0.00
          300    MLI                             200.66          0.00
          301    MLI                             200.61          0.00
          302    MLI                             200.79          0.00
          303    MLI                             200.62          0.00
          304    MLI                             200.62          0.00
          305    MLI                             200.75          0.00
          306    MLI                             200.75          0.00
          307    MLI                             200.55          0.00
          308    MLI                             200.55          0.00
          309    MLI                             200.79          0.00
          310    MLI                             200.87          0.00
          311    MLI                             200.66          0.00
          312    MLI                             200.82          0.00
          313    MLI                             200.70          0.00
          314    MLI                             200.66          0.00
          315    MLI                             200.73          0.00
          350    MLI                              71.60          0.00
          351    MLI                              71.73          0.00
          352    MLI                              71.81          0.00
          353    MLI                              71.58          0.00
          354    MLI                              71.65          0.00
          355    MLI                              71.82          0.00
          356    MLI                              71.87          0.00
          357    MLI                              71.66          0.00
          358    MLI                              71.62          0.00
          359    MLI                              71.90          0.00
          360    MLI                              71.85          0.00
          361    MLI                              71.62          0.00
          362    MLI                              70.53          0.00
          363    MLI                              70.47          0.00
          364    MLI                              70.47          0.00
          365    MLI                              70.65          0.00
          400    MLI                             114.02          0.00
          401    MLI                             113.97          0.00
          402    MLI                             110.48          0.00
          403    MLI                             109.97          0.00
          404    MLI                             116.12          0.00
          405    MLI                             114.86          0.00
          406    MLI                             111.36          0.00
          407    MLI                             111.66          0.00
          408    MLI                             116.19          0.00
          409    MLI                             115.07          0.00
          410    MLI                             110.61          0.00
          411    MLI                             111.24          0.00
          412    MLI                             113.46          0.00
          413    MLI                             112.36          0.00
          414    MLI                             110.27          0.00
          415    MLI                             109.23          0.00
          450    MLI                              66.94          0.00
          451    MLI                              66.56          0.00
          452    MLI                              66.56          0.00
          453    MLI                              67.16          0.00
          454    MLI                              66.86          0.00
          455    MLI                              66.03          0.00
          456    MLI                              66.27          0.00
          457    MLI                              67.21          0.00
          458    MLI                              66.80          0.00
          459    MLI                              66.20          0.00
          460    MLI                              66.22          0.00
          461    MLI                              67.17          0.00
          462    MLI                              65.86          0.00
          463    MLI                              65.22          0.00
          464    MLI                              65.36          0.00
          465    MLI                              66.13          0.00
          500    MLI                             116.02          0.00
          501    MLI                             110.06          0.00
          502    MLI                             109.45          0.00
          503    MLI                             115.49          0.00
          504    MLI                             117.84          0.00
          507    MLI                             114.60          0.00
          508    MLI                             117.76          0.00
          511    MLI                             114.99          0.00
          512    MLI                             116.06          0.00
          513    MLI                             118.76          0.00
          514    MLI                             119.57          0.00
          515    MLI                             116.09          0.00
          550    MLI                              67.84          0.00
          551    MLI                              65.91          0.00
          552    MLI                              65.94          0.00
          553    MLI                              67.63          0.00
          554    MLI                              66.25          0.00
          557    MLI                              65.68          0.00
          558    MLI                              66.25          0.00
          561    MLI                              65.87          0.00
          562    MLI                              67.57          0.00
          563    MLI                              66.32          0.00
          564    MLI                              66.26          0.00
          565    MLI                              67.61          0.00
          600    MLI                              90.15          0.00
          601    MLI                              76.58          0.00
          602    MLI                              89.61          0.00
          603    MLI                              89.85          0.00
          604    MLI                              90.36          0.00
          605    MLI                              78.23          0.00
          606    MLI                              89.33          0.00
          607    MLI                              91.09          0.00
          608    MLI                              90.81          0.00
          609    MLI                              95.13          0.00
          610    MLI                             100.32          0.00
          611    MLI                              91.25          0.00
          612    MLI                              90.57          0.00
          613    MLI                              87.97          0.00
          614    MLI                              92.92          0.00
          615    MLI                              90.45          0.00
          650    MLI                              64.62          0.00
          651    MLI                              64.04          0.00
          652    MLI                              64.79          0.00
          653    MLI                              64.59          0.00
          654    MLI                              64.33          0.00
          655    MLI                              63.89          0.00
          656    MLI                              64.69          0.00
          657    MLI                              64.43          0.00
          658    MLI                              64.33          0.00
          659    MLI                              64.05          0.00
          660    MLI                              64.74          0.00
          661    MLI                              64.39          0.00
          662    MLI                              64.54          0.00
          663    MLI                              63.75          0.00
          664    MLI                              64.78          0.00
          665    MLI                              64.53          0.00
        10000    Body_Panel                       63.47          0.00
        10001    Body_Panel                       63.48          0.00
        10002    Body_Panel                       63.49          0.00
        10003    Body_Panel                       63.49          0.00
        10004    Body_Panel                       63.48          0.00
        10005    Body_Panel                       63.48          0.00
        10006    Body_Panel                       63.49          0.00
        10007    Body_Panel                       63.50          0.00
        10008    Body_Panel                       63.50          0.00
        10009    Body_Panel                       63.48          0.00
        10010    Body_Panel                       63.47          0.00
        10011    Body_Panel                       63.48          0.00
        10012    Body_Panel                       63.49          0.00
        10013    Body_Panel                       63.49          0.00
        10014    Body_Panel                       63.48          0.00
        10015    Body_Panel                       63.44          0.00
        10016    Body_Panel                       63.45          0.00
        10017    Body_Panel                       63.46          0.00
        10018    Body_Panel                       63.46          0.00
        10019    Body_Panel                       63.45          0.00
        10020    Body_Panel                       63.43          0.00
        10021    Body_Panel                       63.43          0.00
        10022    Body_Panel                       63.43          0.00
        10023    Body_Panel                       63.43          0.00
        10024    Body_Panel                       63.43          0.00
        10100    Body_Panel                       62.01          0.00
        10101    Body_Panel                       61.61          0.00
        10102    Body_Panel                       61.05          0.00
        10103    Body_Panel                       61.52          0.00
        10104    Body_Panel                       61.86          0.00
        10105    Body_Panel                       62.12          0.00
        10106    Body_Panel                       61.63          0.00
        10107    Body_Panel                       60.62          0.00
        10108    Body_Panel                       61.52          0.00
        10109    Body_Panel                       61.95          0.00
        10110    Body_Panel                       62.17          0.00
        10111    Body_Panel                       61.52          0.00
        10112    Body_Panel                       59.43          0.00
        10113    Body_Panel                       61.39          0.00
        10114    Body_Panel                       61.96          0.00
        10115    Body_Panel                       62.40          0.00
        10116    Body_Panel                       61.85          0.00
        10117    Body_Panel                       60.70          0.00
        10118    Body_Panel                       61.68          0.00
        10119    Body_Panel                       62.12          0.00
        10120    Body_Panel                       62.26          0.00
        10121    Body_Panel                       61.81          0.00
        10122    Body_Panel                       61.16          0.00
        10123    Body_Panel                       61.66          0.00
        10124    Body_Panel                       62.01          0.00
        10300    Body_Panel                       62.82          0.00
        10301    Body_Panel                       62.82          0.00
        10302    Body_Panel                       62.82          0.00
        10303    Body_Panel                       62.82          0.00
        10304    Body_Panel                       62.81          0.00
        10305    Body_Panel                       62.82          0.00
        10306    Body_Panel                       62.83          0.00
        10307    Body_Panel                       62.83          0.00
        10308    Body_Panel                       62.82          0.00
        10309    Body_Panel                       62.81          0.00
        10310    Body_Panel                       62.81          0.00
        10311    Body_Panel                       62.82          0.00
        10312    Body_Panel                       62.82          0.00
        10313    Body_Panel                       62.81          0.00
        10314    Body_Panel                       62.80          0.00
        10315    Body_Panel                       62.79          0.00
        10316    Body_Panel                       62.79          0.00
        10317    Body_Panel                       62.79          0.00
        10318    Body_Panel                       62.79          0.00
        10319    Body_Panel                       62.78          0.00
        10320    Body_Panel                       62.77          0.00
        10321    Body_Panel                       62.77          0.00
        10322    Body_Panel                       62.77          0.00
        10323    Body_Panel                       62.77          0.00
        10324    Body_Panel                       62.77          0.00
        10400    Body_Panel                       61.64          0.00
        10401    Body_Panel                       61.38          0.00
        10402    Body_Panel                       61.00          0.00
        10403    Body_Panel                       61.52          0.00
        10404    Body_Panel                       61.88          0.00
        10405    Body_Panel                       61.69          0.00
        10406    Body_Panel                       61.38          0.00
        10407    Body_Panel                       60.61          0.00
        10408    Body_Panel                       61.54          0.00
        10409    Body_Panel                       61.97          0.00
        10410    Body_Panel                       61.59          0.00
        10411    Body_Panel                       61.21          0.00
        10412    Body_Panel                       59.53          0.00
        10413    Body_Panel                       61.40          0.00
        10414    Body_Panel                       61.96          0.00
        10415    Body_Panel                       61.57          0.00
        10416    Body_Panel                       61.44          0.00
        10417    Body_Panel                       60.84          0.00
        10418    Body_Panel                       61.67          0.00
        10419    Body_Panel                       62.10          0.00
        10420    Body_Panel                       61.55          0.00
        10421    Body_Panel                       61.42          0.00
        10422    Body_Panel                       61.15          0.00
        10423    Body_Panel                       61.65          0.00
        10424    Body_Panel                       62.00          0.00
        10500    Body_Panel                       54.85          0.00
        10501    Body_Panel                       54.81          0.00
        10502    Body_Panel                       54.79          0.00
        10503    Body_Panel                       54.81          0.00
        10504    Body_Panel                       54.85          0.00
        10505    Body_Panel                       54.77          0.00
        10506    Body_Panel                       54.66          0.00
        10507    Body_Panel                       54.63          0.00
        10508    Body_Panel                       54.65          0.00
        10509    Body_Panel                       54.77          0.00
        10510    Body_Panel                       54.74          0.00
        10511    Body_Panel                       54.62          0.00
        10512    Body_Panel                       54.60          0.00
        10513    Body_Panel                       54.62          0.00
        10514    Body_Panel                       54.72          0.00
        10515    Body_Panel                       54.77          0.00
        10516    Body_Panel                       54.65          0.00
        10517    Body_Panel                       54.61          0.00
        10518    Body_Panel                       54.62          0.00
        10519    Body_Panel                       54.71          0.00
        10520    Body_Panel                       54.84          0.00
        10521    Body_Panel                       54.79          0.00
        10522    Body_Panel                       54.75          0.00
        10523    Body_Panel                       54.74          0.00
        10524    Body_Panel                       54.77          0.00
        10600    Body_Panel                       61.50          0.00
        10601    Body_Panel                       61.50          0.00
        10602    Body_Panel                       61.50          0.00
        10603    Body_Panel                       61.51          0.00
        10604    Body_Panel                       61.49          0.00
        10605    Body_Panel                       61.47          0.00
        10606    Body_Panel                       61.47          0.00
        10607    Body_Panel                       61.50          0.00
        10608    Body_Panel                       61.49          0.00
        10609    Body_Panel                       61.47          0.00
        10610    Body_Panel                       61.47          0.00
        10611    Body_Panel                       61.50          0.00
        10612    Body_Panel                       61.50          0.00
        10613    Body_Panel                       61.50          0.00
        10614    Body_Panel                       61.50          0.00
        10615    Body_Panel                       61.51          0.00
        10650    Body_Inf                         61.50          0.00
        10651    Body_Inf                         61.50          0.00
        10652    Body_Inf                         61.50          0.00
        10653    Body_Inf                         61.51          0.00
        10654    Body_Inf                         61.49          0.00
        10655    Body_Inf                         61.47          0.00
        10656    Body_Inf                         61.47          0.00
        10657    Body_Inf                         61.50          0.00
        10658    Body_Inf                         61.49          0.00
        10659    Body_Inf                         61.47          0.00
        10660    Body_Inf                         61.47          0.00
        10661    Body_Inf                         61.50          0.00
        10662    Body_Inf                         61.50          0.00
        10663    Body_Inf                         61.50          0.00
        10664    Body_Inf                         61.50          0.00
        10665    Body_Inf                         61.51          0.00
        11000    BODY_TRAY                        63.57          0.00
        11001    BODY_TRAY                        63.75          0.00
        11002    BODY_TRAY                        63.76          0.00
        11003    BODY_TRAY                        63.53          0.00
        11004    BODY_TRAY                        63.59          0.00
        11005    BODY_TRAY                        63.80          0.00
        11006    BODY_TRAY                        63.85          0.00
        11007    BODY_TRAY                        63.57          0.00
        11008    BODY_TRAY                        63.55          0.00
        11009    BODY_TRAY                        63.77          0.00
        11010    BODY_TRAY                        63.81          0.00
        11011    BODY_TRAY                        63.53          0.00
        11012    BODY_TRAY                        63.43          0.00
        11013    BODY_TRAY                        63.65          0.00
        11014    BODY_TRAY                        63.66          0.00
        11015    BODY_TRAY                        63.44          0.00
        11100    BODY_TRAY                        67.31          0.00
        11101    BODY_TRAY                        67.47          0.00
        11102    BODY_TRAY                        67.04          0.00
        11103    BODY_TRAY                        66.37          0.00
        11104    BODY_TRAY                        67.89          0.00
        11105    BODY_TRAY                        68.01          0.00
        11106    BODY_TRAY                        67.34          0.00
        11107    BODY_TRAY                        66.53          0.00
        11108    BODY_TRAY                        69.16          0.00
        11109    BODY_TRAY                        69.21          0.00
        11110    BODY_TRAY                        67.78          0.00
        11111    BODY_TRAY                        66.78          0.00
        11112    BODY_TRAY                        69.51          0.00
        11113    BODY_TRAY                        69.52          0.00
        11114    BODY_TRAY                        67.99          0.00
        11115    BODY_TRAY                        66.93          0.00
        20000    SPS_STR                          48.16          0.00
        20001    SPS_STR                          48.19          0.00
        20002    SPS_STR                          48.19          0.00
        20003    SPS_STR                          48.15          0.00
        20004    SPS_STR                          48.39          0.00
        20005    SPS_STR                          48.42          0.00
        20006    SPS_STR                          48.41          0.00
        20007    SPS_STR                          48.38          0.00
        20008    SPS_STR                          48.78          0.00
        20009    SPS_STR                          48.81          0.00
        20010    SPS_STR                          48.80          0.00
        20011    SPS_STR                          48.77          0.00
        20012    SPS_STR                          49.41          0.00
        20013    SPS_STR                          49.45          0.00
        20014    SPS_STR                          49.45          0.00
        20015    SPS_STR                          49.40          0.00
        20016    SPS_STR                          50.19          0.00
        20017    SPS_STR                          50.29          0.00
        20018    SPS_STR                          50.28          0.00
        20019    SPS_STR                          50.18          0.00
        20020    SPS_STR                          51.04          0.00
        20021    SPS_STR                          51.52          0.00
        20022    SPS_STR                          51.51          0.00
        20023    SPS_STR                          51.02          0.00
        20100    SPS_STR                          50.40          0.00
        20101    SPS_STR                          50.90          0.00
        20102    SPS_STR                          50.90          0.00
        20103    SPS_STR                          50.38          0.00
        20104    SPS_STR                          49.52          0.00
        20105    SPS_STR                          49.62          0.00
        20106    SPS_STR                          49.61          0.00
        20107    SPS_STR                          49.51          0.00
        20108    SPS_STR                          48.72          0.00
        20109    SPS_STR                          48.76          0.00
        20110    SPS_STR                          48.76          0.00
        20111    SPS_STR                          48.71          0.00
        20112    SPS_STR                          48.07          0.00
        20113    SPS_STR                          48.10          0.00
        20114    SPS_STR                          48.09          0.00
        20115    SPS_STR                          48.06          0.00
        20116    SPS_STR                          47.67          0.00
        20117    SPS_STR                          47.70          0.00
        20118    SPS_STR                          47.69          0.00
        20119    SPS_STR                          47.66          0.00
        20120    SPS_STR                          47.44          0.00
        20121    SPS_STR                          47.46          0.00
        20122    SPS_STR                          47.46          0.00
        20123    SPS_STR                          47.43          0.00
        21000    SPS_CELL                         48.10          0.00
        21001    SPS_CELL                         48.32          0.00
        21002    SPS_CELL                         48.66          0.00
        21003    SPS_CELL                         49.28          0.00
        21004    SPS_CELL                         49.97          0.00
        21005    SPS_CELL                         50.72          0.00
        21006    SPS_CELL                         48.12          0.00
        21007    SPS_CELL                         48.34          0.00
        21008    SPS_CELL                         48.68          0.00
        21009    SPS_CELL                         49.30          0.00
        21010    SPS_CELL                         50.03          0.00
        21011    SPS_CELL                         50.93          0.00
        21012    SPS_CELL                         48.13          0.00
        21013    SPS_CELL                         48.35          0.00
        21014    SPS_CELL                         48.69          0.00
        21015    SPS_CELL                         49.31          0.00
        21016    SPS_CELL                         50.05          0.00
        21017    SPS_CELL                         51.00          0.00
        21018    SPS_CELL                         48.13          0.00
        21019    SPS_CELL                         48.35          0.00
        21020    SPS_CELL                         48.69          0.00
        21021    SPS_CELL                         49.32          0.00
        21022    SPS_CELL                         50.05          0.00
        21023    SPS_CELL                         51.01          0.00
        21024    SPS_CELL                         48.13          0.00
        21025    SPS_CELL                         48.34          0.00
        21026    SPS_CELL                         48.69          0.00
        21027    SPS_CELL                         49.31          0.00
        21028    SPS_CELL                         50.03          0.00
        21029    SPS_CELL                         50.94          0.00
        21030    SPS_CELL                         48.11          0.00
        21031    SPS_CELL                         48.32          0.00
        21032    SPS_CELL                         48.67          0.00
        21033    SPS_CELL                         49.29          0.00
        21034    SPS_CELL                         49.98          0.00
        21035    SPS_CELL                         50.74          0.00
        21100    SPS_CELL                         50.06          0.00
        21101    SPS_CELL                         49.28          0.00
        21102    SPS_CELL                         48.58          0.00
        21103    SPS_CELL                         47.96          0.00
        21104    SPS_CELL                         47.60          0.00
        21105    SPS_CELL                         47.38          0.00
        21106    SPS_CELL                         50.28          0.00
        21107    SPS_CELL                         49.34          0.00
        21108    SPS_CELL                         48.61          0.00
        21109    SPS_CELL                         47.97          0.00
        21110    SPS_CELL                         47.62          0.00
        21111    SPS_CELL                         47.40          0.00
        21112    SPS_CELL                         50.36          0.00
        21113    SPS_CELL                         49.36          0.00
        21114    SPS_CELL                         48.62          0.00
        21115    SPS_CELL                         47.98          0.00
        21116    SPS_CELL                         47.62          0.00
        21117    SPS_CELL                         47.40          0.00
        21118    SPS_CELL                         50.36          0.00
        21119    SPS_CELL                         49.37          0.00
        21120    SPS_CELL                         48.62          0.00
        21121    SPS_CELL                         47.99          0.00
        21122    SPS_CELL                         47.63          0.00
        21123    SPS_CELL                         47.41          0.00
        21124    SPS_CELL                         50.29          0.00
        21125    SPS_CELL                         49.35          0.00
        21126    SPS_CELL                         48.61          0.00
        21127    SPS_CELL                         47.98          0.00
        21128    SPS_CELL                         47.62          0.00
        21129    SPS_CELL                         47.40          0.00
        21130    SPS_CELL                         50.08          0.00
        21131    SPS_CELL                         49.30          0.00
        21132    SPS_CELL                         48.59          0.00
        21133    SPS_CELL                         47.96          0.00
        21134    SPS_CELL                         47.60          0.00
        21135    SPS_CELL                         47.39          0.00
        30100    IR_CAM_STR                       41.82          0.00
        30101    IR_CAM_STR                       41.85          0.00
        30102    IR_CAM_STR                       51.32          0.00
        30103    IR_CAM_STR                       51.33          0.00
        31000    IR_CAM_ELECT                     79.39          0.00
        31001    IR_CAM_ELECT                     66.65          0.00
        31002    IR_CAM_ELECT                     66.93          0.00
        31003    IR_CAM_ELECT                     66.71          0.00
        31004    IR_CAM_ELECT                     66.83          0.00
        31005    IR_CAM_ELECT                     52.18          0.00
        31100    IR_CAM_ELECT                      0.00          0.00
        32000    IR_CAM_LENS                     104.92          0.00
        40000    INS_EB                           54.76          0.00
        40001    INS_EB                           62.04          0.00
        40002    INS_EB                           62.98          0.00
        40003    INS_EB                           62.49          0.00
        40004    INS_EB                           62.01          0.00
        40005    INS_EB                           71.20          0.00
        40100    IR_EB                            74.03          0.00
        41000    INS_PLD_1                        80.55          0.00
        41001    INS_PLD_1                        77.74          0.00
        41002    INS_PLD_1                        76.33          0.00
        41003    INS_PLD_1                        80.03          0.00
        41004    INS_PLD_1                        76.03          0.00
        41005    INS_PLD_1                        63.92          0.00
        42000    INS_PLD_2                        78.79          0.00
        42001    INS_PLD_2                        79.85          0.00
        42002    INS_PLD_2                        78.05          0.00
        42003    INS_PLD_2                        77.38          0.00
        42004    INS_PLD_2                        77.83          0.00
        42005    INS_PLD_2                        64.08          0.00
        50000    Radiator                          2.86          0.00
        50001    Radiator                         32.08          0.00
        50002    Radiator                         30.69          0.00
        50003    Radiator                         30.73          0.00
        50004    Radiator                         34.59          0.00
        50005    Radiator                         54.56          0.00
 X      99998    INACTIVE_NODE                     0.00          0.00
        99999    ENVIRONMENT                    -270.00          0.00



          NODE          QE            QA            QI            C             

          100          0.02          0.00          0.00         11.48
          101          0.02          0.00          0.00         11.48
          102          0.02          0.00          0.00         11.48
          103          0.02          0.00          0.00         11.48
          104          0.02          0.00          0.00         11.48
          105          0.02          0.00          0.00         11.48
          106          0.02          0.00          0.00         11.48
          107          0.02          0.00          0.00         11.48
          108          0.02          0.00          0.00         11.48
          109          0.02          0.00          0.00         11.48
          110          0.02          0.00          0.00         11.48
          111          0.02          0.00          0.00         11.48
          112          0.02          0.00          0.00         11.48
          113          0.02          0.00          0.00         11.48
          114          0.02          0.00          0.00         11.48
          115          0.02          0.00          0.00         11.48
          150          0.00          0.00          0.00         11.48
          151          0.00          0.00          0.00         11.48
          152          0.00          0.00          0.00         11.48
          153          0.00          0.00          0.00         11.48
          154          0.00          0.00          0.00         11.48
          155          0.00          0.00          0.00         11.48
          156          0.00          0.00          0.00         11.48
          157          0.00          0.00          0.00         11.48
          158          0.00          0.00          0.00         11.48
          159          0.00          0.00          0.00         11.48
          160          0.00          0.00          0.00         11.48
          161          0.00          0.00          0.00         11.48
          162          0.00          0.00          0.00         11.48
          163          0.00          0.00          0.00         11.48
          164          0.00          0.00          0.00         11.48
          165          0.00          0.00          0.00         11.48
          200          0.02          0.00          0.00          9.68
          201          0.02          0.00          0.00          9.68
          202          0.02          0.00          0.00          9.68
          203          0.02          0.00          0.00          9.68
          204          0.02          0.00          0.00          9.68
          205          0.02          0.00          0.00          9.68
          206          0.02          0.00          0.00          9.68
          207          0.02          0.00          0.00          9.68
          208          0.02          0.00          0.00          9.68
          209          0.01          0.00          0.00          9.68
          210          0.02          0.00          0.00          9.68
          211          0.02          0.00          0.00          9.68
          212          0.01          0.00          0.00          9.68
          213          0.01          0.00          0.00          9.68
          214          0.01          0.00          0.00          9.68
          215          0.02          0.00          0.00          9.68
          250          0.00          0.00          0.00          9.68
          251          0.00          0.00          0.00          9.68
          252          0.00          0.00          0.00          9.68
          253          0.00          0.00          0.00          9.68
          254          0.00          0.00          0.00          9.68
          255          0.00          0.00          0.00          9.68
          256          0.00          0.00          0.00          9.68
          257          0.00          0.00          0.00          9.68
          258          0.00          0.00          0.00          9.68
          259          0.00          0.00          0.00          9.68
          260          0.00          0.00          0.00          9.68
          261          0.00          0.00          0.00          9.68
          262          0.00          0.00          0.00          9.68
          263          0.00          0.00          0.00          9.68
          264          0.00          0.00          0.00          9.68
          265          0.00          0.00          0.00          9.68
          300          0.02          0.00          0.00         11.48
          301          0.02          0.00          0.00         11.48
          302          0.02          0.00          0.00         11.48
          303          0.02          0.00          0.00         11.48
          304          0.02          0.00          0.00         11.48
          305          0.02          0.00          0.00         11.48
          306          0.02          0.00          0.00         11.48
          307          0.02          0.00          0.00         11.48
          308          0.02          0.00          0.00         11.48
          309          0.02          0.00          0.00         11.48
          310          0.02          0.00          0.00         11.48
          311          0.02          0.00          0.00         11.48
          312          0.02          0.00          0.00         11.48
          313          0.02          0.00          0.00         11.48
          314          0.02          0.00          0.00         11.48
          315          0.02          0.00          0.00         11.48
          350          0.00          0.00          0.00         11.48
          351          0.00          0.00          0.00         11.48
          352          0.00          0.00          0.00         11.48
          353          0.00          0.00          0.00         11.48
          354          0.00          0.00          0.00         11.48
          355          0.00          0.00          0.00         11.48
          356          0.00          0.00          0.00         11.48
          357          0.00          0.00          0.00         11.48
          358          0.00          0.00          0.00         11.48
          359          0.00          0.00          0.00         11.48
          360          0.00          0.00          0.00         11.48
          361          0.00          0.00          0.00         11.48
          362          0.00          0.00          0.00         11.48
          363          0.00          0.00          0.00         11.48
          364          0.00          0.00          0.00         11.48
          365          0.00          0.00          0.00         11.48
          400          0.02          0.00          0.00          9.68
          401          0.02          0.00          0.00          9.68
          402          0.02          0.00          0.00          9.68
          403          0.02          0.00          0.00          9.68
          404          0.02          0.00          0.00          9.68
          405          0.02          0.00          0.00          9.68
          406          0.02          0.00          0.00          9.68
          407          0.02          0.00          0.00          9.68
          408          0.02          0.00          0.00          9.68
          409          0.02          0.00          0.00          9.68
          410          0.01          0.00          0.00          9.68
          411          0.02          0.00          0.00          9.68
          412          0.02          0.00          0.00          9.68
          413          0.01          0.00          0.00          9.68
          414          0.01          0.00          0.00          9.68
          415          0.01          0.00          0.00          9.68
          450          0.00          0.00          0.00          9.68
          451          0.00          0.00          0.00          9.68
          452          0.00          0.00          0.00          9.68
          453          0.00          0.00          0.00          9.68
          454          0.00          0.00          0.00          9.68
          455          0.00          0.00          0.00          9.68
          456          0.00          0.00          0.00          9.68
          457          0.00          0.00          0.00          9.68
          458          0.00          0.00          0.00          9.68
          459          0.00          0.00          0.00          9.68
          460          0.00          0.00          0.00          9.68
          461          0.00          0.00          0.00          9.68
          462          0.00          0.00          0.00          9.68
          463          0.00          0.00          0.00          9.68
          464          0.00          0.00          0.00          9.68
          465          0.00          0.00          0.00          9.68
          500          0.00          0.00          0.00         18.22
          501          0.00          0.00          0.00         18.22
          502          0.00          0.00          0.00         18.22
          503          0.00          0.00          0.00         18.22
          504          0.00          0.00          0.00         18.22
          507          0.00          0.00          0.00         18.22
          508          0.00          0.00          0.00         18.22
          511          0.00          0.00          0.00         18.22
          512          0.00          0.00          0.00         18.22
          513          0.00          0.00          0.00         18.22
          514          0.00          0.00          0.00         18.22
          515          0.00          0.00          0.00         18.22
          550          0.00          0.00          0.00         18.22
          551          0.00          0.00          0.00         18.22
          552          0.00          0.00          0.00         18.22
          553          0.00          0.00          0.00         18.22
          554          0.00          0.00          0.00         18.22
          557          0.00          0.00          0.00         18.22
          558          0.00          0.00          0.00         18.22
          561          0.00          0.00          0.00         18.22
          562          0.00          0.00          0.00         18.22
          563          0.00          0.00          0.00         18.22
          564          0.00          0.00          0.00         18.22
          565          0.00          0.00          0.00         18.22
          600          0.12          0.00          0.00         18.22
          601          0.12          0.00          0.00         18.22
          602          0.12          0.00          0.00         18.22
          603          0.12          0.00          0.00         18.22
          604          0.12          0.00          0.00         18.22
          605          0.09          0.00          0.00         15.84
          606          0.09          0.00          0.00         15.84
          607          0.12          0.00          0.00         18.22
          608          0.12          0.00          0.00         18.22
          609          0.10          0.00          0.00         15.84
          610          0.10          0.00          0.00         15.84
          611          0.12          0.00          0.00         18.22
          612          0.12          0.00          0.00         18.22
          613          0.12          0.00          0.00         18.22
          614          0.12          0.00          0.00         18.22
          615          0.12          0.00          0.00         18.22
          650          0.00          0.00          0.00         18.22
          651          0.00          0.00          0.00         18.22
          652          0.00          0.00          0.00         18.22
          653          0.00          0.00          0.00         18.22
          654          0.00          0.00          0.00         18.22
          655          0.00          0.00          0.00         15.84
          656          0.00          0.00          0.00         15.84
          657          0.00          0.00          0.00         18.22
          658          0.00          0.00          0.00         18.22
          659          0.00          0.00          0.00         15.84
          660          0.00          0.00          0.00         15.84
          661          0.00          0.00          0.00         18.22
          662          0.00          0.00          0.00         18.22
          663          0.00          0.00          0.00         18.22
          664          0.00          0.00          0.00         18.22
          665          0.00          0.00          0.00         18.22
        10000          0.00          0.00          0.00         43.74
        10001          0.00          0.00          0.00         43.74
        10002          0.00          0.00          0.00         43.74
        10003          0.00          0.00          0.00         43.74
        10004          0.00          0.00          0.00         43.74
        10005          0.00          0.00          0.00         43.74
        10006          0.00          0.00          0.00         43.74
        10007          0.00          0.00          0.00         43.74
        10008          0.00          0.00          0.00         43.74
        10009          0.00          0.00          0.00         43.74
        10010          0.00          0.00          0.00         43.74
        10011          0.00          0.00          0.00         43.74
        10012          0.00          0.00          0.00         43.74
        10013          0.00          0.00          0.00         43.74
        10014          0.00          0.00          0.00         43.74
        10015          0.00          0.00          0.00         43.74
        10016          0.00          0.00          0.00         43.74
        10017          0.00          0.00          0.00         43.74
        10018          0.00          0.00          0.00         43.74
        10019          0.00          0.00          0.00         43.74
        10020          0.00          0.00          0.00         43.74
        10021          0.00          0.00          0.00         43.74
        10022          0.00          0.00          0.00         43.74
        10023          0.00          0.00          0.00         43.74
        10024          0.00          0.00          0.00         43.74
        10100          0.00          0.00          0.00         36.45
        10101          0.00          0.00          0.00         36.45
        10102          0.00          0.00          0.00         36.45
        10103          0.00          0.00          0.00         36.45
        10104          0.00          0.00          0.00         36.45
        10105          0.00          0.00          0.00         36.45
        10106          0.00          0.00          0.00         36.45
        10107          0.00          0.00          0.00         36.45
        10108          0.00          0.00          0.00         36.45
        10109          0.00          0.00          0.00         36.45
        10110          0.00          0.00          0.00         36.45
        10111          0.00          0.00          0.00         36.45
        10112          0.00          0.00          0.00         36.45
        10113          0.00          0.00          0.00         36.45
        10114          0.00          0.00          0.00         36.45
        10115          0.00          0.00          0.00         36.45
        10116          0.00          0.00          0.00         36.45
        10117          0.00          0.00          0.00         36.45
        10118          0.00          0.00          0.00         36.45
        10119          0.00          0.00          0.00         36.45
        10120          0.00          0.00          0.00         36.45
        10121          0.00          0.00          0.00         36.45
        10122          0.00          0.00          0.00         36.45
        10123          0.00          0.00          0.00         36.45
        10124          0.00          0.00          0.00         36.45
        10300          0.00          0.00          0.00         43.74
        10301          0.00          0.00          0.00         43.74
        10302          0.00          0.00          0.00         43.74
        10303          0.00          0.00          0.00         43.74
        10304          0.00          0.00          0.00         43.74
        10305          0.00          0.00          0.00         43.74
        10306          0.00          0.00          0.00         43.74
        10307          0.00          0.00          0.00         43.74
        10308          0.00          0.00          0.00         43.74
        10309          0.00          0.00          0.00         43.74
        10310          0.00          0.00          0.00         43.74
        10311          0.00          0.00          0.00         43.74
        10312          0.00          0.00          0.00         43.74
        10313          0.00          0.00          0.00         43.74
        10314          0.00          0.00          0.00         43.74
        10315          0.00          0.00          0.00         43.74
        10316          0.00          0.00          0.00         43.74
        10317          0.00          0.00          0.00         43.74
        10318          0.00          0.00          0.00         43.74
        10319          0.00          0.00          0.00         43.74
        10320          0.00          0.00          0.00         43.74
        10321          0.00          0.00          0.00         43.74
        10322          0.00          0.00          0.00         43.74
        10323          0.00          0.00          0.00         43.74
        10324          0.00          0.00          0.00         43.74
        10400          0.00          0.00          0.00         36.45
        10401          0.00          0.00          0.00         36.45
        10402          0.00          0.00          0.00         36.45
        10403          0.00          0.00          0.00         36.45
        10404          0.00          0.00          0.00         36.45
        10405          0.00          0.00          0.00         36.45
        10406          0.00          0.00          0.00         36.45
        10407          0.00          0.00          0.00         36.45
        10408          0.00          0.00          0.00         36.45
        10409          0.00          0.00          0.00         36.45
        10410          0.00          0.00          0.00         36.45
        10411          0.00          0.00          0.00         36.45
        10412          0.00          0.00          0.00         36.45
        10413          0.00          0.00          0.00         36.45
        10414          0.00          0.00          0.00         36.45
        10415          0.00          0.00          0.00         36.45
        10416          0.00          0.00          0.00         36.45
        10417          0.00          0.00          0.00         36.45
        10418          0.00          0.00          0.00         36.45
        10419          0.00          0.00          0.00         36.45
        10420          0.00          0.00          0.00         36.45
        10421          0.00          0.00          0.00         36.45
        10422          0.00          0.00          0.00         36.45
        10423          0.00          0.00          0.00         36.45
        10424          0.00          0.00          0.00         36.45
        10500          0.00          0.00          0.00         72.90
        10501          0.00          0.00          0.00         72.90
        10502          0.00          0.00          0.00         72.90
        10503          0.00          0.00          0.00         72.90
        10504          0.00          0.00          0.00         72.90
        10505          0.00          0.00          0.00         72.90
        10506          0.00          0.00          0.00         72.90
        10507          0.00          0.00          0.00         72.90
        10508          0.00          0.00          0.00         72.90
        10509          0.00          0.00          0.00         72.90
        10510          0.00          0.00          0.00         72.90
        10511          0.00          0.00          0.00         72.90
        10512          0.00          0.00          0.00         72.90
        10513          0.00          0.00          0.00         72.90
        10514          0.00          0.00          0.00         72.90
        10515          0.00          0.00          0.00         72.90
        10516          0.00          0.00          0.00         72.90
        10517          0.00          0.00          0.00         72.90
        10518          0.00          0.00          0.00         72.90
        10519          0.00          0.00          0.00         72.90
        10520          0.00          0.00          0.00         72.90
        10521          0.00          0.00          0.00         72.90
        10522          0.00          0.00          0.00         72.90
        10523          0.00          0.00          0.00         72.90
        10524          0.00          0.00          0.00         72.90
        10600          0.00          0.00          0.00         56.95
        10601          0.00          0.00          0.00         56.95
        10602          0.00          0.00          0.00         56.95
        10603          0.00          0.00          0.00         56.95
        10604          0.00          0.00          0.00         56.95
        10605          0.00          0.00          0.00         48.37
        10606          0.00          0.00          0.00         48.37
        10607          0.00          0.00          0.00         56.95
        10608          0.00          0.00          0.00         56.95
        10609          0.00          0.00          0.00         48.37
        10610          0.00          0.00          0.00         48.37
        10611          0.00          0.00          0.00         56.95
        10612          0.00          0.00          0.00         56.95
        10613          0.00          0.00          0.00         56.95
        10614          0.00          0.00          0.00         56.95
        10615          0.00          0.00          0.00         56.95
        10650          0.00          0.00          0.00         56.95
        10651          0.00          0.00          0.00         56.95
        10652          0.00          0.00          0.00         56.95
        10653          0.00          0.00          0.00         56.95
        10654          0.00          0.00          0.00         56.95
        10655          0.00          0.00          0.00         48.37
        10656          0.00          0.00          0.00         48.37
        10657          0.00          0.00          0.00         56.95
        10658          0.00          0.00          0.00         56.95
        10659          0.00          0.00          0.00         48.37
        10660          0.00          0.00          0.00         48.37
        10661          0.00          0.00          0.00         56.95
        10662          0.00          0.00          0.00         56.95
        10663          0.00          0.00          0.00         56.95
        10664          0.00          0.00          0.00         56.95
        10665          0.00          0.00          0.00         56.95
        11000          0.00          0.00          0.00        113.91
        11001          0.00          0.00          0.00        113.91
        11002          0.00          0.00          0.00        113.91
        11003          0.00          0.00          0.00        113.91
        11004          0.00          0.00          0.00        113.91
        11005          0.00          0.00          0.00        113.91
        11006          0.00          0.00          0.00        113.91
        11007          0.00          0.00          0.00        113.91
        11008          0.00          0.00          0.00        113.91
        11009          0.00          0.00          0.00        113.91
        11010          0.00          0.00          0.00        113.91
        11011          0.00          0.00          0.00        113.91
        11012          0.00          0.00          0.00        113.91
        11013          0.00          0.00          0.00        113.91
        11014          0.00          0.00          0.00        113.91
        11015          0.00          0.00          0.00        113.91
        11100          0.00          0.00          0.00        113.91
        11101          0.00          0.00          0.00        113.91
        11102          0.00          0.00          0.00        113.91
        11103          0.00          0.00          0.00        113.91
        11104          0.00          0.00          0.00        113.91
        11105          0.00          0.00          0.00        113.91
        11106          0.00          0.00          0.00        113.91
        11107          0.00          0.00          0.00        113.91
        11108          0.00          0.00          0.00        113.91
        11109          0.00          0.00          0.00        113.91
        11110          0.00          0.00          0.00        113.91
        11111          0.00          0.00          0.00        113.91
        11112          0.00          0.00          0.00        113.91
        11113          0.00          0.00          0.00        113.91
        11114          0.00          0.00          0.00        113.91
        11115          0.00          0.00          0.00        113.91
        20000          0.21          0.00          0.00         91.12
        20001          0.11          0.00          0.00         91.12
        20002          0.11          0.00          0.00         91.12
        20003          0.19          0.00          0.00         91.12
        20004          0.15          0.00          0.00         91.12
        20005          0.01          0.00          0.00         91.12
        20006          0.01          0.00          0.00         91.12
        20007          0.14          0.00          0.00         91.12
        20008          0.15          0.00          0.00         91.12
        20009          0.01          0.00          0.00         91.12
        20010          0.01          0.00          0.00         91.12
        20011          0.14          0.00          0.00         91.12
        20012          0.15          0.00          0.00         91.12
        20013          0.01          0.00          0.00         91.12
        20014          0.01          0.00          0.00         91.12
        20015          0.14          0.00          0.00         91.12
        20016          0.16          0.00          0.00         91.12
        20017          0.02          0.00          0.00         91.12
        20018          0.02          0.00          0.00         91.12
        20019          0.14          0.00          0.00         91.12
        20020          0.22          0.00          0.00         91.12
        20021          0.12          0.00          0.00         91.12
        20022          0.11          0.00          0.00         91.12
        20023          0.18          0.00          0.00         91.12
        20100          0.22          0.00          0.00         91.12
        20101          0.11          0.00          0.00         91.12
        20102          0.11          0.00          0.00         91.12
        20103          0.18          0.00          0.00         91.12
        20104          0.16          0.00          0.00         91.12
        20105          0.02          0.00          0.00         91.12
        20106          0.02          0.00          0.00         91.12
        20107          0.13          0.00          0.00         91.12
        20108          0.15          0.00          0.00         91.12
        20109          0.01          0.00          0.00         91.12
        20110          0.02          0.00          0.00         91.12
        20111          0.14          0.00          0.00         91.12
        20112          0.15          0.00          0.00         91.12
        20113          0.01          0.00          0.00         91.12
        20114          0.01          0.00          0.00         91.12
        20115          0.14          0.00          0.00         91.12
        20116          0.15          0.00          0.00         91.12
        20117          0.01          0.00          0.00         91.12
        20118          0.01          0.00          0.00         91.12
        20119          0.14          0.00          0.00         91.12
        20120          0.21          0.00          0.00         91.12
        20121          0.11          0.00          0.00         91.12
        20122          0.12          0.00          0.00         91.12
        20123          0.19          0.00          0.00         91.12
        21000          0.15          0.00          0.00         19.08
        21001          0.15          0.00          0.00         19.08
        21002          0.15          0.00          0.00         19.08
        21003          0.15          0.00          0.00         19.08
        21004          0.14          0.00          0.00         19.08
        21005          0.14          0.00          0.00         19.08
        21006          0.15          0.00          0.00         19.08
        21007          0.15          0.00          0.00         19.08
        21008          0.15          0.00          0.00         19.08
        21009          0.15          0.00          0.00         19.08
        21010          0.15          0.00          0.00         19.08
        21011          0.14          0.00          0.00         19.08
        21012          0.15          0.00          0.00         19.08
        21013          0.15          0.00          0.00         19.08
        21014          0.15          0.00          0.00         19.08
        21015          0.15          0.00          0.00         19.08
        21016          0.15          0.00          0.00         19.08
        21017          0.14          0.00          0.00         19.08
        21018          0.15          0.00          0.00         19.08
        21019          0.15          0.00          0.00         19.08
        21020          0.15          0.00          0.00         19.08
        21021          0.15          0.00          0.00         19.08
        21022          0.15          0.00          0.00         19.08
        21023          0.14          0.00          0.00         19.08
        21024          0.15          0.00          0.00         19.08
        21025          0.14          0.00          0.00         19.08
        21026          0.15          0.00          0.00         19.08
        21027          0.15          0.00          0.00         19.08
        21028          0.15          0.00          0.00         19.08
        21029          0.14          0.00          0.00         19.08
        21030          0.15          0.00          0.00         19.08
        21031          0.15          0.00          0.00         19.08
        21032          0.15          0.00          0.00         19.08
        21033          0.15          0.00          0.00         19.08
        21034          0.15          0.00          0.00         19.08
        21035          0.15          0.00          0.00         19.08
        21100          0.14          0.00          0.00         19.08
        21101          0.14          0.00          0.00         19.08
        21102          0.15          0.00          0.00         19.08
        21103          0.15          0.00          0.00         19.08
        21104          0.15          0.00          0.00         19.08
        21105          0.15          0.00          0.00         19.08
        21106          0.14          0.00          0.00         19.08
        21107          0.15          0.00          0.00         19.08
        21108          0.15          0.00          0.00         19.08
        21109          0.15          0.00          0.00         19.08
        21110          0.15          0.00          0.00         19.08
        21111          0.15          0.00          0.00         19.08
        21112          0.14          0.00          0.00         19.08
        21113          0.15          0.00          0.00         19.08
        21114          0.15          0.00          0.00         19.08
        21115          0.15          0.00          0.00         19.08
        21116          0.15          0.00          0.00         19.08
        21117          0.14          0.00          0.00         19.08
        21118          0.14          0.00          0.00         19.08
        21119          0.15          0.00          0.00         19.08
        21120          0.15          0.00          0.00         19.08
        21121          0.15          0.00          0.00         19.08
        21122          0.15          0.00          0.00         19.08
        21123          0.15          0.00          0.00         19.08
        21124          0.14          0.00          0.00         19.08
        21125          0.15          0.00          0.00         19.08
        21126          0.15          0.00          0.00         19.08
        21127          0.15          0.00          0.00         19.08
        21128          0.15          0.00          0.00         19.08
        21129          0.14          0.00          0.00         19.08
        21130          0.15          0.00          0.00         19.08
        21131          0.15          0.00          0.00         19.08
        21132          0.15          0.00          0.00         19.08
        21133          0.15          0.00          0.00         19.08
        21134          0.15          0.00          0.00         19.08
        21135          0.15          0.00          0.00         19.08
        30100          0.39          0.00          0.00          4.22
        30101          0.38          0.00          0.00          4.22
        30102          0.18          0.00          0.00          4.22
        30103          0.17          0.00          0.00          4.22
        31000          0.00          0.00          1.67        243.00
        31001          0.00          0.00          0.04         36.45
        31002          0.00          0.00          0.04         36.45
        31003          0.00          0.00          0.04         36.45
        31004          0.00          0.00          0.04         36.45
        31005          0.06          0.00          1.67        243.00
        31100          0.00          0.00          0.00       1000.00
        32000          0.05          0.00          0.00          6.55
        40000          0.00          0.00          0.00         12.15
        40001          0.00          0.00          0.00          4.86
        40002          0.00          0.00          0.00          4.86
        40003          0.00          0.00          0.00          4.86
        40004          0.00          0.00          0.00          4.86
        40005          0.00          0.00          0.00         12.15
        40100          0.00          0.00         13.00         17.56
        41000          0.00          0.00          1.23        423.73
        41001          0.00          0.00          0.76        282.49
        41002          0.00          0.00          0.27        136.69
        41003          0.00          0.00          0.76        282.49
        41004          0.00          0.00          0.27        136.69
        41005          0.00          0.00          1.23        423.73
        42000          0.00          0.00          1.14        328.05
        42001          0.00          0.00          0.53        153.09
        42002          0.00          0.00          0.33         95.68
        42003          0.00          0.00          0.53        153.09
        42004          0.00          0.00          0.33         95.68
        42005          0.00          0.00          1.14        328.05
        50000          0.00          0.00          0.00        262.44
        50001          0.00          0.00          0.00         21.32
        50002          0.00          0.00          0.00         25.27
        50003          0.00          0.00          0.00         21.32
        50004          0.00          0.00          0.00         25.27
        50005          0.00          0.00          0.00        262.44
 X      99998          0.00          0.00          0.00          0.00
        99999          0.00          0.00          0.00          0.00

1
 ESATAN-TMS  2025                                                      Page     6
 16 February  2026  10:31:22                                  DRAGOSAT_V2_GEO_HOT





  TIMEN =   2420.10      MODULE SLCRNC      DTIMEU =   30.2512
 CSGMIN =    0.7304  AT NODE 10610 IN SUB-MODEL  
+                                                DRAGOSAT_V2_GEO_HOT             


 TABLE OUTPUT WITH ZENTS = 'L,T,QS,QE,QA,QI,C'
 FOR NODES OF ZLABEL = ' '

 ================================================================================


+DRAGOSAT_V2_GEO_HOT                                                             


          NODE   LABEL                              T             QS            

          100    MLI                              54.91          0.00
          101    MLI                              54.98          0.00
          102    MLI                              54.74          0.00
          103    MLI                              54.81          0.00
          104    MLI                              54.63          0.00
          105    MLI                              55.02          0.00
          106    MLI                              54.77          0.00
          107    MLI                              55.02          0.00
          108    MLI                              54.74          0.00
          109    MLI                              54.88          0.00
          110    MLI                              54.82          0.00
          111    MLI                              54.88          0.00
          112    MLI                              54.78          0.00
          113    MLI                              54.91          0.00
          114    MLI                              54.75          0.00
          115    MLI                              54.71          0.00
          150    MLI                              69.93          0.00
          151    MLI                              70.06          0.00
          152    MLI                              70.04          0.00
          153    MLI                              69.81          0.00
          154    MLI                              70.03          0.00
          155    MLI                              70.28          0.00
          156    MLI                              70.23          0.00
          157    MLI                              70.04          0.00
          158    MLI                              70.02          0.00
          159    MLI                              70.21          0.00
          160    MLI                              70.24          0.00
          161    MLI                              70.00          0.00
          162    MLI                              68.93          0.00
          163    MLI                              68.79          0.00
          164    MLI                              68.81          0.00
          165    MLI                              68.77          0.00
          200    MLI                             -16.66          0.00
          201    MLI                             -12.99          0.00
          202    MLI                              -7.93          0.00
          203    MLI                             -12.40          0.00
          204    MLI                             -12.56          0.00
          205    MLI                             -12.71          0.00
          206    MLI                              -6.83          0.00
          207    MLI                              -5.20          0.00
          208    MLI                             -10.93          0.00
          209    MLI                             -11.19          0.00
          210    MLI                              -5.21          0.00
          211    MLI                              -6.68          0.00
          212    MLI                             -18.29          0.00
          213    MLI                             -14.81          0.00
          214    MLI                             -12.36          0.00
          215    MLI                             -11.21          0.00
          250    MLI                              56.47          0.00
          251    MLI                              55.88          0.00
          252    MLI                              55.83          0.00
          253    MLI                              56.23          0.00
          254    MLI                              56.56          0.00
          255    MLI                              55.39          0.00
          256    MLI                              55.40          0.00
          257    MLI                              56.40          0.00
          258    MLI                              56.68          0.00
          259    MLI                              55.54          0.00
          260    MLI                              55.55          0.00
          261    MLI                              56.36          0.00
          262    MLI                              55.25          0.00
          263    MLI                              54.39          0.00
          264    MLI                              54.34          0.00
          265    MLI                              55.20          0.00
          300    MLI                             151.89          0.00
          301    MLI                             151.84          0.00
          302    MLI                             151.99          0.00
          303    MLI                             151.85          0.00
          304    MLI                             151.85          0.00
          305    MLI                             151.96          0.00
          306    MLI                             151.95          0.00
          307    MLI                             151.80          0.00
          308    MLI                             151.80          0.00
          309    MLI                             151.99          0.00
          310    MLI                             152.06          0.00
          311    MLI                             151.89          0.00
          312    MLI                             152.01          0.00
          313    MLI                             151.91          0.00
          314    MLI                             151.88          0.00
          315    MLI                             151.94          0.00
          350    MLI                              71.80          0.00
          351    MLI                              71.93          0.00
          352    MLI                              72.00          0.00
          353    MLI                              71.77          0.00
          354    MLI                              71.84          0.00
          355    MLI                              72.01          0.00
          356    MLI                              72.06          0.00
          357    MLI                              71.85          0.00
          358    MLI                              71.81          0.00
          359    MLI                              72.09          0.00
          360    MLI                              72.04          0.00
          361    MLI                              71.82          0.00
          362    MLI                              70.72          0.00
          363    MLI                              70.66          0.00
          364    MLI                              70.66          0.00
          365    MLI                              70.85          0.00
          400    MLI                              92.09          0.00
          401    MLI                              92.67          0.00
          402    MLI                              89.58          0.00
          403    MLI                              88.59          0.00
          404    MLI                              93.47          0.00
          405    MLI                              92.99          0.00
          406    MLI                              89.82          0.00
          407    MLI                              89.61          0.00
          408    MLI                              93.00          0.00
          409    MLI                              92.59          0.00
          410    MLI                              89.49          0.00
          411    MLI                              89.66          0.00
          412    MLI                              91.04          0.00
          413    MLI                              90.67          0.00
          414    MLI                              89.37          0.00
          415    MLI                              88.07          0.00
          450    MLI                              66.90          0.00
          451    MLI                              66.51          0.00
          452    MLI                              66.49          0.00
          453    MLI                              67.09          0.00
          454    MLI                              66.82          0.00
          455    MLI                              65.98          0.00
          456    MLI                              66.19          0.00
          457    MLI                              67.15          0.00
          458    MLI                              66.76          0.00
          459    MLI                              66.14          0.00
          460    MLI                              66.15          0.00
          461    MLI                              67.10          0.00
          462    MLI                              65.81          0.00
          463    MLI                              65.16          0.00
          464    MLI                              65.30          0.00
          465    MLI                              66.06          0.00
          500    MLI                              91.32          0.00
          501    MLI                              86.95          0.00
          502    MLI                              86.47          0.00
          503    MLI                              90.92          0.00
          504    MLI                              92.92          0.00
          507    MLI                              90.40          0.00
          508    MLI                              92.84          0.00
          511    MLI                              90.74          0.00
          512    MLI                              91.34          0.00
          513    MLI                              93.62          0.00
          514    MLI                              94.31          0.00
          515    MLI                              91.38          0.00
          550    MLI                              67.56          0.00
          551    MLI                              65.61          0.00
          552    MLI                              65.63          0.00
          553    MLI                              67.34          0.00
          554    MLI                              65.97          0.00
          557    MLI                              65.40          0.00
          558    MLI                              65.97          0.00
          561    MLI                              65.58          0.00
          562    MLI                              67.29          0.00
          563    MLI                              66.06          0.00
          564    MLI                              66.00          0.00
          565    MLI                              67.33          0.00
          600    MLI                              74.71          0.00
          601    MLI                              63.82          0.00
          602    MLI                              74.40          0.00
          603    MLI                              74.42          0.00
          604    MLI                              74.91          0.00
          605    MLI                              65.80          0.00
          606    MLI                              74.77          0.00
          607    MLI                              75.53          0.00
          608    MLI                              75.28          0.00
          609    MLI                              79.46          0.00
          610    MLI                              83.52          0.00
          611    MLI                              75.62          0.00
          612    MLI                              75.04          0.00
          613    MLI                              73.02          0.00
          614    MLI                              77.05          0.00
          615    MLI                              74.93          0.00
          650    MLI                              64.59          0.00
          651    MLI                              63.98          0.00
          652    MLI                              64.76          0.00
          653    MLI                              64.57          0.00
          654    MLI                              64.30          0.00
          655    MLI                              63.81          0.00
          656    MLI                              64.62          0.00
          657    MLI                              64.41          0.00
          658    MLI                              64.31          0.00
          659    MLI                              64.05          0.00
          660    MLI                              64.73          0.00
          661    MLI                              64.37          0.00
          662    MLI                              64.52          0.00
          663    MLI                              63.75          0.00
          664    MLI                              64.77          0.00
          665    MLI                              64.51          0.00
        10000    Body_Panel                       63.52          0.00
        10001    Body_Panel                       63.53          0.00
        10002    Body_Panel                       63.54          0.00
        10003    Body_Panel                       63.54          0.00
        10004    Body_Panel                       63.53          0.00
        10005    Body_Panel                       63.52          0.00
        10006    Body_Panel                       63.54          0.00
        10007    Body_Panel                       63.55          0.00
        10008    Body_Panel                       63.55          0.00
        10009    Body_Panel                       63.53          0.00
        10010    Body_Panel                       63.51          0.00
        10011    Body_Panel                       63.53          0.00
        10012    Body_Panel                       63.54          0.00
        10013    Body_Panel                       63.54          0.00
        10014    Body_Panel                       63.52          0.00
        10015    Body_Panel                       63.49          0.00
        10016    Body_Panel                       63.50          0.00
        10017    Body_Panel                       63.51          0.00
        10018    Body_Panel                       63.51          0.00
        10019    Body_Panel                       63.50          0.00
        10020    Body_Panel                       63.47          0.00
        10021    Body_Panel                       63.48          0.00
        10022    Body_Panel                       63.49          0.00
        10023    Body_Panel                       63.49          0.00
        10024    Body_Panel                       63.48          0.00
        10100    Body_Panel                       60.13          0.00
        10101    Body_Panel                       59.54          0.00
        10102    Body_Panel                       58.73          0.00
        10103    Body_Panel                       59.45          0.00
        10104    Body_Panel                       59.97          0.00
        10105    Body_Panel                       60.28          0.00
        10106    Body_Panel                       59.56          0.00
        10107    Body_Panel                       58.10          0.00
        10108    Body_Panel                       59.46          0.00
        10109    Body_Panel                       60.10          0.00
        10110    Body_Panel                       60.26          0.00
        10111    Body_Panel                       59.33          0.00
        10112    Body_Panel                       56.35          0.00
        10113    Body_Panel                       59.19          0.00
        10114    Body_Panel                       60.04          0.00
        10115    Body_Panel                       60.51          0.00
        10116    Body_Panel                       59.73          0.00
        10117    Body_Panel                       58.15          0.00
        10118    Body_Panel                       59.56          0.00
        10119    Body_Panel                       60.22          0.00
        10120    Body_Panel                       60.33          0.00
        10121    Body_Panel                       59.69          0.00
        10122    Body_Panel                       58.79          0.00
        10123    Body_Panel                       59.53          0.00
        10124    Body_Panel                       60.07          0.00
        10300    Body_Panel                       62.88          0.00
        10301    Body_Panel                       62.89          0.00
        10302    Body_Panel                       62.89          0.00
        10303    Body_Panel                       62.88          0.00
        10304    Body_Panel                       62.87          0.00
        10305    Body_Panel                       62.88          0.00
        10306    Body_Panel                       62.89          0.00
        10307    Body_Panel                       62.89          0.00
        10308    Body_Panel                       62.89          0.00
        10309    Body_Panel                       62.87          0.00
        10310    Body_Panel                       62.87          0.00
        10311    Body_Panel                       62.88          0.00
        10312    Body_Panel                       62.88          0.00
        10313    Body_Panel                       62.88          0.00
        10314    Body_Panel                       62.86          0.00
        10315    Body_Panel                       62.85          0.00
        10316    Body_Panel                       62.85          0.00
        10317    Body_Panel                       62.85          0.00
        10318    Body_Panel                       62.85          0.00
        10319    Body_Panel                       62.84          0.00
        10320    Body_Panel                       62.83          0.00
        10321    Body_Panel                       62.84          0.00
        10322    Body_Panel                       62.84          0.00
        10323    Body_Panel                       62.83          0.00
        10324    Body_Panel                       62.83          0.00
        10400    Body_Panel                       59.70          0.00
        10401    Body_Panel                       59.28          0.00
        10402    Body_Panel                       58.66          0.00
        10403    Body_Panel                       59.46          0.00
        10404    Body_Panel                       60.01          0.00
        10405    Body_Panel                       59.79          0.00
        10406    Body_Panel                       59.29          0.00
        10407    Body_Panel                       58.08          0.00
        10408    Body_Panel                       59.48          0.00
        10409    Body_Panel                       60.14          0.00
        10410    Body_Panel                       59.59          0.00
        10411    Body_Panel                       58.98          0.00
        10412    Body_Panel                       56.45          0.00
        10413    Body_Panel                       59.23          0.00
        10414    Body_Panel                       60.07          0.00
        10415    Body_Panel                       59.53          0.00
        10416    Body_Panel                       59.28          0.00
        10417    Body_Panel                       58.35          0.00
        10418    Body_Panel                       59.57          0.00
        10419    Body_Panel                       60.22          0.00
        10420    Body_Panel                       59.50          0.00
        10421    Body_Panel                       59.26          0.00
        10422    Body_Panel                       58.83          0.00
        10423    Body_Panel                       59.55          0.00
        10424    Body_Panel                       60.08          0.00
        10500    Body_Panel                       54.81          0.00
        10501    Body_Panel                       54.77          0.00
        10502    Body_Panel                       54.75          0.00
        10503    Body_Panel                       54.77          0.00
        10504    Body_Panel                       54.81          0.00
        10505    Body_Panel                       54.74          0.00
        10506    Body_Panel                       54.62          0.00
        10507    Body_Panel                       54.59          0.00
        10508    Body_Panel                       54.61          0.00
        10509    Body_Panel                       54.73          0.00
        10510    Body_Panel                       54.71          0.00
        10511    Body_Panel                       54.58          0.00
        10512    Body_Panel                       54.56          0.00
        10513    Body_Panel                       54.58          0.00
        10514    Body_Panel                       54.68          0.00
        10515    Body_Panel                       54.73          0.00
        10516    Body_Panel                       54.61          0.00
        10517    Body_Panel                       54.57          0.00
        10518    Body_Panel                       54.58          0.00
        10519    Body_Panel                       54.67          0.00
        10520    Body_Panel                       54.80          0.00
        10521    Body_Panel                       54.75          0.00
        10522    Body_Panel                       54.71          0.00
        10523    Body_Panel                       54.70          0.00
        10524    Body_Panel                       54.74          0.00
        10600    Body_Panel                       61.53          0.00
        10601    Body_Panel                       61.52          0.00
        10602    Body_Panel                       61.53          0.00
        10603    Body_Panel                       61.54          0.00
        10604    Body_Panel                       61.53          0.00
        10605    Body_Panel                       61.50          0.00
        10606    Body_Panel                       61.50          0.00
        10607    Body_Panel                       61.53          0.00
        10608    Body_Panel                       61.53          0.00
        10609    Body_Panel                       61.50          0.00
        10610    Body_Panel                       61.50          0.00
        10611    Body_Panel                       61.53          0.00
        10612    Body_Panel                       61.53          0.00
        10613    Body_Panel                       61.52          0.00
        10614    Body_Panel                       61.53          0.00
        10615    Body_Panel                       61.54          0.00
        10650    Body_Inf                         61.53          0.00
        10651    Body_Inf                         61.52          0.00
        10652    Body_Inf                         61.53          0.00
        10653    Body_Inf                         61.54          0.00
        10654    Body_Inf                         61.53          0.00
        10655    Body_Inf                         61.50          0.00
        10656    Body_Inf                         61.50          0.00
        10657    Body_Inf                         61.53          0.00
        10658    Body_Inf                         61.53          0.00
        10659    Body_Inf                         61.50          0.00
        10660    Body_Inf                         61.50          0.00
        10661    Body_Inf                         61.53          0.00
        10662    Body_Inf                         61.53          0.00
        10663    Body_Inf                         61.52          0.00
        10664    Body_Inf                         61.53          0.00
        10665    Body_Inf                         61.54          0.00
        11000    BODY_TRAY                        63.14          0.00
        11001    BODY_TRAY                        63.45          0.00
        11002    BODY_TRAY                        63.45          0.00
        11003    BODY_TRAY                        63.05          0.00
        11004    BODY_TRAY                        63.16          0.00
        11005    BODY_TRAY                        63.51          0.00
        11006    BODY_TRAY                        63.55          0.00
        11007    BODY_TRAY                        63.10          0.00
        11008    BODY_TRAY                        63.11          0.00
        11009    BODY_TRAY                        63.47          0.00
        11010    BODY_TRAY                        63.50          0.00
        11011    BODY_TRAY                        63.04          0.00
        11012    BODY_TRAY                        62.94          0.00
        11013    BODY_TRAY                        63.32          0.00
        11014    BODY_TRAY                        63.33          0.00
        11015    BODY_TRAY                        62.93          0.00
        11100    BODY_TRAY                        66.90          0.00
        11101    BODY_TRAY                        67.17          0.00
        11102    BODY_TRAY                        66.72          0.00
        11103    BODY_TRAY                        65.91          0.00
        11104    BODY_TRAY                        67.48          0.00
        11105    BODY_TRAY                        67.72          0.00
        11106    BODY_TRAY                        67.02          0.00
        11107    BODY_TRAY                        66.07          0.00
        11108    BODY_TRAY                        68.77          0.00
        11109    BODY_TRAY                        68.91          0.00
        11110    BODY_TRAY                        67.47          0.00
        11111    BODY_TRAY                        66.34          0.00
        11112    BODY_TRAY                        69.13          0.00
        11113    BODY_TRAY                        69.23          0.00
        11114    BODY_TRAY                        67.69          0.00
        11115    BODY_TRAY                        66.50          0.00
        20000    SPS_STR                          39.35          0.00
        20001    SPS_STR                          39.38          0.00
        20002    SPS_STR                          39.37          0.00
        20003    SPS_STR                          39.35          0.00
        20004    SPS_STR                          39.67          0.00
        20005    SPS_STR                          39.70          0.00
        20006    SPS_STR                          39.69          0.00
        20007    SPS_STR                          39.67          0.00
        20008    SPS_STR                          40.30          0.00
        20009    SPS_STR                          40.32          0.00
        20010    SPS_STR                          40.32          0.00
        20011    SPS_STR                          40.29          0.00
        20012    SPS_STR                          41.34          0.00
        20013    SPS_STR                          41.39          0.00
        20014    SPS_STR                          41.39          0.00
        20015    SPS_STR                          41.34          0.00
        20016    SPS_STR                          42.63          0.00
        20017    SPS_STR                          42.74          0.00
        20018    SPS_STR                          42.74          0.00
        20019    SPS_STR                          42.62          0.00
        20020    SPS_STR                          43.97          0.00
        20021    SPS_STR                          44.66          0.00
        20022    SPS_STR                          44.66          0.00
        20023    SPS_STR                          43.96          0.00
        20100    SPS_STR                          43.45          0.00
        20101    SPS_STR                          44.17          0.00
        20102    SPS_STR                          44.16          0.00
        20103    SPS_STR                          43.44          0.00
        20104    SPS_STR                          42.08          0.00
        20105    SPS_STR                          42.20          0.00
        20106    SPS_STR                          42.20          0.00
        20107    SPS_STR                          42.07          0.00
        20108    SPS_STR                          40.77          0.00
        20109    SPS_STR                          40.82          0.00
        20110    SPS_STR                          40.81          0.00
        20111    SPS_STR                          40.77          0.00
        20112    SPS_STR                          39.70          0.00
        20113    SPS_STR                          39.72          0.00
        20114    SPS_STR                          39.72          0.00
        20115    SPS_STR                          39.70          0.00
        20116    SPS_STR                          39.05          0.00
        20117    SPS_STR                          39.08          0.00
        20118    SPS_STR                          39.07          0.00
        20119    SPS_STR                          39.05          0.00
        20120    SPS_STR                          38.72          0.00
        20121    SPS_STR                          38.74          0.00
        20122    SPS_STR                          38.74          0.00
        20123    SPS_STR                          38.72          0.00
        21000    SPS_CELL                         39.33          0.00
        21001    SPS_CELL                         39.65          0.00
        21002    SPS_CELL                         40.21          0.00
        21003    SPS_CELL                         41.23          0.00
        21004    SPS_CELL                         42.37          0.00
        21005    SPS_CELL                         43.57          0.00
        21006    SPS_CELL                         39.35          0.00
        21007    SPS_CELL                         39.66          0.00
        21008    SPS_CELL                         40.22          0.00
        21009    SPS_CELL                         41.25          0.00
        21010    SPS_CELL                         42.44          0.00
        21011    SPS_CELL                         43.87          0.00
        21012    SPS_CELL                         39.35          0.00
        21013    SPS_CELL                         39.67          0.00
        21014    SPS_CELL                         40.23          0.00
        21015    SPS_CELL                         41.26          0.00
        21016    SPS_CELL                         42.46          0.00
        21017    SPS_CELL                         43.97          0.00
        21018    SPS_CELL                         39.36          0.00
        21019    SPS_CELL                         39.67          0.00
        21020    SPS_CELL                         40.23          0.00
        21021    SPS_CELL                         41.26          0.00
        21022    SPS_CELL                         42.46          0.00
        21023    SPS_CELL                         43.97          0.00
        21024    SPS_CELL                         39.35          0.00
        21025    SPS_CELL                         39.67          0.00
        21026    SPS_CELL                         40.22          0.00
        21027    SPS_CELL                         41.26          0.00
        21028    SPS_CELL                         42.44          0.00
        21029    SPS_CELL                         43.88          0.00
        21030    SPS_CELL                         39.34          0.00
        21031    SPS_CELL                         39.65          0.00
        21032    SPS_CELL                         40.21          0.00
        21033    SPS_CELL                         41.23          0.00
        21034    SPS_CELL                         42.37          0.00
        21035    SPS_CELL                         43.58          0.00
        21100    SPS_CELL                         43.04          0.00
        21101    SPS_CELL                         41.81          0.00
        21102    SPS_CELL                         40.65          0.00
        21103    SPS_CELL                         39.61          0.00
        21104    SPS_CELL                         39.03          0.00
        21105    SPS_CELL                         38.71          0.00
        21106    SPS_CELL                         43.34          0.00
        21107    SPS_CELL                         41.88          0.00
        21108    SPS_CELL                         40.68          0.00
        21109    SPS_CELL                         39.62          0.00
        21110    SPS_CELL                         39.04          0.00
        21111    SPS_CELL                         38.72          0.00
        21112    SPS_CELL                         43.44          0.00
        21113    SPS_CELL                         41.90          0.00
        21114    SPS_CELL                         40.69          0.00
        21115    SPS_CELL                         39.63          0.00
        21116    SPS_CELL                         39.05          0.00
        21117    SPS_CELL                         38.72          0.00
        21118    SPS_CELL                         43.45          0.00
        21119    SPS_CELL                         41.91          0.00
        21120    SPS_CELL                         40.69          0.00
        21121    SPS_CELL                         39.63          0.00
        21122    SPS_CELL                         39.05          0.00
        21123    SPS_CELL                         38.73          0.00
        21124    SPS_CELL                         43.34          0.00
        21125    SPS_CELL                         41.88          0.00
        21126    SPS_CELL                         40.68          0.00
        21127    SPS_CELL                         39.62          0.00
        21128    SPS_CELL                         39.04          0.00
        21129    SPS_CELL                         38.72          0.00
        21130    SPS_CELL                         43.05          0.00
        21131    SPS_CELL                         41.82          0.00
        21132    SPS_CELL                         40.66          0.00
        21133    SPS_CELL                         39.61          0.00
        21134    SPS_CELL                         39.03          0.00
        21135    SPS_CELL                         38.71          0.00
        30100    IR_CAM_STR                       40.87          0.00
        30101    IR_CAM_STR                       40.89          0.00
        30102    IR_CAM_STR                       50.56          0.00
        30103    IR_CAM_STR                       50.57          0.00
        31000    IR_CAM_ELECT                     79.45          0.00
        31001    IR_CAM_ELECT                     66.69          0.00
        31002    IR_CAM_ELECT                     66.98          0.00
        31003    IR_CAM_ELECT                     66.75          0.00
        31004    IR_CAM_ELECT                     66.88          0.00
        31005    IR_CAM_ELECT                     51.44          0.00
        31100    IR_CAM_ELECT                      0.00          0.00
        32000    IR_CAM_LENS                      76.66          0.00
        40000    INS_EB                           54.71          0.00
        40001    INS_EB                           61.82          0.00
        40002    INS_EB                           62.88          0.00
        40003    INS_EB                           61.84          0.00
        40004    INS_EB                           61.76          0.00
        40005    INS_EB                           70.87          0.00
        40100    IR_EB                            73.71          0.00
        41000    INS_PLD_1                        80.62          0.00
        41001    INS_PLD_1                        77.77          0.00
        41002    INS_PLD_1                        76.38          0.00
        41003    INS_PLD_1                        80.10          0.00
        41004    INS_PLD_1                        76.09          0.00
        41005    INS_PLD_1                        63.63          0.00
        42000    INS_PLD_2                        78.88          0.00
        42001    INS_PLD_2                        79.94          0.00
        42002    INS_PLD_2                        78.13          0.00
        42003    INS_PLD_2                        77.43          0.00
        42004    INS_PLD_2                        77.91          0.00
        42005    INS_PLD_2                        63.82          0.00
        50000    Radiator                          0.34          0.00
        50001    Radiator                         30.66          0.00
        50002    Radiator                         29.71          0.00
        50003    Radiator                         29.85          0.00
        50004    Radiator                         32.40          0.00
        50005    Radiator                         54.52          0.00
 X      99998    INACTIVE_NODE                     0.00          0.00
        99999    ENVIRONMENT                    -270.00          0.00



          NODE          QE            QA            QI            C             

          100          0.02          0.00          0.00         11.48
          101          0.02          0.00          0.00         11.48
          102          0.02          0.00          0.00         11.48
          103          0.02          0.00          0.00         11.48
          104          0.02          0.00          0.00         11.48
          105          0.02          0.00          0.00         11.48
          106          0.02          0.00          0.00         11.48
          107          0.02          0.00          0.00         11.48
          108          0.02          0.00          0.00         11.48
          109          0.02          0.00          0.00         11.48
          110          0.02          0.00          0.00         11.48
          111          0.02          0.00          0.00         11.48
          112          0.02          0.00          0.00         11.48
          113          0.02          0.00          0.00         11.48
          114          0.02          0.00          0.00         11.48
          115          0.02          0.00          0.00         11.48
          150          0.00          0.00          0.00         11.48
          151          0.00          0.00          0.00         11.48
          152          0.00          0.00          0.00         11.48
          153          0.00          0.00          0.00         11.48
          154          0.00          0.00          0.00         11.48
          155          0.00          0.00          0.00         11.48
          156          0.00          0.00          0.00         11.48
          157          0.00          0.00          0.00         11.48
          158          0.00          0.00          0.00         11.48
          159          0.00          0.00          0.00         11.48
          160          0.00          0.00          0.00         11.48
          161          0.00          0.00          0.00         11.48
          162          0.00          0.00          0.00         11.48
          163          0.00          0.00          0.00         11.48
          164          0.00          0.00          0.00         11.48
          165          0.00          0.00          0.00         11.48
          200          0.02          0.00          0.00          9.68
          201          0.02          0.00          0.00          9.68
          202          0.02          0.00          0.00          9.68
          203          0.02          0.00          0.00          9.68
          204          0.02          0.00          0.00          9.68
          205          0.02          0.00          0.00          9.68
          206          0.02          0.00          0.00          9.68
          207          0.02          0.00          0.00          9.68
          208          0.02          0.00          0.00          9.68
          209          0.02          0.00          0.00          9.68
          210          0.02          0.00          0.00          9.68
          211          0.02          0.00          0.00          9.68
          212          0.01          0.00          0.00          9.68
          213          0.01          0.00          0.00          9.68
          214          0.01          0.00          0.00          9.68
          215          0.01          0.00          0.00          9.68
          250          0.00          0.00          0.00          9.68
          251          0.00          0.00          0.00          9.68
          252          0.00          0.00          0.00          9.68
          253          0.00          0.00          0.00          9.68
          254          0.00          0.00          0.00          9.68
          255          0.00          0.00          0.00          9.68
          256          0.00          0.00          0.00          9.68
          257          0.00          0.00          0.00          9.68
          258          0.00          0.00          0.00          9.68
          259          0.00          0.00          0.00          9.68
          260          0.00          0.00          0.00          9.68
          261          0.00          0.00          0.00          9.68
          262          0.00          0.00          0.00          9.68
          263          0.00          0.00          0.00          9.68
          264          0.00          0.00          0.00          9.68
          265          0.00          0.00          0.00          9.68
          300          0.02          0.00          0.00         11.48
          301          0.02          0.00          0.00         11.48
          302          0.02          0.00          0.00         11.48
          303          0.02          0.00          0.00         11.48
          304          0.02          0.00          0.00         11.48
          305          0.02          0.00          0.00         11.48
          306          0.02          0.00          0.00         11.48
          307          0.02          0.00          0.00         11.48
          308          0.02          0.00          0.00         11.48
          309          0.02          0.00          0.00         11.48
          310          0.02          0.00          0.00         11.48
          311          0.02          0.00          0.00         11.48
          312          0.02          0.00          0.00         11.48
          313          0.02          0.00          0.00         11.48
          314          0.02          0.00          0.00         11.48
          315          0.02          0.00          0.00         11.48
          350          0.00          0.00          0.00         11.48
          351          0.00          0.00          0.00         11.48
          352          0.00          0.00          0.00         11.48
          353          0.00          0.00          0.00         11.48
          354          0.00          0.00          0.00         11.48
          355          0.00          0.00          0.00         11.48
          356          0.00          0.00          0.00         11.48
          357          0.00          0.00          0.00         11.48
          358          0.00          0.00          0.00         11.48
          359          0.00          0.00          0.00         11.48
          360          0.00          0.00          0.00         11.48
          361          0.00          0.00          0.00         11.48
          362          0.00          0.00          0.00         11.48
          363          0.00          0.00          0.00         11.48
          364          0.00          0.00          0.00         11.48
          365          0.00          0.00          0.00         11.48
          400          0.02          0.00          0.00          9.68
          401          0.02          0.00          0.00          9.68
          402          0.02          0.00          0.00          9.68
          403          0.02          0.00          0.00          9.68
          404          0.02          0.00          0.00          9.68
          405          0.02          0.00          0.00          9.68
          406          0.02          0.00          0.00          9.68
          407          0.02          0.00          0.00          9.68
          408          0.02          0.00          0.00          9.68
          409          0.02          0.00          0.00          9.68
          410          0.02          0.00          0.00          9.68
          411          0.02          0.00          0.00          9.68
          412          0.01          0.00          0.00          9.68
          413          0.01          0.00          0.00          9.68
          414          0.01          0.00          0.00          9.68
          415          0.01          0.00          0.00          9.68
          450          0.00          0.00          0.00          9.68
          451          0.00          0.00          0.00          9.68
          452          0.00          0.00          0.00          9.68
          453          0.00          0.00          0.00          9.68
          454          0.00          0.00          0.00          9.68
          455          0.00          0.00          0.00          9.68
          456          0.00          0.00          0.00          9.68
          457          0.00          0.00          0.00          9.68
          458          0.00          0.00          0.00          9.68
          459          0.00          0.00          0.00          9.68
          460          0.00          0.00          0.00          9.68
          461          0.00          0.00          0.00          9.68
          462          0.00          0.00          0.00          9.68
          463          0.00          0.00          0.00          9.68
          464          0.00          0.00          0.00          9.68
          465          0.00          0.00          0.00          9.68
          500          0.00          0.00          0.00         18.22
          501          0.00          0.00          0.00         18.22
          502          0.00          0.00          0.00         18.22
          503          0.00          0.00          0.00         18.22
          504          0.00          0.00          0.00         18.22
          507          0.00          0.00          0.00         18.22
          508          0.00          0.00          0.00         18.22
          511          0.00          0.00          0.00         18.22
          512          0.00          0.00          0.00         18.22
          513          0.00          0.00          0.00         18.22
          514          0.00          0.00          0.00         18.22
          515          0.00          0.00          0.00         18.22
          550          0.00          0.00          0.00         18.22
          551          0.00          0.00          0.00         18.22
          552          0.00          0.00          0.00         18.22
          553          0.00          0.00          0.00         18.22
          554          0.00          0.00          0.00         18.22
          557          0.00          0.00          0.00         18.22
          558          0.00          0.00          0.00         18.22
          561          0.00          0.00          0.00         18.22
          562          0.00          0.00          0.00         18.22
          563          0.00          0.00          0.00         18.22
          564          0.00          0.00          0.00         18.22
          565          0.00          0.00          0.00         18.22
          600          0.12          0.00          0.00         18.22
          601          0.12          0.00          0.00         18.22
          602          0.12          0.00          0.00         18.22
          603          0.12          0.00          0.00         18.22
          604          0.12          0.00          0.00         18.22
          605          0.09          0.00          0.00         15.84
          606          0.09          0.00          0.00         15.84
          607          0.12          0.00          0.00         18.22
          608          0.12          0.00          0.00         18.22
          609          0.10          0.00          0.00         15.84
          610          0.10          0.00          0.00         15.84
          611          0.12          0.00          0.00         18.22
          612          0.12          0.00          0.00         18.22
          613          0.12          0.00          0.00         18.22
          614          0.12          0.00          0.00         18.22
          615          0.12          0.00          0.00         18.22
          650          0.00          0.00          0.00         18.22
          651          0.00          0.00          0.00         18.22
          652          0.00          0.00          0.00         18.22
          653          0.00          0.00          0.00         18.22
          654          0.00          0.00          0.00         18.22
          655          0.00          0.00          0.00         15.84
          656          0.00          0.00          0.00         15.84
          657          0.00          0.00          0.00         18.22
          658          0.00          0.00          0.00         18.22
          659          0.00          0.00          0.00         15.84
          660          0.00          0.00          0.00         15.84
          661          0.00          0.00          0.00         18.22
          662          0.00          0.00          0.00         18.22
          663          0.00          0.00          0.00         18.22
          664          0.00          0.00          0.00         18.22
          665          0.00          0.00          0.00         18.22
        10000          0.00          0.00          0.00         43.74
        10001          0.00          0.00          0.00         43.74
        10002          0.00          0.00          0.00         43.74
        10003          0.00          0.00          0.00         43.74
        10004          0.00          0.00          0.00         43.74
        10005          0.00          0.00          0.00         43.74
        10006          0.00          0.00          0.00         43.74
        10007          0.00          0.00          0.00         43.74
        10008          0.00          0.00          0.00         43.74
        10009          0.00          0.00          0.00         43.74
        10010          0.00          0.00          0.00         43.74
        10011          0.00          0.00          0.00         43.74
        10012          0.00          0.00          0.00         43.74
        10013          0.00          0.00          0.00         43.74
        10014          0.00          0.00          0.00         43.74
        10015          0.00          0.00          0.00         43.74
        10016          0.00          0.00          0.00         43.74
        10017          0.00          0.00          0.00         43.74
        10018          0.00          0.00          0.00         43.74
        10019          0.00          0.00          0.00         43.74
        10020          0.00          0.00          0.00         43.74
        10021          0.00          0.00          0.00         43.74
        10022          0.00          0.00          0.00         43.74
        10023          0.00          0.00          0.00         43.74
        10024          0.00          0.00          0.00         43.74
        10100          0.00          0.00          0.00         36.45
        10101          0.00          0.00          0.00         36.45
        10102          0.00          0.00          0.00         36.45
        10103          0.00          0.00          0.00         36.45
        10104          0.00          0.00          0.00         36.45
        10105          0.00          0.00          0.00         36.45
        10106          0.00          0.00          0.00         36.45
        10107          0.00          0.00          0.00         36.45
        10108          0.00          0.00          0.00         36.45
        10109          0.00          0.00          0.00         36.45
        10110          0.00          0.00          0.00         36.45
        10111          0.00          0.00          0.00         36.45
        10112          0.00          0.00          0.00         36.45
        10113          0.00          0.00          0.00         36.45
        10114          0.00          0.00          0.00         36.45
        10115          0.00          0.00          0.00         36.45
        10116          0.00          0.00          0.00         36.45
        10117          0.00          0.00          0.00         36.45
        10118          0.00          0.00          0.00         36.45
        10119          0.00          0.00          0.00         36.45
        10120          0.00          0.00          0.00         36.45
        10121          0.00          0.00          0.00         36.45
        10122          0.00          0.00          0.00         36.45
        10123          0.00          0.00          0.00         36.45
        10124          0.00          0.00          0.00         36.45
        10300          0.00          0.00          0.00         43.74
        10301          0.00          0.00          0.00         43.74
        10302          0.00          0.00          0.00         43.74
        10303          0.00          0.00          0.00         43.74
        10304          0.00          0.00          0.00         43.74
        10305          0.00          0.00          0.00         43.74
        10306          0.00          0.00          0.00         43.74
        10307          0.00          0.00          0.00         43.74
        10308          0.00          0.00          0.00         43.74
        10309          0.00          0.00          0.00         43.74
        10310          0.00          0.00          0.00         43.74
        10311          0.00          0.00          0.00         43.74
        10312          0.00          0.00          0.00         43.74
        10313          0.00          0.00          0.00         43.74
        10314          0.00          0.00          0.00         43.74
        10315          0.00          0.00          0.00         43.74
        10316          0.00          0.00          0.00         43.74
        10317          0.00          0.00          0.00         43.74
        10318          0.00          0.00          0.00         43.74
        10319          0.00          0.00          0.00         43.74
        10320          0.00          0.00          0.00         43.74
        10321          0.00          0.00          0.00         43.74
        10322          0.00          0.00          0.00         43.74
        10323          0.00          0.00          0.00         43.74
        10324          0.00          0.00          0.00         43.74
        10400          0.00          0.00          0.00         36.45
        10401          0.00          0.00          0.00         36.45
        10402          0.00          0.00          0.00         36.45
        10403          0.00          0.00          0.00         36.45
        10404          0.00          0.00          0.00         36.45
        10405          0.00          0.00          0.00         36.45
        10406          0.00          0.00          0.00         36.45
        10407          0.00          0.00          0.00         36.45
        10408          0.00          0.00          0.00         36.45
        10409          0.00          0.00          0.00         36.45
        10410          0.00          0.00          0.00         36.45
        10411          0.00          0.00          0.00         36.45
        10412          0.00          0.00          0.00         36.45
        10413          0.00          0.00          0.00         36.45
        10414          0.00          0.00          0.00         36.45
        10415          0.00          0.00          0.00         36.45
        10416          0.00          0.00          0.00         36.45
        10417          0.00          0.00          0.00         36.45
        10418          0.00          0.00          0.00         36.45
        10419          0.00          0.00          0.00         36.45
        10420          0.00          0.00          0.00         36.45
        10421          0.00          0.00          0.00         36.45
        10422          0.00          0.00          0.00         36.45
        10423          0.00          0.00          0.00         36.45
        10424          0.00          0.00          0.00         36.45
        10500          0.00          0.00          0.00         72.90
        10501          0.00          0.00          0.00         72.90
        10502          0.00          0.00          0.00         72.90
        10503          0.00          0.00          0.00         72.90
        10504          0.00          0.00          0.00         72.90
        10505          0.00          0.00          0.00         72.90
        10506          0.00          0.00          0.00         72.90
        10507          0.00          0.00          0.00         72.90
        10508          0.00          0.00          0.00         72.90
        10509          0.00          0.00          0.00         72.90
        10510          0.00          0.00          0.00         72.90
        10511          0.00          0.00          0.00         72.90
        10512          0.00          0.00          0.00         72.90
        10513          0.00          0.00          0.00         72.90
        10514          0.00          0.00          0.00         72.90
        10515          0.00          0.00          0.00         72.90
        10516          0.00          0.00          0.00         72.90
        10517          0.00          0.00          0.00         72.90
        10518          0.00          0.00          0.00         72.90
        10519          0.00          0.00          0.00         72.90
        10520          0.00          0.00          0.00         72.90
        10521          0.00          0.00          0.00         72.90
        10522          0.00          0.00          0.00         72.90
        10523          0.00          0.00          0.00         72.90
        10524          0.00          0.00          0.00         72.90
        10600          0.00          0.00          0.00         56.95
        10601          0.00          0.00          0.00         56.95
        10602          0.00          0.00          0.00         56.95
        10603          0.00          0.00          0.00         56.95
        10604          0.00          0.00          0.00         56.95
        10605          0.00          0.00          0.00         48.37
        10606          0.00          0.00          0.00         48.37
        10607          0.00          0.00          0.00         56.95
        10608          0.00          0.00          0.00         56.95
        10609          0.00          0.00          0.00         48.37
        10610          0.00          0.00          0.00         48.37
        10611          0.00          0.00          0.00         56.95
        10612          0.00          0.00          0.00         56.95
        10613          0.00          0.00          0.00         56.95
        10614          0.00          0.00          0.00         56.95
        10615          0.00          0.00          0.00         56.95
        10650          0.00          0.00          0.00         56.95
        10651          0.00          0.00          0.00         56.95
        10652          0.00          0.00          0.00         56.95
        10653          0.00          0.00          0.00         56.95
        10654          0.00          0.00          0.00         56.95
        10655          0.00          0.00          0.00         48.37
        10656          0.00          0.00          0.00         48.37
        10657          0.00          0.00          0.00         56.95
        10658          0.00          0.00          0.00         56.95
        10659          0.00          0.00          0.00         48.37
        10660          0.00          0.00          0.00         48.37
        10661          0.00          0.00          0.00         56.95
        10662          0.00          0.00          0.00         56.95
        10663          0.00          0.00          0.00         56.95
        10664          0.00          0.00          0.00         56.95
        10665          0.00          0.00          0.00         56.95
        11000          0.00          0.00          0.00        113.91
        11001          0.00          0.00          0.00        113.91
        11002          0.00          0.00          0.00        113.91
        11003          0.00          0.00          0.00        113.91
        11004          0.00          0.00          0.00        113.91
        11005          0.00          0.00          0.00        113.91
        11006          0.00          0.00          0.00        113.91
        11007          0.00          0.00          0.00        113.91
        11008          0.00          0.00          0.00        113.91
        11009          0.00          0.00          0.00        113.91
        11010          0.00          0.00          0.00        113.91
        11011          0.00          0.00          0.00        113.91
        11012          0.00          0.00          0.00        113.91
        11013          0.00          0.00          0.00        113.91
        11014          0.00          0.00          0.00        113.91
        11015          0.00          0.00          0.00        113.91
        11100          0.00          0.00          0.00        113.91
        11101          0.00          0.00          0.00        113.91
        11102          0.00          0.00          0.00        113.91
        11103          0.00          0.00          0.00        113.91
        11104          0.00          0.00          0.00        113.91
        11105          0.00          0.00          0.00        113.91
        11106          0.00          0.00          0.00        113.91
        11107          0.00          0.00          0.00        113.91
        11108          0.00          0.00          0.00        113.91
        11109          0.00          0.00          0.00        113.91
        11110          0.00          0.00          0.00        113.91
        11111          0.00          0.00          0.00        113.91
        11112          0.00          0.00          0.00        113.91
        11113          0.00          0.00          0.00        113.91
        11114          0.00          0.00          0.00        113.91
        11115          0.00          0.00          0.00        113.91
        20000          0.23          0.00          0.00         91.12
        20001          0.12          0.00          0.00         91.12
        20002          0.12          0.00          0.00         91.12
        20003          0.23          0.00          0.00         91.12
        20004          0.16          0.00          0.00         91.12
        20005          0.00          0.00          0.00         91.12
        20006          0.00          0.00          0.00         91.12
        20007          0.16          0.00          0.00         91.12
        20008          0.16          0.00          0.00         91.12
        20009          0.00          0.00          0.00         91.12
        20010          0.00          0.00          0.00         91.12
        20011          0.16          0.00          0.00         91.12
        20012          0.16          0.00          0.00         91.12
        20013          0.00          0.00          0.00         91.12
        20014          0.00          0.00          0.00         91.12
        20015          0.16          0.00          0.00         91.12
        20016          0.17          0.00          0.00         91.12
        20017          0.00          0.00          0.00         91.12
        20018          0.01          0.00          0.00         91.12
        20019          0.17          0.00          0.00         91.12
        20020          0.23          0.00          0.00         91.12
        20021          0.12          0.00          0.00         91.12
        20022          0.12          0.00          0.00         91.12
        20023          0.23          0.00          0.00         91.12
        20100          0.23          0.00          0.00         91.12
        20101          0.12          0.00          0.00         91.12
        20102          0.12          0.00          0.00         91.12
        20103          0.22          0.00          0.00         91.12
        20104          0.16          0.00          0.00         91.12
        20105          0.00          0.00          0.00         91.12
        20106          0.00          0.00          0.00         91.12
        20107          0.16          0.00          0.00         91.12
        20108          0.16          0.00          0.00         91.12
        20109          0.00          0.00          0.00         91.12
        20110          0.00          0.00          0.00         91.12
        20111          0.16          0.00          0.00         91.12
        20112          0.16          0.00          0.00         91.12
        20113          0.00          0.00          0.00         91.12
        20114          0.00          0.00          0.00         91.12
        20115          0.16          0.00          0.00         91.12
        20116          0.16          0.00          0.00         91.12
        20117          0.00          0.00          0.00         91.12
        20118          0.00          0.00          0.00         91.12
        20119          0.16          0.00          0.00         91.12
        20120          0.23          0.00          0.00         91.12
        20121          0.12          0.00          0.00         91.12
        20122          0.13          0.00          0.00         91.12
        20123          0.23          0.00          0.00         91.12
        21000          0.18          0.00          0.00         19.08
        21001          0.18          0.00          0.00         19.08
        21002          0.18          0.00          0.00         19.08
        21003          0.18          0.00          0.00         19.08
        21004          0.18          0.00          0.00         19.08
        21005          0.17          0.00          0.00         19.08
        21006          0.18          0.00          0.00         19.08
        21007          0.18          0.00          0.00         19.08
        21008          0.18          0.00          0.00         19.08
        21009          0.18          0.00          0.00         19.08
        21010          0.18          0.00          0.00         19.08
        21011          0.17          0.00          0.00         19.08
        21012          0.18          0.00          0.00         19.08
        21013          0.18          0.00          0.00         19.08
        21014          0.18          0.00          0.00         19.08
        21015          0.18          0.00          0.00         19.08
        21016          0.18          0.00          0.00         19.08
        21017          0.17          0.00          0.00         19.08
        21018          0.18          0.00          0.00         19.08
        21019          0.18          0.00          0.00         19.08
        21020          0.18          0.00          0.00         19.08
        21021          0.18          0.00          0.00         19.08
        21022          0.18          0.00          0.00         19.08
        21023          0.17          0.00          0.00         19.08
        21024          0.18          0.00          0.00         19.08
        21025          0.18          0.00          0.00         19.08
        21026          0.18          0.00          0.00         19.08
        21027          0.18          0.00          0.00         19.08
        21028          0.18          0.00          0.00         19.08
        21029          0.17          0.00          0.00         19.08
        21030          0.18          0.00          0.00         19.08
        21031          0.18          0.00          0.00         19.08
        21032          0.18          0.00          0.00         19.08
        21033          0.18          0.00          0.00         19.08
        21034          0.18          0.00          0.00         19.08
        21035          0.18          0.00          0.00         19.08
        21100          0.17          0.00          0.00         19.08
        21101          0.18          0.00          0.00         19.08
        21102          0.18          0.00          0.00         19.08
        21103          0.18          0.00          0.00         19.08
        21104          0.18          0.00          0.00         19.08
        21105          0.18          0.00          0.00         19.08
        21106          0.17          0.00          0.00         19.08
        21107          0.18          0.00          0.00         19.08
        21108          0.18          0.00          0.00         19.08
        21109          0.18          0.00          0.00         19.08
        21110          0.18          0.00          0.00         19.08
        21111          0.18          0.00          0.00         19.08
        21112          0.17          0.00          0.00         19.08
        21113          0.18          0.00          0.00         19.08
        21114          0.18          0.00          0.00         19.08
        21115          0.18          0.00          0.00         19.08
        21116          0.18          0.00          0.00         19.08
        21117          0.18          0.00          0.00         19.08
        21118          0.17          0.00          0.00         19.08
        21119          0.18          0.00          0.00         19.08
        21120          0.18          0.00          0.00         19.08
        21121          0.18          0.00          0.00         19.08
        21122          0.18          0.00          0.00         19.08
        21123          0.18          0.00          0.00         19.08
        21124          0.17          0.00          0.00         19.08
        21125          0.18          0.00          0.00         19.08
        21126          0.18          0.00          0.00         19.08
        21127          0.18          0.00          0.00         19.08
        21128          0.18          0.00          0.00         19.08
        21129          0.18          0.00          0.00         19.08
        21130          0.18          0.00          0.00         19.08
        21131          0.18          0.00          0.00         19.08
        21132          0.18          0.00          0.00         19.08
        21133          0.18          0.00          0.00         19.08
        21134          0.18          0.00          0.00         19.08
        21135          0.18          0.00          0.00         19.08
        30100          0.39          0.00          0.00          4.22
        30101          0.38          0.00          0.00          4.22
        30102          0.18          0.00          0.00          4.22
        30103          0.17          0.00          0.00          4.22
        31000          0.00          0.00          1.67        243.00
        31001          0.00          0.00          0.04         36.45
        31002          0.00          0.00          0.04         36.45
        31003          0.00          0.00          0.04         36.45
        31004          0.00          0.00          0.04         36.45
        31005          0.06          0.00          1.67        243.00
        31100          0.00          0.00          0.00       1000.00
        32000          0.05          0.00          0.00          6.55
        40000          0.00          0.00          0.00         12.15
        40001          0.00          0.00          0.00          4.86
        40002          0.00          0.00          0.00          4.86
        40003          0.00          0.00          0.00          4.86
        40004          0.00          0.00          0.00          4.86
        40005          0.00          0.00          0.00         12.15
        40100          0.00          0.00         13.00         17.56
        41000          0.00          0.00          1.23        423.73
        41001          0.00          0.00          0.76        282.49
        41002          0.00          0.00          0.27        136.69
        41003          0.00          0.00          0.76        282.49
        41004          0.00          0.00          0.27        136.69
        41005          0.00          0.00          1.23        423.73
        42000          0.00          0.00          1.14        328.05
        42001          0.00          0.00          0.53        153.09
        42002          0.00          0.00          0.33         95.68
        42003          0.00          0.00          0.53        153.09
        42004          0.00          0.00          0.33         95.68
        42005          0.00          0.00          1.14        328.05
        50000          0.00          0.00          0.00        262.44
        50001          0.00          0.00          0.00         21.32
        50002          0.00          0.00          0.00         25.27
        50003          0.00          0.00          0.00         21.32
        50004          0.00          0.00          0.00         25.27
        50005          0.00          0.00          0.00        262.44
 X      99998          0.00          0.00          0.00          0.00
        99999          0.00          0.00          0.00          0.00

1
 ESATAN-TMS  2025                                                      Page     7
 16 February  2026  10:31:22                                  DRAGOSAT_V2_GEO_HOT





  TIMEN =   3025.12      MODULE SLCRNC      DTIMEU =   30.2512
 CSGMIN =    0.7304  AT NODE 10610 IN SUB-MODEL  
+                                                DRAGOSAT_V2_GEO_HOT             


 TABLE OUTPUT WITH ZENTS = 'L,T,QS,QE,QA,QI,C'
 FOR NODES OF ZLABEL = ' '

 ================================================================================


+DRAGOSAT_V2_GEO_HOT                                                             


          NODE   LABEL                              T             QS            

          100    MLI                              43.02          0.00
          101    MLI                              43.09          0.00
          102    MLI                              42.86          0.00
          103    MLI                              42.93          0.00
          104    MLI                              42.76          0.00
          105    MLI                              43.13          0.00
          106    MLI                              42.90          0.00
          107    MLI                              43.13          0.00
          108    MLI                              42.86          0.00
          109    MLI                              43.00          0.00
          110    MLI                              42.95          0.00
          111    MLI                              42.99          0.00
          112    MLI                              42.90          0.00
          113    MLI                              43.02          0.00
          114    MLI                              42.87          0.00
          115    MLI                              42.83          0.00
          150    MLI                              69.51          0.00
          151    MLI                              69.65          0.00
          152    MLI                              69.62          0.00
          153    MLI                              69.39          0.00
          154    MLI                              69.61          0.00
          155    MLI                              69.86          0.00
          156    MLI                              69.82          0.00
          157    MLI                              69.62          0.00
          158    MLI                              69.60          0.00
          159    MLI                              69.80          0.00
          160    MLI                              69.83          0.00
          161    MLI                              69.58          0.00
          162    MLI                              68.51          0.00
          163    MLI                              68.37          0.00
          164    MLI                              68.39          0.00
          165    MLI                              68.35          0.00
          200    MLI                             -19.29          0.00
          201    MLI                             -15.24          0.00
          202    MLI                             -10.90          0.00
          203    MLI                             -15.94          0.00
          204    MLI                             -15.68          0.00
          205    MLI                             -15.36          0.00
          206    MLI                             -10.35          0.00
          207    MLI                              -9.01          0.00
          208    MLI                             -14.25          0.00
          209    MLI                             -14.43          0.00
          210    MLI                              -8.66          0.00
          211    MLI                             -10.42          0.00
          212    MLI                             -21.47          0.00
          213    MLI                             -17.65          0.00
          214    MLI                             -15.17          0.00
          215    MLI                             -14.48          0.00
          250    MLI                              56.41          0.00
          251    MLI                              55.80          0.00
          252    MLI                              55.75          0.00
          253    MLI                              56.17          0.00
          254    MLI                              56.48          0.00
          255    MLI                              55.28          0.00
          256    MLI                              55.29          0.00
          257    MLI                              56.33          0.00
          258    MLI                              56.60          0.00
          259    MLI                              55.43          0.00
          260    MLI                              55.44          0.00
          261    MLI                              56.30          0.00
          262    MLI                              55.19          0.00
          263    MLI                              54.31          0.00
          264    MLI                              54.27          0.00
          265    MLI                              55.15          0.00
          300    MLI                             118.84          0.00
          301    MLI                             118.80          0.00
          302    MLI                             118.94          0.00
          303    MLI                             118.81          0.00
          304    MLI                             118.81          0.00
          305    MLI                             118.91          0.00
          306    MLI                             118.91          0.00
          307    MLI                             118.76          0.00
          308    MLI                             118.76          0.00
          309    MLI                             118.93          0.00
          310    MLI                             118.99          0.00
          311    MLI                             118.84          0.00
          312    MLI                             118.95          0.00
          313    MLI                             118.86          0.00
          314    MLI                             118.83          0.00
          315    MLI                             118.88          0.00
          350    MLI                              71.74          0.00
          351    MLI                              71.87          0.00
          352    MLI                              71.94          0.00
          353    MLI                              71.71          0.00
          354    MLI                              71.78          0.00
          355    MLI                              71.96          0.00
          356    MLI                              72.01          0.00
          357    MLI                              71.79          0.00
          358    MLI                              71.75          0.00
          359    MLI                              72.04          0.00
          360    MLI                              71.99          0.00
          361    MLI                              71.76          0.00
          362    MLI                              70.66          0.00
          363    MLI                              70.61          0.00
          364    MLI                              70.61          0.00
          365    MLI                              70.79          0.00
          400    MLI                              74.25          0.00
          401    MLI                              75.50          0.00
          402    MLI                              73.31          0.00
          403    MLI                              71.99          0.00
          404    MLI                              75.56          0.00
          405    MLI                              75.32          0.00
          406    MLI                              73.25          0.00
          407    MLI                              72.66          0.00
          408    MLI                              75.15          0.00
          409    MLI                              75.24          0.00
          410    MLI                              72.43          0.00
          411    MLI                              72.53          0.00
          412    MLI                              73.66          0.00
          413    MLI                              73.73          0.00
          414    MLI                              72.50          0.00
          415    MLI                              70.87          0.00
          450    MLI                              66.68          0.00
          451    MLI                              66.27          0.00
          452    MLI                              66.24          0.00
          453    MLI                              66.86          0.00
          454    MLI                              66.59          0.00
          455    MLI                              65.71          0.00
          456    MLI                              65.91          0.00
          457    MLI                              66.89          0.00
          458    MLI                              66.51          0.00
          459    MLI                              65.86          0.00
          460    MLI                              65.86          0.00
          461    MLI                              66.85          0.00
          462    MLI                              65.58          0.00
          463    MLI                              64.92          0.00
          464    MLI                              65.05          0.00
          465    MLI                              65.83          0.00
          500    MLI                              71.98          0.00
          501    MLI                              68.69          0.00
          502    MLI                              68.30          0.00
          503    MLI                              71.66          0.00
          504    MLI                              73.46          0.00
          507    MLI                              71.41          0.00
          508    MLI                              73.37          0.00
          511    MLI                              71.71          0.00
          512    MLI                              71.99          0.00
          513    MLI                              74.01          0.00
          514    MLI                              74.62          0.00
          515    MLI                              72.02          0.00
          550    MLI                              67.15          0.00
          551    MLI                              65.19          0.00
          552    MLI                              65.22          0.00
          553    MLI                              66.93          0.00
          554    MLI                              65.55          0.00
          557    MLI                              64.99          0.00
          558    MLI                              65.55          0.00
          561    MLI                              65.18          0.00
          562    MLI                              66.88          0.00
          563    MLI                              65.66          0.00
          564    MLI                              65.60          0.00
          565    MLI                              66.93          0.00
          600    MLI                              62.22          0.00
          601    MLI                              53.29          0.00
          602    MLI                              62.08          0.00
          603    MLI                              61.94          0.00
          604    MLI                              62.43          0.00
          605    MLI                              55.58          0.00
          606    MLI                              62.98          0.00
          607    MLI                              62.96          0.00
          608    MLI                              62.74          0.00
          609    MLI                              66.88          0.00
          610    MLI                              70.13          0.00
          611    MLI                              63.00          0.00
          612    MLI                              62.50          0.00
          613    MLI                              60.89          0.00
          614    MLI                              64.26          0.00
          615    MLI                              62.38          0.00
          650    MLI                              64.48          0.00
          651    MLI                              63.85          0.00
          652    MLI                              64.65          0.00
          653    MLI                              64.46          0.00
          654    MLI                              64.19          0.00
          655    MLI                              63.67          0.00
          656    MLI                              64.48          0.00
          657    MLI                              64.30          0.00
          658    MLI                              64.20          0.00
          659    MLI                              63.97          0.00
          660    MLI                              64.63          0.00
          661    MLI                              64.26          0.00
          662    MLI                              64.41          0.00
          663    MLI                              63.68          0.00
          664    MLI                              64.67          0.00
          665    MLI                              64.40          0.00
        10000    Body_Panel                       63.46          0.00
        10001    Body_Panel                       63.48          0.00
        10002    Body_Panel                       63.49          0.00
        10003    Body_Panel                       63.48          0.00
        10004    Body_Panel                       63.46          0.00
        10005    Body_Panel                       63.46          0.00
        10006    Body_Panel                       63.48          0.00
        10007    Body_Panel                       63.49          0.00
        10008    Body_Panel                       63.49          0.00
        10009    Body_Panel                       63.47          0.00
        10010    Body_Panel                       63.45          0.00
        10011    Body_Panel                       63.47          0.00
        10012    Body_Panel                       63.48          0.00
        10013    Body_Panel                       63.48          0.00
        10014    Body_Panel                       63.46          0.00
        10015    Body_Panel                       63.43          0.00
        10016    Body_Panel                       63.44          0.00
        10017    Body_Panel                       63.45          0.00
        10018    Body_Panel                       63.45          0.00
        10019    Body_Panel                       63.44          0.00
        10020    Body_Panel                       63.41          0.00
        10021    Body_Panel                       63.42          0.00
        10022    Body_Panel                       63.43          0.00
        10023    Body_Panel                       63.43          0.00
        10024    Body_Panel                       63.42          0.00
        10100    Body_Panel                       57.94          0.00
        10101    Body_Panel                       57.24          0.00
        10102    Body_Panel                       56.25          0.00
        10103    Body_Panel                       57.14          0.00
        10104    Body_Panel                       57.79          0.00
        10105    Body_Panel                       58.13          0.00
        10106    Body_Panel                       57.27          0.00
        10107    Body_Panel                       55.49          0.00
        10108    Body_Panel                       57.16          0.00
        10109    Body_Panel                       57.95          0.00
        10110    Body_Panel                       58.06          0.00
        10111    Body_Panel                       56.94          0.00
        10112    Body_Panel                       53.39          0.00
        10113    Body_Panel                       56.80          0.00
        10114    Body_Panel                       57.84          0.00
        10115    Body_Panel                       58.32          0.00
        10116    Body_Panel                       57.40          0.00
        10117    Body_Panel                       55.52          0.00
        10118    Body_Panel                       57.22          0.00
        10119    Body_Panel                       58.02          0.00
        10120    Body_Panel                       58.10          0.00
        10121    Body_Panel                       57.35          0.00
        10122    Body_Panel                       56.29          0.00
        10123    Body_Panel                       57.19          0.00
        10124    Body_Panel                       57.85          0.00
        10300    Body_Panel                       62.82          0.00
        10301    Body_Panel                       62.83          0.00
        10302    Body_Panel                       62.83          0.00
        10303    Body_Panel                       62.83          0.00
        10304    Body_Panel                       62.81          0.00
        10305    Body_Panel                       62.82          0.00
        10306    Body_Panel                       62.83          0.00
        10307    Body_Panel                       62.84          0.00
        10308    Body_Panel                       62.83          0.00
        10309    Body_Panel                       62.81          0.00
        10310    Body_Panel                       62.81          0.00
        10311    Body_Panel                       62.82          0.00
        10312    Body_Panel                       62.83          0.00
        10313    Body_Panel                       62.82          0.00
        10314    Body_Panel                       62.80          0.00
        10315    Body_Panel                       62.79          0.00
        10316    Body_Panel                       62.80          0.00
        10317    Body_Panel                       62.80          0.00
        10318    Body_Panel                       62.79          0.00
        10319    Body_Panel                       62.78          0.00
        10320    Body_Panel                       62.77          0.00
        10321    Body_Panel                       62.78          0.00
        10322    Body_Panel                       62.78          0.00
        10323    Body_Panel                       62.78          0.00
        10324    Body_Panel                       62.76          0.00
        10400    Body_Panel                       57.48          0.00
        10401    Body_Panel                       56.96          0.00
        10402    Body_Panel                       56.19          0.00
        10403    Body_Panel                       57.16          0.00
        10404    Body_Panel                       57.84          0.00
        10405    Body_Panel                       57.59          0.00
        10406    Body_Panel                       56.97          0.00
        10407    Body_Panel                       55.47          0.00
        10408    Body_Panel                       57.19          0.00
        10409    Body_Panel                       58.01          0.00
        10410    Body_Panel                       57.32          0.00
        10411    Body_Panel                       56.57          0.00
        10412    Body_Panel                       53.49          0.00
        10413    Body_Panel                       56.85          0.00
        10414    Body_Panel                       57.88          0.00
        10415    Body_Panel                       57.23          0.00
        10416    Body_Panel                       56.91          0.00
        10417    Body_Panel                       55.78          0.00
        10418    Body_Panel                       57.25          0.00
        10419    Body_Panel                       58.05          0.00
        10420    Body_Panel                       57.19          0.00
        10421    Body_Panel                       56.89          0.00
        10422    Body_Panel                       56.35          0.00
        10423    Body_Panel                       57.23          0.00
        10424    Body_Panel                       57.88          0.00
        10500    Body_Panel                       54.63          0.00
        10501    Body_Panel                       54.58          0.00
        10502    Body_Panel                       54.56          0.00
        10503    Body_Panel                       54.58          0.00
        10504    Body_Panel                       54.63          0.00
        10505    Body_Panel                       54.55          0.00
        10506    Body_Panel                       54.43          0.00
        10507    Body_Panel                       54.40          0.00
        10508    Body_Panel                       54.43          0.00
        10509    Body_Panel                       54.55          0.00
        10510    Body_Panel                       54.53          0.00
        10511    Body_Panel                       54.40          0.00
        10512    Body_Panel                       54.38          0.00
        10513    Body_Panel                       54.39          0.00
        10514    Body_Panel                       54.50          0.00
        10515    Body_Panel                       54.55          0.00
        10516    Body_Panel                       54.42          0.00
        10517    Body_Panel                       54.39          0.00
        10518    Body_Panel                       54.40          0.00
        10519    Body_Panel                       54.50          0.00
        10520    Body_Panel                       54.61          0.00
        10521    Body_Panel                       54.56          0.00
        10522    Body_Panel                       54.53          0.00
        10523    Body_Panel                       54.52          0.00
        10524    Body_Panel                       54.56          0.00
        10600    Body_Panel                       61.52          0.00
        10601    Body_Panel                       61.51          0.00
        10602    Body_Panel                       61.51          0.00
        10603    Body_Panel                       61.52          0.00
        10604    Body_Panel                       61.52          0.00
        10605    Body_Panel                       61.49          0.00
        10606    Body_Panel                       61.49          0.00
        10607    Body_Panel                       61.52          0.00
        10608    Body_Panel                       61.51          0.00
        10609    Body_Panel                       61.49          0.00
        10610    Body_Panel                       61.49          0.00
        10611    Body_Panel                       61.52          0.00
        10612    Body_Panel                       61.52          0.00
        10613    Body_Panel                       61.51          0.00
        10614    Body_Panel                       61.51          0.00
        10615    Body_Panel                       61.52          0.00
        10650    Body_Inf                         61.52          0.00
        10651    Body_Inf                         61.51          0.00
        10652    Body_Inf                         61.51          0.00
        10653    Body_Inf                         61.52          0.00
        10654    Body_Inf                         61.52          0.00
        10655    Body_Inf                         61.49          0.00
        10656    Body_Inf                         61.49          0.00
        10657    Body_Inf                         61.52          0.00
        10658    Body_Inf                         61.51          0.00
        10659    Body_Inf                         61.49          0.00
        10660    Body_Inf                         61.49          0.00
        10661    Body_Inf                         61.52          0.00
        10662    Body_Inf                         61.52          0.00
        10663    Body_Inf                         61.51          0.00
        10664    Body_Inf                         61.51          0.00
        10665    Body_Inf                         61.52          0.00
        11000    BODY_TRAY                        61.99          0.00
        11001    BODY_TRAY                        62.40          0.00
        11002    BODY_TRAY                        62.39          0.00
        11003    BODY_TRAY                        61.86          0.00
        11004    BODY_TRAY                        62.02          0.00
        11005    BODY_TRAY                        62.46          0.00
        11006    BODY_TRAY                        62.50          0.00
        11007    BODY_TRAY                        61.92          0.00
        11008    BODY_TRAY                        61.96          0.00
        11009    BODY_TRAY                        62.41          0.00
        11010    BODY_TRAY                        62.45          0.00
        11011    BODY_TRAY                        61.86          0.00
        11012    BODY_TRAY                        61.76          0.00
        11013    BODY_TRAY                        62.26          0.00
        11014    BODY_TRAY                        62.26          0.00
        11015    BODY_TRAY                        61.73          0.00
        11100    BODY_TRAY                        65.81          0.00
        11101    BODY_TRAY                        66.16          0.00
        11102    BODY_TRAY                        65.70          0.00
        11103    BODY_TRAY                        64.78          0.00
        11104    BODY_TRAY                        66.38          0.00
        11105    BODY_TRAY                        66.71          0.00
        11106    BODY_TRAY                        66.00          0.00
        11107    BODY_TRAY                        64.93          0.00
        11108    BODY_TRAY                        67.69          0.00
        11109    BODY_TRAY                        67.90          0.00
        11110    BODY_TRAY                        66.46          0.00
        11111    BODY_TRAY                        65.22          0.00
        11112    BODY_TRAY                        68.07          0.00
        11113    BODY_TRAY                        68.22          0.00
        11114    BODY_TRAY                        66.68          0.00
        11115    BODY_TRAY                        65.40          0.00
        20000    SPS_STR                          32.56          0.00
        20001    SPS_STR                          32.58          0.00
        20002    SPS_STR                          32.58          0.00
        20003    SPS_STR                          32.56          0.00
        20004    SPS_STR                          32.96          0.00
        20005    SPS_STR                          32.98          0.00
        20006    SPS_STR                          32.98          0.00
        20007    SPS_STR                          32.96          0.00
        20008    SPS_STR                          33.77          0.00
        20009    SPS_STR                          33.79          0.00
        20010    SPS_STR                          33.79          0.00
        20011    SPS_STR                          33.77          0.00
        20012    SPS_STR                          35.11          0.00
        20013    SPS_STR                          35.16          0.00
        20014    SPS_STR                          35.16          0.00
        20015    SPS_STR                          35.12          0.00
        20016    SPS_STR                          36.74          0.00
        20017    SPS_STR                          36.88          0.00
        20018    SPS_STR                          36.88          0.00
        20019    SPS_STR                          36.75          0.00
        20020    SPS_STR                          38.42          0.00
        20021    SPS_STR                          39.25          0.00
        20022    SPS_STR                          39.26          0.00
        20023    SPS_STR                          38.43          0.00
        20100    SPS_STR                          37.98          0.00
        20101    SPS_STR                          38.84          0.00
        20102    SPS_STR                          38.84          0.00
        20103    SPS_STR                          37.99          0.00
        20104    SPS_STR                          36.28          0.00
        20105    SPS_STR                          36.42          0.00
        20106    SPS_STR                          36.42          0.00
        20107    SPS_STR                          36.29          0.00
        20108    SPS_STR                          34.63          0.00
        20109    SPS_STR                          34.68          0.00
        20110    SPS_STR                          34.68          0.00
        20111    SPS_STR                          34.64          0.00
        20112    SPS_STR                          33.26          0.00
        20113    SPS_STR                          33.28          0.00
        20114    SPS_STR                          33.28          0.00
        20115    SPS_STR                          33.26          0.00
        20116    SPS_STR                          32.43          0.00
        20117    SPS_STR                          32.46          0.00
        20118    SPS_STR                          32.46          0.00
        20119    SPS_STR                          32.43          0.00
        20120    SPS_STR                          32.02          0.00
        20121    SPS_STR                          32.05          0.00
        20122    SPS_STR                          32.05          0.00
        20123    SPS_STR                          32.02          0.00
        21000    SPS_CELL                         32.54          0.00
        21001    SPS_CELL                         32.94          0.00
        21002    SPS_CELL                         33.66          0.00
        21003    SPS_CELL                         34.98          0.00
        21004    SPS_CELL                         36.44          0.00
        21005    SPS_CELL                         37.95          0.00
        21006    SPS_CELL                         32.56          0.00
        21007    SPS_CELL                         32.95          0.00
        21008    SPS_CELL                         33.68          0.00
        21009    SPS_CELL                         35.01          0.00
        21010    SPS_CELL                         36.52          0.00
        21011    SPS_CELL                         38.30          0.00
        21012    SPS_CELL                         32.56          0.00
        21013    SPS_CELL                         32.96          0.00
        21014    SPS_CELL                         33.68          0.00
        21015    SPS_CELL                         35.02          0.00
        21016    SPS_CELL                         36.54          0.00
        21017    SPS_CELL                         38.43          0.00
        21018    SPS_CELL                         32.56          0.00
        21019    SPS_CELL                         32.96          0.00
        21020    SPS_CELL                         33.68          0.00
        21021    SPS_CELL                         35.02          0.00
        21022    SPS_CELL                         36.54          0.00
        21023    SPS_CELL                         38.42          0.00
        21024    SPS_CELL                         32.56          0.00
        21025    SPS_CELL                         32.95          0.00
        21026    SPS_CELL                         33.68          0.00
        21027    SPS_CELL                         35.01          0.00
        21028    SPS_CELL                         36.51          0.00
        21029    SPS_CELL                         38.30          0.00
        21030    SPS_CELL                         32.54          0.00
        21031    SPS_CELL                         32.94          0.00
        21032    SPS_CELL                         33.66          0.00
        21033    SPS_CELL                         34.98          0.00
        21034    SPS_CELL                         36.44          0.00
        21035    SPS_CELL                         37.95          0.00
        21100    SPS_CELL                         37.51          0.00
        21101    SPS_CELL                         35.97          0.00
        21102    SPS_CELL                         34.50          0.00
        21103    SPS_CELL                         33.16          0.00
        21104    SPS_CELL                         32.42          0.00
        21105    SPS_CELL                         32.01          0.00
        21106    SPS_CELL                         37.86          0.00
        21107    SPS_CELL                         36.04          0.00
        21108    SPS_CELL                         34.53          0.00
        21109    SPS_CELL                         33.17          0.00
        21110    SPS_CELL                         32.43          0.00
        21111    SPS_CELL                         32.02          0.00
        21112    SPS_CELL                         37.98          0.00
        21113    SPS_CELL                         36.07          0.00
        21114    SPS_CELL                         34.54          0.00
        21115    SPS_CELL                         33.18          0.00
        21116    SPS_CELL                         32.43          0.00
        21117    SPS_CELL                         32.03          0.00
        21118    SPS_CELL                         37.98          0.00
        21119    SPS_CELL                         36.07          0.00
        21120    SPS_CELL                         34.54          0.00
        21121    SPS_CELL                         33.17          0.00
        21122    SPS_CELL                         32.43          0.00
        21123    SPS_CELL                         32.03          0.00
        21124    SPS_CELL                         37.85          0.00
        21125    SPS_CELL                         36.04          0.00
        21126    SPS_CELL                         34.53          0.00
        21127    SPS_CELL                         33.17          0.00
        21128    SPS_CELL                         32.43          0.00
        21129    SPS_CELL                         32.02          0.00
        21130    SPS_CELL                         37.50          0.00
        21131    SPS_CELL                         35.97          0.00
        21132    SPS_CELL                         34.50          0.00
        21133    SPS_CELL                         33.16          0.00
        21134    SPS_CELL                         32.41          0.00
        21135    SPS_CELL                         32.01          0.00
        30100    IR_CAM_STR                       40.06          0.00
        30101    IR_CAM_STR                       40.08          0.00
        30102    IR_CAM_STR                       49.83          0.00
        30103    IR_CAM_STR                       49.83          0.00
        31000    IR_CAM_ELECT                     79.40          0.00
        31001    IR_CAM_ELECT                     66.63          0.00
        31002    IR_CAM_ELECT                     66.95          0.00
        31003    IR_CAM_ELECT                     66.69          0.00
        31004    IR_CAM_ELECT                     66.86          0.00
        31005    IR_CAM_ELECT                     50.71          0.00
        31100    IR_CAM_ELECT                      0.00          0.00
        32000    IR_CAM_LENS                      59.07          0.00
        40000    INS_EB                           54.52          0.00
        40001    INS_EB                           61.23          0.00
        40002    INS_EB                           62.46          0.00
        40003    INS_EB                           60.81          0.00
        40004    INS_EB                           61.13          0.00
        40005    INS_EB                           69.84          0.00
        40100    IR_EB                            72.69          0.00
        41000    INS_PLD_1                        80.62          0.00
        41001    INS_PLD_1                        77.66          0.00
        41002    INS_PLD_1                        76.38          0.00
        41003    INS_PLD_1                        80.10          0.00
        41004    INS_PLD_1                        76.08          0.00
        41005    INS_PLD_1                        62.59          0.00
        42000    INS_PLD_2                        78.86          0.00
        42001    INS_PLD_2                        79.94          0.00
        42002    INS_PLD_2                        78.12          0.00
        42003    INS_PLD_2                        77.31          0.00
        42004    INS_PLD_2                        77.90          0.00
        42005    INS_PLD_2                        62.79          0.00
        50000    Radiator                         -1.51          0.00
        50001    Radiator                         29.41          0.00
        50002    Radiator                         28.76          0.00
        50003    Radiator                         28.94          0.00
        50004    Radiator                         30.70          0.00
        50005    Radiator                         54.34          0.00
 X      99998    INACTIVE_NODE                     0.00          0.00
        99999    ENVIRONMENT                    -270.00          0.00



          NODE          QE            QA            QI            C             

          100          0.02          0.00          0.00         11.48
          101          0.02          0.00          0.00         11.48
          102          0.02          0.00          0.00         11.48
          103          0.02          0.00          0.00         11.48
          104          0.02          0.00          0.00         11.48
          105          0.02          0.00          0.00         11.48
          106          0.02          0.00          0.00         11.48
          107          0.02          0.00          0.00         11.48
          108          0.02          0.00          0.00         11.48
          109          0.02          0.00          0.00         11.48
          110          0.02          0.00          0.00         11.48
          111          0.02          0.00          0.00         11.48
          112          0.02          0.00          0.00         11.48
          113          0.02          0.00          0.00         11.48
          114          0.02          0.00          0.00         11.48
          115          0.02          0.00          0.00         11.48
          150          0.00          0.00          0.00         11.48
          151          0.00          0.00          0.00         11.48
          152          0.00          0.00          0.00         11.48
          153          0.00          0.00          0.00         11.48
          154          0.00          0.00          0.00         11.48
          155          0.00          0.00          0.00         11.48
          156          0.00          0.00          0.00         11.48
          157          0.00          0.00          0.00         11.48
          158          0.00          0.00          0.00         11.48
          159          0.00          0.00          0.00         11.48
          160          0.00          0.00          0.00         11.48
          161          0.00          0.00          0.00         11.48
          162          0.00          0.00          0.00         11.48
          163          0.00          0.00          0.00         11.48
          164          0.00          0.00          0.00         11.48
          165          0.00          0.00          0.00         11.48
          200          0.02          0.00          0.00          9.68
          201          0.02          0.00          0.00          9.68
          202          0.02          0.00          0.00          9.68
          203          0.02          0.00          0.00          9.68
          204          0.02          0.00          0.00          9.68
          205          0.02          0.00          0.00          9.68
          206          0.02          0.00          0.00          9.68
          207          0.02          0.00          0.00          9.68
          208          0.02          0.00          0.00          9.68
          209          0.02          0.00          0.00          9.68
          210          0.01          0.00          0.00          9.68
          211          0.02          0.00          0.00          9.68
          212          0.02          0.00          0.00          9.68
          213          0.01          0.00          0.00          9.68
          214          0.01          0.00          0.00          9.68
          215          0.01          0.00          0.00          9.68
          250          0.00          0.00          0.00          9.68
          251          0.00          0.00          0.00          9.68
          252          0.00          0.00          0.00          9.68
          253          0.00          0.00          0.00          9.68
          254          0.00          0.00          0.00          9.68
          255          0.00          0.00          0.00          9.68
          256          0.00          0.00          0.00          9.68
          257          0.00          0.00          0.00          9.68
          258          0.00          0.00          0.00          9.68
          259          0.00          0.00          0.00          9.68
          260          0.00          0.00          0.00          9.68
          261          0.00          0.00          0.00          9.68
          262          0.00          0.00          0.00          9.68
          263          0.00          0.00          0.00          9.68
          264          0.00          0.00          0.00          9.68
          265          0.00          0.00          0.00          9.68
          300          0.02          0.00          0.00         11.48
          301          0.02          0.00          0.00         11.48
          302          0.02          0.00          0.00         11.48
          303          0.02          0.00          0.00         11.48
          304          0.02          0.00          0.00         11.48
          305          0.02          0.00          0.00         11.48
          306          0.02          0.00          0.00         11.48
          307          0.02          0.00          0.00         11.48
          308          0.02          0.00          0.00         11.48
          309          0.02          0.00          0.00         11.48
          310          0.02          0.00          0.00         11.48
          311          0.02          0.00          0.00         11.48
          312          0.02          0.00          0.00         11.48
          313          0.02          0.00          0.00         11.48
          314          0.02          0.00          0.00         11.48
          315          0.02          0.00          0.00         11.48
          350          0.00          0.00          0.00         11.48
          351          0.00          0.00          0.00         11.48
          352          0.00          0.00          0.00         11.48
          353          0.00          0.00          0.00         11.48
          354          0.00          0.00          0.00         11.48
          355          0.00          0.00          0.00         11.48
          356          0.00          0.00          0.00         11.48
          357          0.00          0.00          0.00         11.48
          358          0.00          0.00          0.00         11.48
          359          0.00          0.00          0.00         11.48
          360          0.00          0.00          0.00         11.48
          361          0.00          0.00          0.00         11.48
          362          0.00          0.00          0.00         11.48
          363          0.00          0.00          0.00         11.48
          364          0.00          0.00          0.00         11.48
          365          0.00          0.00          0.00         11.48
          400          0.02          0.00          0.00          9.68
          401          0.02          0.00          0.00          9.68
          402          0.02          0.00          0.00          9.68
          403          0.02          0.00          0.00          9.68
          404          0.02          0.00          0.00          9.68
          405          0.02          0.00          0.00          9.68
          406          0.02          0.00          0.00          9.68
          407          0.02          0.00          0.00          9.68
          408          0.02          0.00          0.00          9.68
          409          0.01          0.00          0.00          9.68
          410          0.02          0.00          0.00          9.68
          411          0.02          0.00          0.00          9.68
          412          0.01          0.00          0.00          9.68
          413          0.01          0.00          0.00          9.68
          414          0.01          0.00          0.00          9.68
          415          0.02          0.00          0.00          9.68
          450          0.00          0.00          0.00          9.68
          451          0.00          0.00          0.00          9.68
          452          0.00          0.00          0.00          9.68
          453          0.00          0.00          0.00          9.68
          454          0.00          0.00          0.00          9.68
          455          0.00          0.00          0.00          9.68
          456          0.00          0.00          0.00          9.68
          457          0.00          0.00          0.00          9.68
          458          0.00          0.00          0.00          9.68
          459          0.00          0.00          0.00          9.68
          460          0.00          0.00          0.00          9.68
          461          0.00          0.00          0.00          9.68
          462          0.00          0.00          0.00          9.68
          463          0.00          0.00          0.00          9.68
          464          0.00          0.00          0.00          9.68
          465          0.00          0.00          0.00          9.68
          500          0.00          0.00          0.00         18.22
          501          0.00          0.00          0.00         18.22
          502          0.00          0.00          0.00         18.22
          503          0.00          0.00          0.00         18.22
          504          0.00          0.00          0.00         18.22
          507          0.00          0.00          0.00         18.22
          508          0.00          0.00          0.00         18.22
          511          0.00          0.00          0.00         18.22
          512          0.00          0.00          0.00         18.22
          513          0.00          0.00          0.00         18.22
          514          0.00          0.00          0.00         18.22
          515          0.00          0.00          0.00         18.22
          550          0.00          0.00          0.00         18.22
          551          0.00          0.00          0.00         18.22
          552          0.00          0.00          0.00         18.22
          553          0.00          0.00          0.00         18.22
          554          0.00          0.00          0.00         18.22
          557          0.00          0.00          0.00         18.22
          558          0.00          0.00          0.00         18.22
          561          0.00          0.00          0.00         18.22
          562          0.00          0.00          0.00         18.22
          563          0.00          0.00          0.00         18.22
          564          0.00          0.00          0.00         18.22
          565          0.00          0.00          0.00         18.22
          600          0.12          0.00          0.00         18.22
          601          0.12          0.00          0.00         18.22
          602          0.12          0.00          0.00         18.22
          603          0.12          0.00          0.00         18.22
          604          0.12          0.00          0.00         18.22
          605          0.09          0.00          0.00         15.84
          606          0.09          0.00          0.00         15.84
          607          0.12          0.00          0.00         18.22
          608          0.12          0.00          0.00         18.22
          609          0.10          0.00          0.00         15.84
          610          0.10          0.00          0.00         15.84
          611          0.12          0.00          0.00         18.22
          612          0.12          0.00          0.00         18.22
          613          0.12          0.00          0.00         18.22
          614          0.12          0.00          0.00         18.22
          615          0.12          0.00          0.00         18.22
          650          0.00          0.00          0.00         18.22
          651          0.00          0.00          0.00         18.22
          652          0.00          0.00          0.00         18.22
          653          0.00          0.00          0.00         18.22
          654          0.00          0.00          0.00         18.22
          655          0.00          0.00          0.00         15.84
          656          0.00          0.00          0.00         15.84
          657          0.00          0.00          0.00         18.22
          658          0.00          0.00          0.00         18.22
          659          0.00          0.00          0.00         15.84
          660          0.00          0.00          0.00         15.84
          661          0.00          0.00          0.00         18.22
          662          0.00          0.00          0.00         18.22
          663          0.00          0.00          0.00         18.22
          664          0.00          0.00          0.00         18.22
          665          0.00          0.00          0.00         18.22
        10000          0.00          0.00          0.00         43.74
        10001          0.00          0.00          0.00         43.74
        10002          0.00          0.00          0.00         43.74
        10003          0.00          0.00          0.00         43.74
        10004          0.00          0.00          0.00         43.74
        10005          0.00          0.00          0.00         43.74
        10006          0.00          0.00          0.00         43.74
        10007          0.00          0.00          0.00         43.74
        10008          0.00          0.00          0.00         43.74
        10009          0.00          0.00          0.00         43.74
        10010          0.00          0.00          0.00         43.74
        10011          0.00          0.00          0.00         43.74
        10012          0.00          0.00          0.00         43.74
        10013          0.00          0.00          0.00         43.74
        10014          0.00          0.00          0.00         43.74
        10015          0.00          0.00          0.00         43.74
        10016          0.00          0.00          0.00         43.74
        10017          0.00          0.00          0.00         43.74
        10018          0.00          0.00          0.00         43.74
        10019          0.00          0.00          0.00         43.74
        10020          0.00          0.00          0.00         43.74
        10021          0.00          0.00          0.00         43.74
        10022          0.00          0.00          0.00         43.74
        10023          0.00          0.00          0.00         43.74
        10024          0.00          0.00          0.00         43.74
        10100          0.00          0.00          0.00         36.45
        10101          0.00          0.00          0.00         36.45
        10102          0.00          0.00          0.00         36.45
        10103          0.00          0.00          0.00         36.45
        10104          0.00          0.00          0.00         36.45
        10105          0.00          0.00          0.00         36.45
        10106          0.00          0.00          0.00         36.45
        10107          0.00          0.00          0.00         36.45
        10108          0.00          0.00          0.00         36.45
        10109          0.00          0.00          0.00         36.45
        10110          0.00          0.00          0.00         36.45
        10111          0.00          0.00          0.00         36.45
        10112          0.00          0.00          0.00         36.45
        10113          0.00          0.00          0.00         36.45
        10114          0.00          0.00          0.00         36.45
        10115          0.00          0.00          0.00         36.45
        10116          0.00          0.00          0.00         36.45
        10117          0.00          0.00          0.00         36.45
        10118          0.00          0.00          0.00         36.45
        10119          0.00          0.00          0.00         36.45
        10120          0.00          0.00          0.00         36.45
        10121          0.00          0.00          0.00         36.45
        10122          0.00          0.00          0.00         36.45
        10123          0.00          0.00          0.00         36.45
        10124          0.00          0.00          0.00         36.45
        10300          0.00          0.00          0.00         43.74
        10301          0.00          0.00          0.00         43.74
        10302          0.00          0.00          0.00         43.74
        10303          0.00          0.00          0.00         43.74
        10304          0.00          0.00          0.00         43.74
        10305          0.00          0.00          0.00         43.74
        10306          0.00          0.00          0.00         43.74
        10307          0.00          0.00          0.00         43.74
        10308          0.00          0.00          0.00         43.74
        10309          0.00          0.00          0.00         43.74
        10310          0.00          0.00          0.00         43.74
        10311          0.00          0.00          0.00         43.74
        10312          0.00          0.00          0.00         43.74
        10313          0.00          0.00          0.00         43.74
        10314          0.00          0.00          0.00         43.74
        10315          0.00          0.00          0.00         43.74
        10316          0.00          0.00          0.00         43.74
        10317          0.00          0.00          0.00         43.74
        10318          0.00          0.00          0.00         43.74
        10319          0.00          0.00          0.00         43.74
        10320          0.00          0.00          0.00         43.74
        10321          0.00          0.00          0.00         43.74
        10322          0.00          0.00          0.00         43.74
        10323          0.00          0.00          0.00         43.74
        10324          0.00          0.00          0.00         43.74
        10400          0.00          0.00          0.00         36.45
        10401          0.00          0.00          0.00         36.45
        10402          0.00          0.00          0.00         36.45
        10403          0.00          0.00          0.00         36.45
        10404          0.00          0.00          0.00         36.45
        10405          0.00          0.00          0.00         36.45
        10406          0.00          0.00          0.00         36.45
        10407          0.00          0.00          0.00         36.45
        10408          0.00          0.00          0.00         36.45
        10409          0.00          0.00          0.00         36.45
        10410          0.00          0.00          0.00         36.45
        10411          0.00          0.00          0.00         36.45
        10412          0.00          0.00          0.00         36.45
        10413          0.00          0.00          0.00         36.45
        10414          0.00          0.00          0.00         36.45
        10415          0.00          0.00          0.00         36.45
        10416          0.00          0.00          0.00         36.45
        10417          0.00          0.00          0.00         36.45
        10418          0.00          0.00          0.00         36.45
        10419          0.00          0.00          0.00         36.45
        10420          0.00          0.00          0.00         36.45
        10421          0.00          0.00          0.00         36.45
        10422          0.00          0.00          0.00         36.45
        10423          0.00          0.00          0.00         36.45
        10424          0.00          0.00          0.00         36.45
        10500          0.00          0.00          0.00         72.90
        10501          0.00          0.00          0.00         72.90
        10502          0.00          0.00          0.00         72.90
        10503          0.00          0.00          0.00         72.90
        10504          0.00          0.00          0.00         72.90
        10505          0.00          0.00          0.00         72.90
        10506          0.00          0.00          0.00         72.90
        10507          0.00          0.00          0.00         72.90
        10508          0.00          0.00          0.00         72.90
        10509          0.00          0.00          0.00         72.90
        10510          0.00          0.00          0.00         72.90
        10511          0.00          0.00          0.00         72.90
        10512          0.00          0.00          0.00         72.90
        10513          0.00          0.00          0.00         72.90
        10514          0.00          0.00          0.00         72.90
        10515          0.00          0.00          0.00         72.90
        10516          0.00          0.00          0.00         72.90
        10517          0.00          0.00          0.00         72.90
        10518          0.00          0.00          0.00         72.90
        10519          0.00          0.00          0.00         72.90
        10520          0.00          0.00          0.00         72.90
        10521          0.00          0.00          0.00         72.90
        10522          0.00          0.00          0.00         72.90
        10523          0.00          0.00          0.00         72.90
        10524          0.00          0.00          0.00         72.90
        10600          0.00          0.00          0.00         56.95
        10601          0.00          0.00          0.00         56.95
        10602          0.00          0.00          0.00         56.95
        10603          0.00          0.00          0.00         56.95
        10604          0.00          0.00          0.00         56.95
        10605          0.00          0.00          0.00         48.37
        10606          0.00          0.00          0.00         48.37
        10607          0.00          0.00          0.00         56.95
        10608          0.00          0.00          0.00         56.95
        10609          0.00          0.00          0.00         48.37
        10610          0.00          0.00          0.00         48.37
        10611          0.00          0.00          0.00         56.95
        10612          0.00          0.00          0.00         56.95
        10613          0.00          0.00          0.00         56.95
        10614          0.00          0.00          0.00         56.95
        10615          0.00          0.00          0.00         56.95
        10650          0.00          0.00          0.00         56.95
        10651          0.00          0.00          0.00         56.95
        10652          0.00          0.00          0.00         56.95
        10653          0.00          0.00          0.00         56.95
        10654          0.00          0.00          0.00         56.95
        10655          0.00          0.00          0.00         48.37
        10656          0.00          0.00          0.00         48.37
        10657          0.00          0.00          0.00         56.95
        10658          0.00          0.00          0.00         56.95
        10659          0.00          0.00          0.00         48.37
        10660          0.00          0.00          0.00         48.37
        10661          0.00          0.00          0.00         56.95
        10662          0.00          0.00          0.00         56.95
        10663          0.00          0.00          0.00         56.95
        10664          0.00          0.00          0.00         56.95
        10665          0.00          0.00          0.00         56.95
        11000          0.00          0.00          0.00        113.91
        11001          0.00          0.00          0.00        113.91
        11002          0.00          0.00          0.00        113.91
        11003          0.00          0.00          0.00        113.91
        11004          0.00          0.00          0.00        113.91
        11005          0.00          0.00          0.00        113.91
        11006          0.00          0.00          0.00        113.91
        11007          0.00          0.00          0.00        113.91
        11008          0.00          0.00          0.00        113.91
        11009          0.00          0.00          0.00        113.91
        11010          0.00          0.00          0.00        113.91
        11011          0.00          0.00          0.00        113.91
        11012          0.00          0.00          0.00        113.91
        11013          0.00          0.00          0.00        113.91
        11014          0.00          0.00          0.00        113.91
        11015          0.00          0.00          0.00        113.91
        11100          0.00          0.00          0.00        113.91
        11101          0.00          0.00          0.00        113.91
        11102          0.00          0.00          0.00        113.91
        11103          0.00          0.00          0.00        113.91
        11104          0.00          0.00          0.00        113.91
        11105          0.00          0.00          0.00        113.91
        11106          0.00          0.00          0.00        113.91
        11107          0.00          0.00          0.00        113.91
        11108          0.00          0.00          0.00        113.91
        11109          0.00          0.00          0.00        113.91
        11110          0.00          0.00          0.00        113.91
        11111          0.00          0.00          0.00        113.91
        11112          0.00          0.00          0.00        113.91
        11113          0.00          0.00          0.00        113.91
        11114          0.00          0.00          0.00        113.91
        11115          0.00          0.00          0.00        113.91
        20000          0.19          0.00          0.00         91.12
        20001          0.10          0.00          0.00         91.12
        20002          0.10          0.00          0.00         91.12
        20003          0.20          0.00          0.00         91.12
        20004          0.13          0.00          0.00         91.12
        20005          0.00          0.00          0.00         91.12
        20006          0.00          0.00          0.00         91.12
        20007          0.15          0.00          0.00         91.12
        20008          0.13          0.00          0.00         91.12
        20009          0.00          0.00          0.00         91.12
        20010          0.00          0.00          0.00         91.12
        20011          0.15          0.00          0.00         91.12
        20012          0.13          0.00          0.00         91.12
        20013          0.00          0.00          0.00         91.12
        20014          0.00          0.00          0.00         91.12
        20015          0.15          0.00          0.00         91.12
        20016          0.13          0.00          0.00         91.12
        20017          0.01          0.00          0.00         91.12
        20018          0.01          0.00          0.00         91.12
        20019          0.16          0.00          0.00         91.12
        20020          0.18          0.00          0.00         91.12
        20021          0.10          0.00          0.00         91.12
        20022          0.11          0.00          0.00         91.12
        20023          0.22          0.00          0.00         91.12
        20100          0.18          0.00          0.00         91.12
        20101          0.10          0.00          0.00         91.12
        20102          0.11          0.00          0.00         91.12
        20103          0.22          0.00          0.00         91.12
        20104          0.13          0.00          0.00         91.12
        20105          0.01          0.00          0.00         91.12
        20106          0.01          0.00          0.00         91.12
        20107          0.15          0.00          0.00         91.12
        20108          0.13          0.00          0.00         91.12
        20109          0.00          0.00          0.00         91.12
        20110          0.00          0.00          0.00         91.12
        20111          0.15          0.00          0.00         91.12
        20112          0.13          0.00          0.00         91.12
        20113          0.00          0.00          0.00         91.12
        20114          0.00          0.00          0.00         91.12
        20115          0.15          0.00          0.00         91.12
        20116          0.13          0.00          0.00         91.12
        20117          0.00          0.00          0.00         91.12
        20118          0.00          0.00          0.00         91.12
        20119          0.15          0.00          0.00         91.12
        20120          0.19          0.00          0.00         91.12
        20121          0.10          0.00          0.00         91.12
        20122          0.11          0.00          0.00         91.12
        20123          0.21          0.00          0.00         91.12
        21000          0.15          0.00          0.00         19.08
        21001          0.15          0.00          0.00         19.08
        21002          0.16          0.00          0.00         19.08
        21003          0.16          0.00          0.00         19.08
        21004          0.16          0.00          0.00         19.08
        21005          0.16          0.00          0.00         19.08
        21006          0.15          0.00          0.00         19.08
        21007          0.16          0.00          0.00         19.08
        21008          0.16          0.00          0.00         19.08
        21009          0.16          0.00          0.00         19.08
        21010          0.16          0.00          0.00         19.08
        21011          0.16          0.00          0.00         19.08
        21012          0.15          0.00          0.00         19.08
        21013          0.16          0.00          0.00         19.08
        21014          0.16          0.00          0.00         19.08
        21015          0.15          0.00          0.00         19.08
        21016          0.16          0.00          0.00         19.08
        21017          0.15          0.00          0.00         19.08
        21018          0.16          0.00          0.00         19.08
        21019          0.15          0.00          0.00         19.08
        21020          0.16          0.00          0.00         19.08
        21021          0.16          0.00          0.00         19.08
        21022          0.15          0.00          0.00         19.08
        21023          0.15          0.00          0.00         19.08
        21024          0.16          0.00          0.00         19.08
        21025          0.16          0.00          0.00         19.08
        21026          0.16          0.00          0.00         19.08
        21027          0.16          0.00          0.00         19.08
        21028          0.15          0.00          0.00         19.08
        21029          0.15          0.00          0.00         19.08
        21030          0.16          0.00          0.00         19.08
        21031          0.16          0.00          0.00         19.08
        21032          0.15          0.00          0.00         19.08
        21033          0.16          0.00          0.00         19.08
        21034          0.15          0.00          0.00         19.08
        21035          0.14          0.00          0.00         19.08
        21100          0.16          0.00          0.00         19.08
        21101          0.16          0.00          0.00         19.08
        21102          0.16          0.00          0.00         19.08
        21103          0.16          0.00          0.00         19.08
        21104          0.16          0.00          0.00         19.08
        21105          0.15          0.00          0.00         19.08
        21106          0.16          0.00          0.00         19.08
        21107          0.16          0.00          0.00         19.08
        21108          0.16          0.00          0.00         19.08
        21109          0.16          0.00          0.00         19.08
        21110          0.15          0.00          0.00         19.08
        21111          0.15          0.00          0.00         19.08
        21112          0.15          0.00          0.00         19.08
        21113          0.16          0.00          0.00         19.08
        21114          0.16          0.00          0.00         19.08
        21115          0.16          0.00          0.00         19.08
        21116          0.16          0.00          0.00         19.08
        21117          0.16          0.00          0.00         19.08
        21118          0.15          0.00          0.00         19.08
        21119          0.16          0.00          0.00         19.08
        21120          0.16          0.00          0.00         19.08
        21121          0.15          0.00          0.00         19.08
        21122          0.16          0.00          0.00         19.08
        21123          0.15          0.00          0.00         19.08
        21124          0.15          0.00          0.00         19.08
        21125          0.15          0.00          0.00         19.08
        21126          0.16          0.00          0.00         19.08
        21127          0.15          0.00          0.00         19.08
        21128          0.15          0.00          0.00         19.08
        21129          0.16          0.00          0.00         19.08
        21130          0.15          0.00          0.00         19.08
        21131          0.15          0.00          0.00         19.08
        21132          0.15          0.00          0.00         19.08
        21133          0.16          0.00          0.00         19.08
        21134          0.16          0.00          0.00         19.08
        21135          0.15          0.00          0.00         19.08
        30100          0.39          0.00          0.00          4.22
        30101          0.38          0.00          0.00          4.22
        30102          0.18          0.00          0.00          4.22
        30103          0.17          0.00          0.00          4.22
        31000          0.00          0.00          1.67        243.00
        31001          0.00          0.00          0.04         36.45
        31002          0.00          0.00          0.04         36.45
        31003          0.00          0.00          0.04         36.45
        31004          0.00          0.00          0.04         36.45
        31005          0.06          0.00          1.67        243.00
        31100          0.00          0.00          0.00       1000.00
        32000          0.05          0.00          0.00          6.55
        40000          0.00          0.00          0.00         12.15
        40001          0.00          0.00          0.00          4.86
        40002          0.00          0.00          0.00          4.86
        40003          0.00          0.00          0.00          4.86
        40004          0.00          0.00          0.00          4.86
        40005          0.00          0.00          0.00         12.15
        40100          0.00          0.00         13.00         17.56
        41000          0.00          0.00          1.23        423.73
        41001          0.00          0.00          0.76        282.49
        41002          0.00          0.00          0.27        136.69
        41003          0.00          0.00          0.76        282.49
        41004          0.00          0.00          0.27        136.69
        41005          0.00          0.00          1.23        423.73
        42000          0.00          0.00          1.14        328.05
        42001          0.00          0.00          0.53        153.09
        42002          0.00          0.00          0.33         95.68
        42003          0.00          0.00          0.53        153.09
        42004          0.00          0.00          0.33         95.68
        42005          0.00          0.00          1.14        328.05
        50000          0.00          0.00          0.00        262.44
        50001          0.00          0.00          0.00         21.32
        50002          0.00          0.00          0.00         25.27
        50003          0.00          0.00          0.00         21.32
        50004          0.00          0.00          0.00         25.27
        50005          0.00          0.00          0.00        262.44
 X      99998          0.00          0.00          0.00          0.00
        99999          0.00          0.00          0.00          0.00

1
 ESATAN-TMS  2025                                                      Page     8
 16 February  2026  10:31:22                                  DRAGOSAT_V2_GEO_HOT





  TIMEN =   3630.15      MODULE SLCRNC      DTIMEU =   30.2512
 CSGMIN =    0.7304  AT NODE 10610 IN SUB-MODEL  
+                                                DRAGOSAT_V2_GEO_HOT             


 TABLE OUTPUT WITH ZENTS = 'L,T,QS,QE,QA,QI,C'
 FOR NODES OF ZLABEL = ' '

 ================================================================================


+DRAGOSAT_V2_GEO_HOT                                                             


          NODE   LABEL                              T             QS            

          100    MLI                              61.20          2.25
          101    MLI                              61.27          2.25
          102    MLI                              61.04          2.25
          103    MLI                              61.11          2.25
          104    MLI                              60.95          2.25
          105    MLI                              61.31          2.25
          106    MLI                              61.08          2.25
          107    MLI                              61.31          2.25
          108    MLI                              61.04          2.25
          109    MLI                              61.18          2.25
          110    MLI                              61.13          2.25
          111    MLI                              61.17          2.25
          112    MLI                              61.08          2.25
          113    MLI                              61.19          2.25
          114    MLI                              61.05          2.25
          115    MLI                              61.01          2.25
          150    MLI                              69.07          0.00
          151    MLI                              69.23          0.00
          152    MLI                              69.20          0.00
          153    MLI                              68.96          0.00
          154    MLI                              69.18          0.00
          155    MLI                              69.44          0.00
          156    MLI                              69.40          0.00
          157    MLI                              69.19          0.00
          158    MLI                              69.16          0.00
          159    MLI                              69.38          0.00
          160    MLI                              69.41          0.00
          161    MLI                              69.15          0.00
          162    MLI                              68.07          0.00
          163    MLI                              67.95          0.00
          164    MLI                              67.97          0.00
          165    MLI                              67.91          0.00
          200    MLI                             -20.60          0.06
          201    MLI                             -16.49          0.06
          202    MLI                             -14.12          0.01
          203    MLI                             -19.12          0.00
          204    MLI                             -17.03          0.07
          205    MLI                             -16.59          0.06
          206    MLI                             -13.63          0.00
          207    MLI                             -12.23          0.00
          208    MLI                             -16.10          0.06
          209    MLI                             -16.80          0.04
          210    MLI                             -11.59          0.00
          211    MLI                             -13.40          0.00
          212    MLI                             -23.67          0.05
          213    MLI                             -20.43          0.02
          214    MLI                             -17.75          0.00
          215    MLI                             -17.29          0.00
          250    MLI                              56.29          0.00
          251    MLI                              55.65          0.00
          252    MLI                              55.60          0.00
          253    MLI                              56.06          0.00
          254    MLI                              56.33          0.00
          255    MLI                              55.07          0.00
          256    MLI                              55.09          0.00
          257    MLI                              56.18          0.00
          258    MLI                              56.44          0.00
          259    MLI                              55.21          0.00
          260    MLI                              55.23          0.00
          261    MLI                              56.14          0.00
          262    MLI                              55.06          0.00
          263    MLI                              54.15          0.00
          264    MLI                              54.11          0.00
          265    MLI                              55.02          0.00
          300    MLI                              94.45          0.00
          301    MLI                              94.41          0.00
          302    MLI                              94.55          0.00
          303    MLI                              94.42          0.00
          304    MLI                              94.42          0.00
          305    MLI                              94.53          0.00
          306    MLI                              94.52          0.00
          307    MLI                              94.38          0.00
          308    MLI                              94.37          0.00
          309    MLI                              94.55          0.00
          310    MLI                              94.61          0.00
          311    MLI                              94.45          0.00
          312    MLI                              94.56          0.00
          313    MLI                              94.47          0.00
          314    MLI                              94.45          0.00
          315    MLI                              94.50          0.00
          350    MLI                              71.50          0.00
          351    MLI                              71.65          0.00
          352    MLI                              71.72          0.00
          353    MLI                              71.48          0.00
          354    MLI                              71.54          0.00
          355    MLI                              71.74          0.00
          356    MLI                              71.79          0.00
          357    MLI                              71.56          0.00
          358    MLI                              71.52          0.00
          359    MLI                              71.82          0.00
          360    MLI                              71.76          0.00
          361    MLI                              71.52          0.00
          362    MLI                              70.42          0.00
          363    MLI                              70.38          0.00
          364    MLI                              70.39          0.00
          365    MLI                              70.55          0.00
          400    MLI                              67.53          0.50
          401    MLI                              68.83          0.51
          402    MLI                              68.67          0.57
          403    MLI                              67.25          0.57
          404    MLI                              69.03          0.50
          405    MLI                              68.63          0.50
          406    MLI                              68.68          0.57
          407    MLI                              68.06          0.57
          408    MLI                              68.80          0.50
          409    MLI                              69.03          0.50
          410    MLI                              66.84          0.55
          411    MLI                              67.51          0.57
          412    MLI                              67.45          0.50
          413    MLI                              67.60          0.50
          414    MLI                              66.31          0.52
          415    MLI                              65.31          0.55
          450    MLI                              66.32          0.00
          451    MLI                              65.88          0.00
          452    MLI                              65.85          0.00
          453    MLI                              66.49          0.00
          454    MLI                              66.20          0.00
          455    MLI                              65.27          0.00
          456    MLI                              65.46          0.00
          457    MLI                              66.49          0.00
          458    MLI                              66.11          0.00
          459    MLI                              65.41          0.00
          460    MLI                              65.41          0.00
          461    MLI                              66.44          0.00
          462    MLI                              65.21          0.00
          463    MLI                              64.52          0.00
          464    MLI                              64.64          0.00
          465    MLI                              65.45          0.00
          500    MLI                              56.26          0.00
          501    MLI                              53.76          0.00
          502    MLI                              53.43          0.00
          503    MLI                              55.99          0.00
          504    MLI                              57.69          0.00
          507    MLI                              55.96          0.00
          508    MLI                              57.59          0.00
          511    MLI                              56.23          0.00
          512    MLI                              56.26          0.00
          513    MLI                              58.14          0.00
          514    MLI                              58.69          0.00
          515    MLI                              56.30          0.00
          550    MLI                              66.65          0.00
          551    MLI                              64.69          0.00
          552    MLI                              64.72          0.00
          553    MLI                              66.43          0.00
          554    MLI                              65.03          0.00
          557    MLI                              64.48          0.00
          558    MLI                              65.03          0.00
          561    MLI                              64.67          0.00
          562    MLI                              66.38          0.00
          563    MLI                              65.17          0.00
          564    MLI                              65.11          0.00
          565    MLI                              66.42          0.00
          600    MLI                              64.04          1.23
          601    MLI                              56.95          1.27
          602    MLI                              64.45          1.28
          603    MLI                              63.79          1.23
          604    MLI                              64.27          1.23
          605    MLI                              60.66          1.23
          606    MLI                              67.85          1.33
          607    MLI                              64.84          1.24
          608    MLI                              64.47          1.22
          609    MLI                              63.50          0.61
          610    MLI                              69.63          0.92
          611    MLI                              64.74          1.23
          612    MLI                              64.19          1.22
          613    MLI                              57.66          0.64
          614    MLI                              65.21          1.15
          615    MLI                              64.08          1.22
          650    MLI                              64.32          0.00
          651    MLI                              63.70          0.00
          652    MLI                              64.50          0.00
          653    MLI                              64.29          0.00
          654    MLI                              64.02          0.00
          655    MLI                              63.52          0.00
          656    MLI                              64.32          0.00
          657    MLI                              64.13          0.00
          658    MLI                              64.03          0.00
          659    MLI                              63.83          0.00
          660    MLI                              64.48          0.00
          661    MLI                              64.09          0.00
          662    MLI                              64.24          0.00
          663    MLI                              63.56          0.00
          664    MLI                              64.52          0.00
          665    MLI                              64.23          0.00
        10000    Body_Panel                       63.27          0.00
        10001    Body_Panel                       63.29          0.00
        10002    Body_Panel                       63.30          0.00
        10003    Body_Panel                       63.29          0.00
        10004    Body_Panel                       63.27          0.00
        10005    Body_Panel                       63.27          0.00
        10006    Body_Panel                       63.30          0.00
        10007    Body_Panel                       63.31          0.00
        10008    Body_Panel                       63.30          0.00
        10009    Body_Panel                       63.28          0.00
        10010    Body_Panel                       63.26          0.00
        10011    Body_Panel                       63.29          0.00
        10012    Body_Panel                       63.30          0.00
        10013    Body_Panel                       63.29          0.00
        10014    Body_Panel                       63.27          0.00
        10015    Body_Panel                       63.24          0.00
        10016    Body_Panel                       63.26          0.00
        10017    Body_Panel                       63.27          0.00
        10018    Body_Panel                       63.27          0.00
        10019    Body_Panel                       63.25          0.00
        10020    Body_Panel                       63.22          0.00
        10021    Body_Panel                       63.24          0.00
        10022    Body_Panel                       63.25          0.00
        10023    Body_Panel                       63.24          0.00
        10024    Body_Panel                       63.23          0.00
        10100    Body_Panel                       55.78          0.00
        10101    Body_Panel                       55.05          0.00
        10102    Body_Panel                       54.04          0.00
        10103    Body_Panel                       54.96          0.00
        10104    Body_Panel                       55.63          0.00
        10105    Body_Panel                       55.99          0.00
        10106    Body_Panel                       55.11          0.00
        10107    Body_Panel                       53.31          0.00
        10108    Body_Panel                       55.00          0.00
        10109    Body_Panel                       55.81          0.00
        10110    Body_Panel                       55.91          0.00
        10111    Body_Panel                       54.77          0.00
        10112    Body_Panel                       51.26          0.00
        10113    Body_Panel                       54.63          0.00
        10114    Body_Panel                       55.68          0.00
        10115    Body_Panel                       56.17          0.00
        10116    Body_Panel                       55.22          0.00
        10117    Body_Panel                       53.33          0.00
        10118    Body_Panel                       55.04          0.00
        10119    Body_Panel                       55.87          0.00
        10120    Body_Panel                       55.93          0.00
        10121    Body_Panel                       55.15          0.00
        10122    Body_Panel                       54.08          0.00
        10123    Body_Panel                       54.99          0.00
        10124    Body_Panel                       55.67          0.00
        10300    Body_Panel                       62.62          0.00
        10301    Body_Panel                       62.63          0.00
        10302    Body_Panel                       62.64          0.00
        10303    Body_Panel                       62.63          0.00
        10304    Body_Panel                       62.61          0.00
        10305    Body_Panel                       62.62          0.00
        10306    Body_Panel                       62.63          0.00
        10307    Body_Panel                       62.64          0.00
        10308    Body_Panel                       62.63          0.00
        10309    Body_Panel                       62.61          0.00
        10310    Body_Panel                       62.61          0.00
        10311    Body_Panel                       62.62          0.00
        10312    Body_Panel                       62.63          0.00
        10313    Body_Panel                       62.62          0.00
        10314    Body_Panel                       62.60          0.00
        10315    Body_Panel                       62.58          0.00
        10316    Body_Panel                       62.60          0.00
        10317    Body_Panel                       62.60          0.00
        10318    Body_Panel                       62.59          0.00
        10319    Body_Panel                       62.58          0.00
        10320    Body_Panel                       62.57          0.00
        10321    Body_Panel                       62.58          0.00
        10322    Body_Panel                       62.59          0.00
        10323    Body_Panel                       62.58          0.00
        10324    Body_Panel                       62.56          0.00
        10400    Body_Panel                       55.29          0.00
        10401    Body_Panel                       54.76          0.00
        10402    Body_Panel                       53.98          0.00
        10403    Body_Panel                       54.99          0.00
        10404    Body_Panel                       55.69          0.00
        10405    Body_Panel                       55.42          0.00
        10406    Body_Panel                       54.79          0.00
        10407    Body_Panel                       53.29          0.00
        10408    Body_Panel                       55.05          0.00
        10409    Body_Panel                       55.89          0.00
        10410    Body_Panel                       55.11          0.00
        10411    Body_Panel                       54.38          0.00
        10412    Body_Panel                       51.37          0.00
        10413    Body_Panel                       54.70          0.00
        10414    Body_Panel                       55.74          0.00
        10415    Body_Panel                       55.01          0.00
        10416    Body_Panel                       54.72          0.00
        10417    Body_Panel                       53.62          0.00
        10418    Body_Panel                       55.10          0.00
        10419    Body_Panel                       55.91          0.00
        10420    Body_Panel                       54.95          0.00
        10421    Body_Panel                       54.67          0.00
        10422    Body_Panel                       54.16          0.00
        10423    Body_Panel                       55.05          0.00
        10424    Body_Panel                       55.71          0.00
        10500    Body_Panel                       54.29          0.00
        10501    Body_Panel                       54.25          0.00
        10502    Body_Panel                       54.23          0.00
        10503    Body_Panel                       54.25          0.00
        10504    Body_Panel                       54.29          0.00
        10505    Body_Panel                       54.22          0.00
        10506    Body_Panel                       54.10          0.00
        10507    Body_Panel                       54.07          0.00
        10508    Body_Panel                       54.10          0.00
        10509    Body_Panel                       54.22          0.00
        10510    Body_Panel                       54.20          0.00
        10511    Body_Panel                       54.07          0.00
        10512    Body_Panel                       54.05          0.00
        10513    Body_Panel                       54.06          0.00
        10514    Body_Panel                       54.18          0.00
        10515    Body_Panel                       54.22          0.00
        10516    Body_Panel                       54.09          0.00
        10517    Body_Panel                       54.06          0.00
        10518    Body_Panel                       54.07          0.00
        10519    Body_Panel                       54.17          0.00
        10520    Body_Panel                       54.28          0.00
        10521    Body_Panel                       54.23          0.00
        10522    Body_Panel                       54.19          0.00
        10523    Body_Panel                       54.19          0.00
        10524    Body_Panel                       54.23          0.00
        10600    Body_Panel                       61.45          0.00
        10601    Body_Panel                       61.44          0.00
        10602    Body_Panel                       61.44          0.00
        10603    Body_Panel                       61.46          0.00
        10604    Body_Panel                       61.45          0.00
        10605    Body_Panel                       61.43          0.00
        10606    Body_Panel                       61.43          0.00
        10607    Body_Panel                       61.46          0.00
        10608    Body_Panel                       61.45          0.00
        10609    Body_Panel                       61.43          0.00
        10610    Body_Panel                       61.43          0.00
        10611    Body_Panel                       61.46          0.00
        10612    Body_Panel                       61.45          0.00
        10613    Body_Panel                       61.44          0.00
        10614    Body_Panel                       61.44          0.00
        10615    Body_Panel                       61.45          0.00
        10650    Body_Inf                         61.45          0.00
        10651    Body_Inf                         61.44          0.00
        10652    Body_Inf                         61.44          0.00
        10653    Body_Inf                         61.46          0.00
        10654    Body_Inf                         61.45          0.00
        10655    Body_Inf                         61.43          0.00
        10656    Body_Inf                         61.43          0.01
        10657    Body_Inf                         61.46          0.00
        10658    Body_Inf                         61.45          0.00
        10659    Body_Inf                         61.43          0.00
        10660    Body_Inf                         61.43          0.00
        10661    Body_Inf                         61.46          0.00
        10662    Body_Inf                         61.45          0.00
        10663    Body_Inf                         61.44          0.00
        10664    Body_Inf                         61.44          0.00
        10665    Body_Inf                         61.45          0.00
        11000    BODY_TRAY                        60.46          0.00
        11001    BODY_TRAY                        60.93          0.00
        11002    BODY_TRAY                        60.91          0.00
        11003    BODY_TRAY                        60.30          0.00
        11004    BODY_TRAY                        60.49          0.00
        11005    BODY_TRAY                        60.98          0.00
        11006    BODY_TRAY                        61.03          0.00
        11007    BODY_TRAY                        60.37          0.00
        11008    BODY_TRAY                        60.42          0.00
        11009    BODY_TRAY                        60.93          0.00
        11010    BODY_TRAY                        60.97          0.00
        11011    BODY_TRAY                        60.30          0.00
        11012    BODY_TRAY                        60.20          0.00
        11013    BODY_TRAY                        60.77          0.00
        11014    BODY_TRAY                        60.77          0.00
        11015    BODY_TRAY                        60.16          0.00
        11100    BODY_TRAY                        64.34          0.00
        11101    BODY_TRAY                        64.75          0.00
        11102    BODY_TRAY                        64.29          0.00
        11103    BODY_TRAY                        63.30          0.00
        11104    BODY_TRAY                        64.92          0.00
        11105    BODY_TRAY                        65.30          0.00
        11106    BODY_TRAY                        64.59          0.00
        11107    BODY_TRAY                        63.45          0.00
        11108    BODY_TRAY                        66.24          0.00
        11109    BODY_TRAY                        66.49          0.00
        11110    BODY_TRAY                        65.05          0.00
        11111    BODY_TRAY                        63.74          0.00
        11112    BODY_TRAY                        66.62          0.00
        11113    BODY_TRAY                        66.81          0.00
        11114    BODY_TRAY                        65.27          0.00
        11115    BODY_TRAY                        63.93          0.00
        20000    SPS_STR                          30.26          1.80
        20001    SPS_STR                          30.23          0.95
        20002    SPS_STR                          30.23          0.93
        20003    SPS_STR                          30.26          1.80
        20004    SPS_STR                          30.59          1.23
        20005    SPS_STR                          30.56          0.00
        20006    SPS_STR                          30.56          0.00
        20007    SPS_STR                          30.60          1.21
        20008    SPS_STR                          31.47          1.23
        20009    SPS_STR                          31.43          0.01
        20010    SPS_STR                          31.43          0.01
        20011    SPS_STR                          31.48          1.25
        20012    SPS_STR                          33.03          1.23
        20013    SPS_STR                          33.01          0.01
        20014    SPS_STR                          33.02          0.01
        20015    SPS_STR                          33.03          1.22
        20016    SPS_STR                          34.92          1.25
        20017    SPS_STR                          35.01          0.03
        20018    SPS_STR                          35.01          0.03
        20019    SPS_STR                          34.94          1.27
        20020    SPS_STR                          36.85          1.86
        20021    SPS_STR                          37.62          1.01
        20022    SPS_STR                          37.63          1.02
        20023    SPS_STR                          36.87          1.90
        20100    SPS_STR                          36.38          1.76
        20101    SPS_STR                          37.18          0.95
        20102    SPS_STR                          37.18          0.97
        20103    SPS_STR                          36.40          1.76
        20104    SPS_STR                          34.46          1.24
        20105    SPS_STR                          34.54          0.00
        20106    SPS_STR                          34.55          0.00
        20107    SPS_STR                          34.47          1.22
        20108    SPS_STR                          32.58          1.21
        20109    SPS_STR                          32.57          0.00
        20110    SPS_STR                          32.57          0.00
        20111    SPS_STR                          32.59          1.23
        20112    SPS_STR                          31.02          1.22
        20113    SPS_STR                          30.98          0.00
        20114    SPS_STR                          30.98          0.00
        20115    SPS_STR                          31.03          1.24
        20116    SPS_STR                          30.13          1.22
        20117    SPS_STR                          30.09          0.00
        20118    SPS_STR                          30.09          0.00
        20119    SPS_STR                          30.13          1.24
        20120    SPS_STR                          29.78          1.78
        20121    SPS_STR                          29.75          0.88
        20122    SPS_STR                          29.75          0.90
        20123    SPS_STR                          29.78          1.79
        21000    SPS_CELL                         30.82          1.23
        21001    SPS_CELL                         31.19          1.23
        21002    SPS_CELL                         31.98          1.23
        21003    SPS_CELL                         33.51          1.23
        21004    SPS_CELL                         35.22          1.24
        21005    SPS_CELL                         36.98          1.25
        21006    SPS_CELL                         30.81          1.23
        21007    SPS_CELL                         31.17          1.23
        21008    SPS_CELL                         31.96          1.23
        21009    SPS_CELL                         33.50          1.23
        21010    SPS_CELL                         35.27          1.24
        21011    SPS_CELL                         37.30          1.25
        21012    SPS_CELL                         30.80          1.23
        21013    SPS_CELL                         31.16          1.23
        21014    SPS_CELL                         31.95          1.23
        21015    SPS_CELL                         33.50          1.23
        21016    SPS_CELL                         35.28          1.24
        21017    SPS_CELL                         37.41          1.25
        21018    SPS_CELL                         30.80          1.23
        21019    SPS_CELL                         31.16          1.23
        21020    SPS_CELL                         31.95          1.23
        21021    SPS_CELL                         33.50          1.23
        21022    SPS_CELL                         35.28          1.24
        21023    SPS_CELL                         37.41          1.25
        21024    SPS_CELL                         30.81          1.23
        21025    SPS_CELL                         31.17          1.23
        21026    SPS_CELL                         31.96          1.23
        21027    SPS_CELL                         33.50          1.23
        21028    SPS_CELL                         35.26          1.24
        21029    SPS_CELL                         37.29          1.25
        21030    SPS_CELL                         30.82          1.23
        21031    SPS_CELL                         31.18          1.23
        21032    SPS_CELL                         31.98          1.23
        21033    SPS_CELL                         33.50          1.23
        21034    SPS_CELL                         35.21          1.24
        21035    SPS_CELL                         36.97          1.26
        21100    SPS_CELL                         36.51          1.23
        21101    SPS_CELL                         34.75          1.23
        21102    SPS_CELL                         33.07          1.23
        21103    SPS_CELL                         31.53          1.23
        21104    SPS_CELL                         30.72          1.23
        21105    SPS_CELL                         30.35          1.23
        21106    SPS_CELL                         36.82          1.23
        21107    SPS_CELL                         34.79          1.23
        21108    SPS_CELL                         33.06          1.23
        21109    SPS_CELL                         31.51          1.23
        21110    SPS_CELL                         30.70          1.23
        21111    SPS_CELL                         30.33          1.23
        21112    SPS_CELL                         36.93          1.23
        21113    SPS_CELL                         34.81          1.23
        21114    SPS_CELL                         33.06          1.23
        21115    SPS_CELL                         31.50          1.23
        21116    SPS_CELL                         30.70          1.23
        21117    SPS_CELL                         30.33          1.23
        21118    SPS_CELL                         36.93          1.23
        21119    SPS_CELL                         34.81          1.23
        21120    SPS_CELL                         33.05          1.23
        21121    SPS_CELL                         31.50          1.23
        21122    SPS_CELL                         30.69          1.23
        21123    SPS_CELL                         30.33          1.23
        21124    SPS_CELL                         36.81          1.23
        21125    SPS_CELL                         34.79          1.23
        21126    SPS_CELL                         33.05          1.23
        21127    SPS_CELL                         31.50          1.23
        21128    SPS_CELL                         30.70          1.23
        21129    SPS_CELL                         30.33          1.23
        21130    SPS_CELL                         36.49          1.23
        21131    SPS_CELL                         34.74          1.23
        21132    SPS_CELL                         33.05          1.23
        21133    SPS_CELL                         31.52          1.23
        21134    SPS_CELL                         30.72          1.23
        21135    SPS_CELL                         30.34          1.23
        30100    IR_CAM_STR                       42.13          0.29
        30101    IR_CAM_STR                       42.60          0.40
        30102    IR_CAM_STR                       49.78          0.10
        30103    IR_CAM_STR                       49.84          0.16
        31000    IR_CAM_ELECT                     79.22          0.00
        31001    IR_CAM_ELECT                     66.47          0.00
        31002    IR_CAM_ELECT                     66.84          0.00
        31003    IR_CAM_ELECT                     66.53          0.00
        31004    IR_CAM_ELECT                     66.75          0.00
        31005    IR_CAM_ELECT                     50.46          0.00
        31100    IR_CAM_ELECT                      0.00          0.00
        32000    IR_CAM_LENS                      71.32          0.86
        40000    INS_EB                           54.17          0.00
        40001    INS_EB                           60.40          0.00
        40002    INS_EB                           61.83          0.00
        40003    INS_EB                           59.60          0.00
        40004    INS_EB                           60.27          0.00
        40005    INS_EB                           68.42          0.00
        40100    IR_EB                            71.28          0.00
        41000    INS_PLD_1                        80.49          0.00
        41001    INS_PLD_1                        77.41          0.00
        41002    INS_PLD_1                        76.30          0.00
        41003    INS_PLD_1                        80.00          0.00
        41004    INS_PLD_1                        75.98          0.00
        41005    INS_PLD_1                        61.12          0.00
        42000    INS_PLD_2                        78.68          0.00
        42001    INS_PLD_2                        79.81          0.00
        42002    INS_PLD_2                        77.99          0.00
        42003    INS_PLD_2                        77.01          0.00
        42004    INS_PLD_2                        77.75          0.00
        42005    INS_PLD_2                        61.34          0.00
        50000    Radiator                         -2.92          0.00
        50001    Radiator                         28.30          0.00
        50002    Radiator                         27.87          0.00
        50003    Radiator                         28.05          0.00
        50004    Radiator                         29.34          0.00
        50005    Radiator                         54.00          0.00
 X      99998    INACTIVE_NODE                     0.00          0.00
        99999    ENVIRONMENT                    -270.00          0.00



          NODE          QE            QA            QI            C             

          100          0.02          0.00          0.00         11.48
          101          0.02          0.00          0.00         11.48
          102          0.02          0.00          0.00         11.48
          103          0.02          0.00          0.00         11.48
          104          0.02          0.00          0.00         11.48
          105          0.02          0.00          0.00         11.48
          106          0.02          0.00          0.00         11.48
          107          0.02          0.00          0.00         11.48
          108          0.02          0.00          0.00         11.48
          109          0.02          0.00          0.00         11.48
          110          0.02          0.00          0.00         11.48
          111          0.02          0.00          0.00         11.48
          112          0.02          0.00          0.00         11.48
          113          0.02          0.00          0.00         11.48
          114          0.02          0.00          0.00         11.48
          115          0.02          0.00          0.00         11.48
          150          0.00          0.00          0.00         11.48
          151          0.00          0.00          0.00         11.48
          152          0.00          0.00          0.00         11.48
          153          0.00          0.00          0.00         11.48
          154          0.00          0.00          0.00         11.48
          155          0.00          0.00          0.00         11.48
          156          0.00          0.00          0.00         11.48
          157          0.00          0.00          0.00         11.48
          158          0.00          0.00          0.00         11.48
          159          0.00          0.00          0.00         11.48
          160          0.00          0.00          0.00         11.48
          161          0.00          0.00          0.00         11.48
          162          0.00          0.00          0.00         11.48
          163          0.00          0.00          0.00         11.48
          164          0.00          0.00          0.00         11.48
          165          0.00          0.00          0.00         11.48
          200          0.02          0.00          0.00          9.68
          201          0.02          0.00          0.00          9.68
          202          0.02          0.00          0.00          9.68
          203          0.02          0.00          0.00          9.68
          204          0.02          0.00          0.00          9.68
          205          0.02          0.00          0.00          9.68
          206          0.02          0.00          0.00          9.68
          207          0.02          0.00          0.00          9.68
          208          0.02          0.00          0.00          9.68
          209          0.02          0.00          0.00          9.68
          210          0.02          0.00          0.00          9.68
          211          0.02          0.00          0.00          9.68
          212          0.02          0.00          0.00          9.68
          213          0.02          0.00          0.00          9.68
          214          0.01          0.00          0.00          9.68
          215          0.01          0.00          0.00          9.68
          250          0.00          0.00          0.00          9.68
          251          0.00          0.00          0.00          9.68
          252          0.00          0.00          0.00          9.68
          253          0.00          0.00          0.00          9.68
          254          0.00          0.00          0.00          9.68
          255          0.00          0.00          0.00          9.68
          256          0.00          0.00          0.00          9.68
          257          0.00          0.00          0.00          9.68
          258          0.00          0.00          0.00          9.68
          259          0.00          0.00          0.00          9.68
          260          0.00          0.00          0.00          9.68
          261          0.00          0.00          0.00          9.68
          262          0.00          0.00          0.00          9.68
          263          0.00          0.00          0.00          9.68
          264          0.00          0.00          0.00          9.68
          265          0.00          0.00          0.00          9.68
          300          0.02          0.00          0.00         11.48
          301          0.02          0.00          0.00         11.48
          302          0.02          0.00          0.00         11.48
          303          0.02          0.00          0.00         11.48
          304          0.02          0.00          0.00         11.48
          305          0.02          0.00          0.00         11.48
          306          0.02          0.00          0.00         11.48
          307          0.02          0.00          0.00         11.48
          308          0.02          0.00          0.00         11.48
          309          0.02          0.00          0.00         11.48
          310          0.02          0.00          0.00         11.48
          311          0.02          0.00          0.00         11.48
          312          0.02          0.00          0.00         11.48
          313          0.02          0.00          0.00         11.48
          314          0.02          0.00          0.00         11.48
          315          0.02          0.00          0.00         11.48
          350          0.00          0.00          0.00         11.48
          351          0.00          0.00          0.00         11.48
          352          0.00          0.00          0.00         11.48
          353          0.00          0.00          0.00         11.48
          354          0.00          0.00          0.00         11.48
          355          0.00          0.00          0.00         11.48
          356          0.00          0.00          0.00         11.48
          357          0.00          0.00          0.00         11.48
          358          0.00          0.00          0.00         11.48
          359          0.00          0.00          0.00         11.48
          360          0.00          0.00          0.00         11.48
          361          0.00          0.00          0.00         11.48
          362          0.00          0.00          0.00         11.48
          363          0.00          0.00          0.00         11.48
          364          0.00          0.00          0.00         11.48
          365          0.00          0.00          0.00         11.48
          400          0.02          0.00          0.00          9.68
          401          0.02          0.00          0.00          9.68
          402          0.02          0.00          0.00          9.68
          403          0.02          0.00          0.00          9.68
          404          0.02          0.00          0.00          9.68
          405          0.02          0.00          0.00          9.68
          406          0.02          0.00          0.00          9.68
          407          0.02          0.00          0.00          9.68
          408          0.02          0.00          0.00          9.68
          409          0.02          0.00          0.00          9.68
          410          0.02          0.00          0.00          9.68
          411          0.02          0.00          0.00          9.68
          412          0.01          0.00          0.00          9.68
          413          0.01          0.00          0.00          9.68
          414          0.02          0.00          0.00          9.68
          415          0.02          0.00          0.00          9.68
          450          0.00          0.00          0.00          9.68
          451          0.00          0.00          0.00          9.68
          452          0.00          0.00          0.00          9.68
          453          0.00          0.00          0.00          9.68
          454          0.00          0.00          0.00          9.68
          455          0.00          0.00          0.00          9.68
          456          0.00          0.00          0.00          9.68
          457          0.00          0.00          0.00          9.68
          458          0.00          0.00          0.00          9.68
          459          0.00          0.00          0.00          9.68
          460          0.00          0.00          0.00          9.68
          461          0.00          0.00          0.00          9.68
          462          0.00          0.00          0.00          9.68
          463          0.00          0.00          0.00          9.68
          464          0.00          0.00          0.00          9.68
          465          0.00          0.00          0.00          9.68
          500          0.00          0.00          0.00         18.22
          501          0.00          0.00          0.00         18.22
          502          0.00          0.00          0.00         18.22
          503          0.00          0.00          0.00         18.22
          504          0.00          0.00          0.00         18.22
          507          0.00          0.00          0.00         18.22
          508          0.00          0.00          0.00         18.22
          511          0.00          0.00          0.00         18.22
          512          0.00          0.00          0.00         18.22
          513          0.00          0.00          0.00         18.22
          514          0.00          0.00          0.00         18.22
          515          0.00          0.00          0.00         18.22
          550          0.00          0.00          0.00         18.22
          551          0.00          0.00          0.00         18.22
          552          0.00          0.00          0.00         18.22
          553          0.00          0.00          0.00         18.22
          554          0.00          0.00          0.00         18.22
          557          0.00          0.00          0.00         18.22
          558          0.00          0.00          0.00         18.22
          561          0.00          0.00          0.00         18.22
          562          0.00          0.00          0.00         18.22
          563          0.00          0.00          0.00         18.22
          564          0.00          0.00          0.00         18.22
          565          0.00          0.00          0.00         18.22
          600          0.12          0.00          0.00         18.22
          601          0.12          0.00          0.00         18.22
          602          0.12          0.00          0.00         18.22
          603          0.12          0.00          0.00         18.22
          604          0.12          0.00          0.00         18.22
          605          0.09          0.00          0.00         15.84
          606          0.09          0.00          0.00         15.84
          607          0.12          0.00          0.00         18.22
          608          0.12          0.00          0.00         18.22
          609          0.10          0.00          0.00         15.84
          610          0.10          0.00          0.00         15.84
          611          0.12          0.00          0.00         18.22
          612          0.12          0.00          0.00         18.22
          613          0.12          0.00          0.00         18.22
          614          0.12          0.00          0.00         18.22
          615          0.12          0.00          0.00         18.22
          650          0.00          0.00          0.00         18.22
          651          0.00          0.00          0.00         18.22
          652          0.00          0.00          0.00         18.22
          653          0.00          0.00          0.00         18.22
          654          0.00          0.00          0.00         18.22
          655          0.00          0.00          0.00         15.84
          656          0.00          0.00          0.00         15.84
          657          0.00          0.00          0.00         18.22
          658          0.00          0.00          0.00         18.22
          659          0.00          0.00          0.00         15.84
          660          0.00          0.00          0.00         15.84
          661          0.00          0.00          0.00         18.22
          662          0.00          0.00          0.00         18.22
          663          0.00          0.00          0.00         18.22
          664          0.00          0.00          0.00         18.22
          665          0.00          0.00          0.00         18.22
        10000          0.00          0.00          0.00         43.74
        10001          0.00          0.00          0.00         43.74
        10002          0.00          0.00          0.00         43.74
        10003          0.00          0.00          0.00         43.74
        10004          0.00          0.00          0.00         43.74
        10005          0.00          0.00          0.00         43.74
        10006          0.00          0.00          0.00         43.74
        10007          0.00          0.00          0.00         43.74
        10008          0.00          0.00          0.00         43.74
        10009          0.00          0.00          0.00         43.74
        10010          0.00          0.00          0.00         43.74
        10011          0.00          0.00          0.00         43.74
        10012          0.00          0.00          0.00         43.74
        10013          0.00          0.00          0.00         43.74
        10014          0.00          0.00          0.00         43.74
        10015          0.00          0.00          0.00         43.74
        10016          0.00          0.00          0.00         43.74
        10017          0.00          0.00          0.00         43.74
        10018          0.00          0.00          0.00         43.74
        10019          0.00          0.00          0.00         43.74
        10020          0.00          0.00          0.00         43.74
        10021          0.00          0.00          0.00         43.74
        10022          0.00          0.00          0.00         43.74
        10023          0.00          0.00          0.00         43.74
        10024          0.00          0.00          0.00         43.74
        10100          0.00          0.00          0.00         36.45
        10101          0.00          0.00          0.00         36.45
        10102          0.00          0.00          0.00         36.45
        10103          0.00          0.00          0.00         36.45
        10104          0.00          0.00          0.00         36.45
        10105          0.00          0.00          0.00         36.45
        10106          0.00          0.00          0.00         36.45
        10107          0.00          0.00          0.00         36.45
        10108          0.00          0.00          0.00         36.45
        10109          0.00          0.00          0.00         36.45
        10110          0.00          0.00          0.00         36.45
        10111          0.00          0.00          0.00         36.45
        10112          0.00          0.00          0.00         36.45
        10113          0.00          0.00          0.00         36.45
        10114          0.00          0.00          0.00         36.45
        10115          0.00          0.00          0.00         36.45
        10116          0.00          0.00          0.00         36.45
        10117          0.00          0.00          0.00         36.45
        10118          0.00          0.00          0.00         36.45
        10119          0.00          0.00          0.00         36.45
        10120          0.00          0.00          0.00         36.45
        10121          0.00          0.00          0.00         36.45
        10122          0.00          0.00          0.00         36.45
        10123          0.00          0.00          0.00         36.45
        10124          0.00          0.00          0.00         36.45
        10300          0.00          0.00          0.00         43.74
        10301          0.00          0.00          0.00         43.74
        10302          0.00          0.00          0.00         43.74
        10303          0.00          0.00          0.00         43.74
        10304          0.00          0.00          0.00         43.74
        10305          0.00          0.00          0.00         43.74
        10306          0.00          0.00          0.00         43.74
        10307          0.00          0.00          0.00         43.74
        10308          0.00          0.00          0.00         43.74
        10309          0.00          0.00          0.00         43.74
        10310          0.00          0.00          0.00         43.74
        10311          0.00          0.00          0.00         43.74
        10312          0.00          0.00          0.00         43.74
        10313          0.00          0.00          0.00         43.74
        10314          0.00          0.00          0.00         43.74
        10315          0.00          0.00          0.00         43.74
        10316          0.00          0.00          0.00         43.74
        10317          0.00          0.00          0.00         43.74
        10318          0.00          0.00          0.00         43.74
        10319          0.00          0.00          0.00         43.74
        10320          0.00          0.00          0.00         43.74
        10321          0.00          0.00          0.00         43.74
        10322          0.00          0.00          0.00         43.74
        10323          0.00          0.00          0.00         43.74
        10324          0.00          0.00          0.00         43.74
        10400          0.00          0.00          0.00         36.45
        10401          0.00          0.00          0.00         36.45
        10402          0.00          0.00          0.00         36.45
        10403          0.00          0.00          0.00         36.45
        10404          0.00          0.00          0.00         36.45
        10405          0.00          0.00          0.00         36.45
        10406          0.00          0.00          0.00         36.45
        10407          0.00          0.00          0.00         36.45
        10408          0.00          0.00          0.00         36.45
        10409          0.00          0.00          0.00         36.45
        10410          0.00          0.00          0.00         36.45
        10411          0.00          0.00          0.00         36.45
        10412          0.00          0.00          0.00         36.45
        10413          0.00          0.00          0.00         36.45
        10414          0.00          0.00          0.00         36.45
        10415          0.00          0.00          0.00         36.45
        10416          0.00          0.00          0.00         36.45
        10417          0.00          0.00          0.00         36.45
        10418          0.00          0.00          0.00         36.45
        10419          0.00          0.00          0.00         36.45
        10420          0.00          0.00          0.00         36.45
        10421          0.00          0.00          0.00         36.45
        10422          0.00          0.00          0.00         36.45
        10423          0.00          0.00          0.00         36.45
        10424          0.00          0.00          0.00         36.45
        10500          0.00          0.00          0.00         72.90
        10501          0.00          0.00          0.00         72.90
        10502          0.00          0.00          0.00         72.90
        10503          0.00          0.00          0.00         72.90
        10504          0.00          0.00          0.00         72.90
        10505          0.00          0.00          0.00         72.90
        10506          0.00          0.00          0.00         72.90
        10507          0.00          0.00          0.00         72.90
        10508          0.00          0.00          0.00         72.90
        10509          0.00          0.00          0.00         72.90
        10510          0.00          0.00          0.00         72.90
        10511          0.00          0.00          0.00         72.90
        10512          0.00          0.00          0.00         72.90
        10513          0.00          0.00          0.00         72.90
        10514          0.00          0.00          0.00         72.90
        10515          0.00          0.00          0.00         72.90
        10516          0.00          0.00          0.00         72.90
        10517          0.00          0.00          0.00         72.90
        10518          0.00          0.00          0.00         72.90
        10519          0.00          0.00          0.00         72.90
        10520          0.00          0.00          0.00         72.90
        10521          0.00          0.00          0.00         72.90
        10522          0.00          0.00          0.00         72.90
        10523          0.00          0.00          0.00         72.90
        10524          0.00          0.00          0.00         72.90
        10600          0.00          0.00          0.00         56.95
        10601          0.00          0.00          0.00         56.95
        10602          0.00          0.00          0.00         56.95
        10603          0.00          0.00          0.00         56.95
        10604          0.00          0.00          0.00         56.95
        10605          0.00          0.00          0.00         48.37
        10606          0.00          0.00          0.00         48.37
        10607          0.00          0.00          0.00         56.95
        10608          0.00          0.00          0.00         56.95
        10609          0.00          0.00          0.00         48.37
        10610          0.00          0.00          0.00         48.37
        10611          0.00          0.00          0.00         56.95
        10612          0.00          0.00          0.00         56.95
        10613          0.00          0.00          0.00         56.95
        10614          0.00          0.00          0.00         56.95
        10615          0.00          0.00          0.00         56.95
        10650          0.00          0.00          0.00         56.95
        10651          0.00          0.00          0.00         56.95
        10652          0.00          0.00          0.00         56.95
        10653          0.00          0.00          0.00         56.95
        10654          0.00          0.00          0.00         56.95
        10655          0.00          0.00          0.00         48.37
        10656          0.00          0.00          0.00         48.37
        10657          0.00          0.00          0.00         56.95
        10658          0.00          0.00          0.00         56.95
        10659          0.00          0.00          0.00         48.37
        10660          0.00          0.00          0.00         48.37
        10661          0.00          0.00          0.00         56.95
        10662          0.00          0.00          0.00         56.95
        10663          0.00          0.00          0.00         56.95
        10664          0.00          0.00          0.00         56.95
        10665          0.00          0.00          0.00         56.95
        11000          0.00          0.00          0.00        113.91
        11001          0.00          0.00          0.00        113.91
        11002          0.00          0.00          0.00        113.91
        11003          0.00          0.00          0.00        113.91
        11004          0.00          0.00          0.00        113.91
        11005          0.00          0.00          0.00        113.91
        11006          0.00          0.00          0.00        113.91
        11007          0.00          0.00          0.00        113.91
        11008          0.00          0.00          0.00        113.91
        11009          0.00          0.00          0.00        113.91
        11010          0.00          0.00          0.00        113.91
        11011          0.00          0.00          0.00        113.91
        11012          0.00          0.00          0.00        113.91
        11013          0.00          0.00          0.00        113.91
        11014          0.00          0.00          0.00        113.91
        11015          0.00          0.00          0.00        113.91
        11100          0.00          0.00          0.00        113.91
        11101          0.00          0.00          0.00        113.91
        11102          0.00          0.00          0.00        113.91
        11103          0.00          0.00          0.00        113.91
        11104          0.00          0.00          0.00        113.91
        11105          0.00          0.00          0.00        113.91
        11106          0.00          0.00          0.00        113.91
        11107          0.00          0.00          0.00        113.91
        11108          0.00          0.00          0.00        113.91
        11109          0.00          0.00          0.00        113.91
        11110          0.00          0.00          0.00        113.91
        11111          0.00          0.00          0.00        113.91
        11112          0.00          0.00          0.00        113.91
        11113          0.00          0.00          0.00        113.91
        11114          0.00          0.00          0.00        113.91
        11115          0.00          0.00          0.00        113.91
        20000          0.17          0.00          0.00         91.12
        20001          0.11          0.00          0.00         91.12
        20002          0.12          0.00          0.00         91.12
        20003          0.18          0.00          0.00         91.12
        20004          0.13          0.00          0.00         91.12
        20005          0.06          0.00          0.00         91.12
        20006          0.06          0.00          0.00         91.12
        20007          0.15          0.00          0.00         91.12
        20008          0.13          0.00          0.00         91.12
        20009          0.06          0.00          0.00         91.12
        20010          0.06          0.00          0.00         91.12
        20011          0.15          0.00          0.00         91.12
        20012          0.13          0.00          0.00         91.12
        20013          0.06          0.00          0.00         91.12
        20014          0.06          0.00          0.00         91.12
        20015          0.15          0.00          0.00         91.12
        20016          0.13          0.00          0.00         91.12
        20017          0.06          0.00          0.00         91.12
        20018          0.07          0.00          0.00         91.12
        20019          0.15          0.00          0.00         91.12
        20020          0.15          0.00          0.00         91.12
        20021          0.12          0.00          0.00         91.12
        20022          0.13          0.00          0.00         91.12
        20023          0.21          0.00          0.00         91.12
        20100          0.15          0.00          0.00         91.12
        20101          0.12          0.00          0.00         91.12
        20102          0.13          0.00          0.00         91.12
        20103          0.20          0.00          0.00         91.12
        20104          0.13          0.00          0.00         91.12
        20105          0.06          0.00          0.00         91.12
        20106          0.07          0.00          0.00         91.12
        20107          0.15          0.00          0.00         91.12
        20108          0.13          0.00          0.00         91.12
        20109          0.06          0.00          0.00         91.12
        20110          0.06          0.00          0.00         91.12
        20111          0.15          0.00          0.00         91.12
        20112          0.13          0.00          0.00         91.12
        20113          0.06          0.00          0.00         91.12
        20114          0.06          0.00          0.00         91.12
        20115          0.15          0.00          0.00         91.12
        20116          0.13          0.00          0.00         91.12
        20117          0.06          0.00          0.00         91.12
        20118          0.06          0.00          0.00         91.12
        20119          0.15          0.00          0.00         91.12
        20120          0.16          0.00          0.00         91.12
        20121          0.12          0.00          0.00         91.12
        20122          0.12          0.00          0.00         91.12
        20123          0.18          0.00          0.00         91.12
        21000          0.09          0.00          0.00         19.08
        21001          0.09          0.00          0.00         19.08
        21002          0.09          0.00          0.00         19.08
        21003          0.09          0.00          0.00         19.08
        21004          0.09          0.00          0.00         19.08
        21005          0.09          0.00          0.00         19.08
        21006          0.09          0.00          0.00         19.08
        21007          0.09          0.00          0.00         19.08
        21008          0.09          0.00          0.00         19.08
        21009          0.09          0.00          0.00         19.08
        21010          0.09          0.00          0.00         19.08
        21011          0.09          0.00          0.00         19.08
        21012          0.09          0.00          0.00         19.08
        21013          0.09          0.00          0.00         19.08
        21014          0.09          0.00          0.00         19.08
        21015          0.09          0.00          0.00         19.08
        21016          0.09          0.00          0.00         19.08
        21017          0.09          0.00          0.00         19.08
        21018          0.09          0.00          0.00         19.08
        21019          0.09          0.00          0.00         19.08
        21020          0.09          0.00          0.00         19.08
        21021          0.09          0.00          0.00         19.08
        21022          0.09          0.00          0.00         19.08
        21023          0.08          0.00          0.00         19.08
        21024          0.09          0.00          0.00         19.08
        21025          0.09          0.00          0.00         19.08
        21026          0.09          0.00          0.00         19.08
        21027          0.09          0.00          0.00         19.08
        21028          0.09          0.00          0.00         19.08
        21029          0.08          0.00          0.00         19.08
        21030          0.09          0.00          0.00         19.08
        21031          0.09          0.00          0.00         19.08
        21032          0.09          0.00          0.00         19.08
        21033          0.09          0.00          0.00         19.08
        21034          0.09          0.00          0.00         19.08
        21035          0.08          0.00          0.00         19.08
        21100          0.09          0.00          0.00         19.08
        21101          0.09          0.00          0.00         19.08
        21102          0.09          0.00          0.00         19.08
        21103          0.09          0.00          0.00         19.08
        21104          0.09          0.00          0.00         19.08
        21105          0.09          0.00          0.00         19.08
        21106          0.09          0.00          0.00         19.08
        21107          0.09          0.00          0.00         19.08
        21108          0.09          0.00          0.00         19.08
        21109          0.09          0.00          0.00         19.08
        21110          0.09          0.00          0.00         19.08
        21111          0.09          0.00          0.00         19.08
        21112          0.09          0.00          0.00         19.08
        21113          0.09          0.00          0.00         19.08
        21114          0.09          0.00          0.00         19.08
        21115          0.09          0.00          0.00         19.08
        21116          0.09          0.00          0.00         19.08
        21117          0.09          0.00          0.00         19.08
        21118          0.09          0.00          0.00         19.08
        21119          0.09          0.00          0.00         19.08
        21120          0.09          0.00          0.00         19.08
        21121          0.09          0.00          0.00         19.08
        21122          0.09          0.00          0.00         19.08
        21123          0.09          0.00          0.00         19.08
        21124          0.08          0.00          0.00         19.08
        21125          0.09          0.00          0.00         19.08
        21126          0.09          0.00          0.00         19.08
        21127          0.09          0.00          0.00         19.08
        21128          0.09          0.00          0.00         19.08
        21129          0.09          0.00          0.00         19.08
        21130          0.08          0.00          0.00         19.08
        21131          0.09          0.00          0.00         19.08
        21132          0.09          0.00          0.00         19.08
        21133          0.09          0.00          0.00         19.08
        21134          0.09          0.00          0.00         19.08
        21135          0.09          0.00          0.00         19.08
        30100          0.39          0.00          0.00          4.22
        30101          0.38          0.00          0.00          4.22
        30102          0.18          0.00          0.00          4.22
        30103          0.17          0.00          0.00          4.22
        31000          0.00          0.00          1.67        243.00
        31001          0.00          0.00          0.04         36.45
        31002          0.00          0.00          0.04         36.45
        31003          0.00          0.00          0.04         36.45
        31004          0.00          0.00          0.04         36.45
        31005          0.06          0.00          1.67        243.00
        31100          0.00          0.00          0.00       1000.00
        32000          0.05          0.00          0.00          6.55
        40000          0.00          0.00          0.00         12.15
        40001          0.00          0.00          0.00          4.86
        40002          0.00          0.00          0.00          4.86
        40003          0.00          0.00          0.00          4.86
        40004          0.00          0.00          0.00          4.86
        40005          0.00          0.00          0.00         12.15
        40100          0.00          0.00         13.00         17.56
        41000          0.00          0.00          1.23        423.73
        41001          0.00          0.00          0.76        282.49
        41002          0.00          0.00          0.27        136.69
        41003          0.00          0.00          0.76        282.49
        41004          0.00          0.00          0.27        136.69
        41005          0.00          0.00          1.23        423.73
        42000          0.00          0.00          1.14        328.05
        42001          0.00          0.00          0.53        153.09
        42002          0.00          0.00          0.33         95.68
        42003          0.00          0.00          0.53        153.09
        42004          0.00          0.00          0.33         95.68
        42005          0.00          0.00          1.14        328.05
        50000          0.00          0.00          0.00        262.44
        50001          0.00          0.00          0.00         21.32
        50002          0.00          0.00          0.00         25.27
        50003          0.00          0.00          0.00         21.32
        50004          0.00          0.00          0.00         25.27
        50005          0.00          0.00          0.00        262.44
 X      99998          0.00          0.00          0.00          0.00
        99999          0.00          0.00          0.00          0.00

1
 ESATAN-TMS  2025                                                      Page     9
 16 February  2026  10:31:22                                  DRAGOSAT_V2_GEO_HOT





  TIMEN =   4235.17      MODULE SLCRNC      DTIMEU =   30.2512
 CSGMIN =    0.7304  AT NODE 10610 IN SUB-MODEL  
+                                                DRAGOSAT_V2_GEO_HOT             


 TABLE OUTPUT WITH ZENTS = 'L,T,QS,QE,QA,QI,C'
 FOR NODES OF ZLABEL = ' '

 ================================================================================


+DRAGOSAT_V2_GEO_HOT                                                             


          NODE   LABEL                              T             QS            

          100    MLI                             155.51          2.13
          101    MLI                             155.60          2.13
          102    MLI                             155.36          2.13
          103    MLI                             155.43          2.13
          104    MLI                             155.26          2.13
          105    MLI                             155.63          2.13
          106    MLI                             155.39          2.13
          107    MLI                             155.64          2.13
          108    MLI                             155.34          2.13
          109    MLI                             155.49          2.13
          110    MLI                             155.44          2.13
          111    MLI                             155.48          2.13
          112    MLI                             155.39          2.13
          113    MLI                             155.50          2.13
          114    MLI                             155.36          2.13
          115    MLI                             155.34          2.13
          150    MLI                              69.02          0.00
          151    MLI                              69.20          0.00
          152    MLI                              69.17          0.00
          153    MLI                              68.91          0.00
          154    MLI                              69.12          0.00
          155    MLI                              69.41          0.00
          156    MLI                              69.37          0.00
          157    MLI                              69.13          0.00
          158    MLI                              69.11          0.00
          159    MLI                              69.35          0.00
          160    MLI                              69.37          0.00
          161    MLI                              69.09          0.00
          162    MLI                              68.01          0.00
          163    MLI                              67.90          0.00
          164    MLI                              67.93          0.00
          165    MLI                              67.85          0.00
          200    MLI                             -18.73          0.04
          201    MLI                             -15.40          0.02
          202    MLI                             -15.80          0.00
          203    MLI                             -20.43          0.00
          204    MLI                             -14.28          0.06
          205    MLI                             -14.57          0.04
          206    MLI                             -15.11          0.00
          207    MLI                             -13.77          0.00
          208    MLI                             -13.59          0.07
          209    MLI                             -15.19          0.06
          210    MLI                             -13.26          0.00
          211    MLI                             -14.96          0.00
          212    MLI                             -21.74          0.06
          213    MLI                             -19.98          0.05
          214    MLI                             -19.26          0.01
          215    MLI                             -18.92          0.00
          250    MLI                              56.14          0.00
          251    MLI                              55.47          0.00
          252    MLI                              55.42          0.00
          253    MLI                              55.90          0.00
          254    MLI                              56.13          0.00
          255    MLI                              54.84          0.00
          256    MLI                              54.85          0.00
          257    MLI                              55.99          0.00
          258    MLI                              56.25          0.00
          259    MLI                              54.98          0.00
          260    MLI                              55.00          0.00
          261    MLI                              55.95          0.00
          262    MLI                              54.90          0.00
          263    MLI                              53.95          0.00
          264    MLI                              53.92          0.00
          265    MLI                              54.86          0.00
          300    MLI                              76.29          0.00
          301    MLI                              76.24          0.00
          302    MLI                              76.41          0.00
          303    MLI                              76.25          0.00
          304    MLI                              76.25          0.00
          305    MLI                              76.39          0.00
          306    MLI                              76.38          0.00
          307    MLI                              76.20          0.00
          308    MLI                              76.20          0.00
          309    MLI                              76.41          0.00
          310    MLI                              76.48          0.00
          311    MLI                              76.29          0.00
          312    MLI                              76.42          0.00
          313    MLI                              76.31          0.00
          314    MLI                              76.30          0.00
          315    MLI                              76.34          0.00
          350    MLI                              71.14          0.00
          351    MLI                              71.31          0.00
          352    MLI                              71.38          0.00
          353    MLI                              71.12          0.00
          354    MLI                              71.18          0.00
          355    MLI                              71.39          0.00
          356    MLI                              71.44          0.00
          357    MLI                              71.19          0.00
          358    MLI                              71.16          0.00
          359    MLI                              71.47          0.00
          360    MLI                              71.42          0.00
          361    MLI                              71.16          0.00
          362    MLI                              70.05          0.00
          363    MLI                              70.04          0.00
          364    MLI                              70.04          0.00
          365    MLI                              70.19          0.00
          400    MLI                              84.57          0.50
          401    MLI                              85.52          0.50
          402    MLI                              87.92          0.53
          403    MLI                              87.18          0.54
          404    MLI                              85.98          0.50
          405    MLI                              85.56          0.50
          406    MLI                              88.74          0.55
          407    MLI                              89.02          0.57
          408    MLI                              85.71          0.50
          409    MLI                              85.84          0.51
          410    MLI                              86.69          0.56
          411    MLI                              88.25          0.57
          412    MLI                              84.19          0.50
          413    MLI                              84.44          0.52
          414    MLI                              85.04          0.56
          415    MLI                              85.41          0.56
          450    MLI                              65.99          0.00
          451    MLI                              65.52          0.00
          452    MLI                              65.50          0.00
          453    MLI                              66.18          0.00
          454    MLI                              65.83          0.00
          455    MLI                              64.86          0.00
          456    MLI                              65.07          0.00
          457    MLI                              66.14          0.00
          458    MLI                              65.74          0.00
          459    MLI                              65.00          0.00
          460    MLI                              65.01          0.00
          461    MLI                              66.09          0.00
          462    MLI                              64.88          0.00
          463    MLI                              64.15          0.00
          464    MLI                              64.28          0.00
          465    MLI                              65.12          0.00
          500    MLI                              59.00          1.32
          501    MLI                              57.79          1.38
          502    MLI                              57.51          1.38
          503    MLI                              58.77          1.32
          504    MLI                              60.60          1.34
          507    MLI                              58.60          1.30
          508    MLI                              60.50          1.34
          511    MLI                              58.83          1.30
          512    MLI                              58.98          1.32
          513    MLI                              59.27          1.20
          514    MLI                              59.78          1.20
          515    MLI                              58.97          1.32
          550    MLI                              66.10          0.00
          551    MLI                              64.16          0.00
          552    MLI                              64.19          0.00
          553    MLI                              65.88          0.00
          554    MLI                              64.47          0.00
          557    MLI                              63.93          0.00
          558    MLI                              64.47          0.00
          561    MLI                              64.12          0.00
          562    MLI                              65.83          0.00
          563    MLI                              64.64          0.00
          564    MLI                              64.58          0.00
          565    MLI                              65.87          0.00
          600    MLI                              74.55          0.26
          601    MLI                              69.74          0.28
          602    MLI                              76.23          0.29
          603    MLI                              74.36          0.27
          604    MLI                              74.77          0.26
          605    MLI                              76.46          0.29
          606    MLI                              85.19          0.34
          607    MLI                              75.59          0.27
          608    MLI                              74.80          0.26
          609    MLI                              67.37          0.13
          610    MLI                              77.11          0.20
          611    MLI                              75.15          0.26
          612    MLI                              74.46          0.26
          613    MLI                              58.24          0.08
          614    MLI                              74.29          0.24
          615    MLI                              74.31          0.26
          650    MLI                              64.22          0.00
          651    MLI                              63.63          0.00
          652    MLI                              64.43          0.00
          653    MLI                              64.19          0.00
          654    MLI                              63.92          0.00
          655    MLI                              63.50          0.00
          656    MLI                              64.31          0.00
          657    MLI                              64.03          0.00
          658    MLI                              63.92          0.00
          659    MLI                              63.72          0.00
          660    MLI                              64.40          0.00
          661    MLI                              63.98          0.00
          662    MLI                              64.14          0.00
          663    MLI                              63.45          0.00
          664    MLI                              64.43          0.00
          665    MLI                              64.13          0.00
        10000    Body_Panel                       63.00          0.00
        10001    Body_Panel                       63.02          0.00
        10002    Body_Panel                       63.03          0.00
        10003    Body_Panel                       63.02          0.00
        10004    Body_Panel                       63.00          0.00
        10005    Body_Panel                       63.00          0.00
        10006    Body_Panel                       63.02          0.00
        10007    Body_Panel                       63.03          0.00
        10008    Body_Panel                       63.03          0.00
        10009    Body_Panel                       63.00          0.00
        10010    Body_Panel                       62.99          0.00
        10011    Body_Panel                       63.01          0.00
        10012    Body_Panel                       63.02          0.00
        10013    Body_Panel                       63.02          0.00
        10014    Body_Panel                       62.99          0.00
        10015    Body_Panel                       62.96          0.00
        10016    Body_Panel                       62.98          0.00
        10017    Body_Panel                       62.99          0.00
        10018    Body_Panel                       62.99          0.00
        10019    Body_Panel                       62.97          0.00
        10020    Body_Panel                       62.95          0.00
        10021    Body_Panel                       62.96          0.00
        10022    Body_Panel                       62.97          0.00
        10023    Body_Panel                       62.97          0.00
        10024    Body_Panel                       62.96          0.00
        10100    Body_Panel                       55.75          0.00
        10101    Body_Panel                       55.23          0.00
        10102    Body_Panel                       54.50          0.00
        10103    Body_Panel                       55.14          0.00
        10104    Body_Panel                       55.60          0.00
        10105    Body_Panel                       55.93          0.00
        10106    Body_Panel                       55.30          0.00
        10107    Body_Panel                       54.00          0.00
        10108    Body_Panel                       55.20          0.00
        10109    Body_Panel                       55.76          0.00
        10110    Body_Panel                       55.90          0.00
        10111    Body_Panel                       55.09          0.00
        10112    Body_Panel                       52.61          0.00
        10113    Body_Panel                       54.96          0.00
        10114    Body_Panel                       55.69          0.00
        10115    Body_Panel                       56.15          0.00
        10116    Body_Panel                       55.46          0.00
        10117    Body_Panel                       54.05          0.00
        10118    Body_Panel                       55.29          0.00
        10119    Body_Panel                       55.87          0.00
        10120    Body_Panel                       55.94          0.00
        10121    Body_Panel                       55.37          0.00
        10122    Body_Panel                       54.56          0.00
        10123    Body_Panel                       55.21          0.00
        10124    Body_Panel                       55.69          0.00
        10300    Body_Panel                       62.33          0.00
        10301    Body_Panel                       62.34          0.00
        10302    Body_Panel                       62.35          0.00
        10303    Body_Panel                       62.34          0.00
        10304    Body_Panel                       62.32          0.00
        10305    Body_Panel                       62.33          0.00
        10306    Body_Panel                       62.34          0.00
        10307    Body_Panel                       62.35          0.00
        10308    Body_Panel                       62.34          0.00
        10309    Body_Panel                       62.32          0.00
        10310    Body_Panel                       62.31          0.00
        10311    Body_Panel                       62.33          0.00
        10312    Body_Panel                       62.34          0.00
        10313    Body_Panel                       62.33          0.00
        10314    Body_Panel                       62.31          0.00
        10315    Body_Panel                       62.29          0.00
        10316    Body_Panel                       62.31          0.00
        10317    Body_Panel                       62.31          0.00
        10318    Body_Panel                       62.30          0.00
        10319    Body_Panel                       62.29          0.00
        10320    Body_Panel                       62.28          0.00
        10321    Body_Panel                       62.29          0.00
        10322    Body_Panel                       62.29          0.00
        10323    Body_Panel                       62.29          0.00
        10324    Body_Panel                       62.27          0.00
        10400    Body_Panel                       55.29          0.00
        10401    Body_Panel                       54.96          0.00
        10402    Body_Panel                       54.45          0.00
        10403    Body_Panel                       55.17          0.00
        10404    Body_Panel                       55.67          0.00
        10405    Body_Panel                       55.41          0.00
        10406    Body_Panel                       55.01          0.00
        10407    Body_Panel                       54.00          0.00
        10408    Body_Panel                       55.25          0.00
        10409    Body_Panel                       55.83          0.00
        10410    Body_Panel                       55.18          0.00
        10411    Body_Panel                       54.73          0.00
        10412    Body_Panel                       52.73          0.00
        10413    Body_Panel                       55.02          0.00
        10414    Body_Panel                       55.75          0.00
        10415    Body_Panel                       55.09          0.00
        10416    Body_Panel                       54.99          0.00
        10417    Body_Panel                       54.29          0.00
        10418    Body_Panel                       55.33          0.00
        10419    Body_Panel                       55.90          0.00
        10420    Body_Panel                       55.04          0.00
        10421    Body_Panel                       54.92          0.00
        10422    Body_Panel                       54.62          0.00
        10423    Body_Panel                       55.26          0.00
        10424    Body_Panel                       55.73          0.00
        10500    Body_Panel                       53.88          0.00
        10501    Body_Panel                       53.83          0.00
        10502    Body_Panel                       53.81          0.00
        10503    Body_Panel                       53.83          0.00
        10504    Body_Panel                       53.88          0.00
        10505    Body_Panel                       53.81          0.00
        10506    Body_Panel                       53.69          0.00
        10507    Body_Panel                       53.66          0.00
        10508    Body_Panel                       53.68          0.00
        10509    Body_Panel                       53.81          0.00
        10510    Body_Panel                       53.78          0.00
        10511    Body_Panel                       53.66          0.00
        10512    Body_Panel                       53.63          0.00
        10513    Body_Panel                       53.65          0.00
        10514    Body_Panel                       53.77          0.00
        10515    Body_Panel                       53.80          0.00
        10516    Body_Panel                       53.68          0.00
        10517    Body_Panel                       53.65          0.00
        10518    Body_Panel                       53.66          0.00
        10519    Body_Panel                       53.76          0.00
        10520    Body_Panel                       53.87          0.00
        10521    Body_Panel                       53.82          0.00
        10522    Body_Panel                       53.78          0.00
        10523    Body_Panel                       53.78          0.00
        10524    Body_Panel                       53.82          0.00
        10600    Body_Panel                       61.36          0.00
        10601    Body_Panel                       61.35          0.00
        10602    Body_Panel                       61.35          0.00
        10603    Body_Panel                       61.36          0.00
        10604    Body_Panel                       61.36          0.00
        10605    Body_Panel                       61.34          0.00
        10606    Body_Panel                       61.34          0.00
        10607    Body_Panel                       61.37          0.00
        10608    Body_Panel                       61.36          0.00
        10609    Body_Panel                       61.34          0.00
        10610    Body_Panel                       61.34          0.00
        10611    Body_Panel                       61.37          0.00
        10612    Body_Panel                       61.35          0.00
        10613    Body_Panel                       61.35          0.00
        10614    Body_Panel                       61.35          0.00
        10615    Body_Panel                       61.36          0.00
        10650    Body_Inf                         61.36          0.00
        10651    Body_Inf                         61.35          0.00
        10652    Body_Inf                         61.35          0.00
        10653    Body_Inf                         61.36          0.00
        10654    Body_Inf                         61.36          0.00
        10655    Body_Inf                         61.34          0.00
        10656    Body_Inf                         61.34          0.00
        10657    Body_Inf                         61.37          0.00
        10658    Body_Inf                         61.36          0.00
        10659    Body_Inf                         61.34          0.00
        10660    Body_Inf                         61.34          0.00
        10661    Body_Inf                         61.37          0.00
        10662    Body_Inf                         61.35          0.00
        10663    Body_Inf                         61.35          0.00
        10664    Body_Inf                         61.35          0.00
        10665    Body_Inf                         61.36          0.00
        11000    BODY_TRAY                        59.36          0.00
        11001    BODY_TRAY                        59.74          0.00
        11002    BODY_TRAY                        59.73          0.00
        11003    BODY_TRAY                        59.24          0.00
        11004    BODY_TRAY                        59.39          0.00
        11005    BODY_TRAY                        59.79          0.00
        11006    BODY_TRAY                        59.83          0.00
        11007    BODY_TRAY                        59.31          0.00
        11008    BODY_TRAY                        59.33          0.00
        11009    BODY_TRAY                        59.75          0.00
        11010    BODY_TRAY                        59.78          0.00
        11011    BODY_TRAY                        59.24          0.00
        11012    BODY_TRAY                        59.14          0.00
        11013    BODY_TRAY                        59.60          0.00
        11014    BODY_TRAY                        59.60          0.00
        11015    BODY_TRAY                        59.11          0.00
        11100    BODY_TRAY                        63.28          0.00
        11101    BODY_TRAY                        63.62          0.00
        11102    BODY_TRAY                        63.17          0.00
        11103    BODY_TRAY                        62.29          0.00
        11104    BODY_TRAY                        63.86          0.00
        11105    BODY_TRAY                        64.17          0.00
        11106    BODY_TRAY                        63.47          0.00
        11107    BODY_TRAY                        62.45          0.00
        11108    BODY_TRAY                        65.16          0.00
        11109    BODY_TRAY                        65.36          0.00
        11110    BODY_TRAY                        63.93          0.00
        11111    BODY_TRAY                        62.72          0.00
        11112    BODY_TRAY                        65.53          0.00
        11113    BODY_TRAY                        65.67          0.00
        11114    BODY_TRAY                        64.14          0.00
        11115    BODY_TRAY                        62.88          0.00
        20000    SPS_STR                          37.83          1.80
        20001    SPS_STR                          37.80          0.95
        20002    SPS_STR                          37.80          0.93
        20003    SPS_STR                          37.83          1.80
        20004    SPS_STR                          38.10          1.23
        20005    SPS_STR                          38.06          0.00
        20006    SPS_STR                          38.06          0.00
        20007    SPS_STR                          38.10          1.21
        20008    SPS_STR                          38.81          1.23
        20009    SPS_STR                          38.78          0.01
        20010    SPS_STR                          38.78          0.01
        20011    SPS_STR                          38.82          1.25
        20012    SPS_STR                          40.05          1.23
        20013    SPS_STR                          40.04          0.01
        20014    SPS_STR                          40.04          0.01
        20015    SPS_STR                          40.05          1.22
        20016    SPS_STR                          41.50          1.25
        20017    SPS_STR                          41.56          0.03
        20018    SPS_STR                          41.56          0.03
        20019    SPS_STR                          41.52          1.26
        20020    SPS_STR                          42.91          1.86
        20021    SPS_STR                          43.43          1.01
        20022    SPS_STR                          43.44          1.02
        20023    SPS_STR                          42.94          1.89
        20100    SPS_STR                          42.32          1.75
        20101    SPS_STR                          42.86          0.95
        20102    SPS_STR                          42.88          0.97
        20103    SPS_STR                          42.34          1.77
        20104    SPS_STR                          40.92          1.24
        20105    SPS_STR                          40.97          0.00
        20106    SPS_STR                          40.98          0.00
        20107    SPS_STR                          40.93          1.22
        20108    SPS_STR                          39.49          1.21
        20109    SPS_STR                          39.48          0.00
        20110    SPS_STR                          39.49          0.00
        20111    SPS_STR                          39.51          1.23
        20112    SPS_STR                          38.27          1.22
        20113    SPS_STR                          38.24          0.00
        20114    SPS_STR                          38.24          0.00
        20115    SPS_STR                          38.28          1.24
        20116    SPS_STR                          37.56          1.22
        20117    SPS_STR                          37.53          0.00
        20118    SPS_STR                          37.53          0.00
        20119    SPS_STR                          37.57          1.24
        20120    SPS_STR                          37.28          1.78
        20121    SPS_STR                          37.26          0.88
        20122    SPS_STR                          37.26          0.90
        20123    SPS_STR                          37.29          1.79
        21000    SPS_CELL                         38.32          1.23
        21001    SPS_CELL                         38.61          1.23
        21002    SPS_CELL                         39.26          1.23
        21003    SPS_CELL                         40.49          1.24
        21004    SPS_CELL                         41.81          1.24
        21005    SPS_CELL                         43.13          1.26
        21006    SPS_CELL                         38.30          1.23
        21007    SPS_CELL                         38.59          1.23
        21008    SPS_CELL                         39.24          1.23
        21009    SPS_CELL                         40.48          1.23
        21010    SPS_CELL                         41.84          1.24
        21011    SPS_CELL                         43.33          1.25
        21012    SPS_CELL                         38.30          1.23
        21013    SPS_CELL                         38.59          1.23
        21014    SPS_CELL                         39.23          1.23
        21015    SPS_CELL                         40.48          1.23
        21016    SPS_CELL                         41.85          1.24
        21017    SPS_CELL                         43.40          1.25
        21018    SPS_CELL                         38.30          1.23
        21019    SPS_CELL                         38.58          1.23
        21020    SPS_CELL                         39.23          1.23
        21021    SPS_CELL                         40.48          1.23
        21022    SPS_CELL                         41.85          1.24
        21023    SPS_CELL                         43.40          1.25
        21024    SPS_CELL                         38.30          1.23
        21025    SPS_CELL                         38.59          1.23
        21026    SPS_CELL                         39.24          1.23
        21027    SPS_CELL                         40.48          1.23
        21028    SPS_CELL                         41.83          1.23
        21029    SPS_CELL                         43.32          1.25
        21030    SPS_CELL                         38.32          1.23
        21031    SPS_CELL                         38.61          1.23
        21032    SPS_CELL                         39.26          1.23
        21033    SPS_CELL                         40.48          1.23
        21034    SPS_CELL                         41.80          1.24
        21035    SPS_CELL                         43.10          1.25
        21100    SPS_CELL                         42.52          1.23
        21101    SPS_CELL                         41.22          1.23
        21102    SPS_CELL                         39.94          1.23
        21103    SPS_CELL                         38.73          1.23
        21104    SPS_CELL                         38.08          1.23
        21105    SPS_CELL                         37.78          1.23
        21106    SPS_CELL                         42.73          1.23
        21107    SPS_CELL                         41.25          1.23
        21108    SPS_CELL                         39.93          1.23
        21109    SPS_CELL                         38.71          1.23
        21110    SPS_CELL                         38.06          1.23
        21111    SPS_CELL                         37.76          1.23
        21112    SPS_CELL                         42.80          1.23
        21113    SPS_CELL                         41.25          1.23
        21114    SPS_CELL                         39.93          1.23
        21115    SPS_CELL                         38.70          1.23
        21116    SPS_CELL                         38.05          1.23
        21117    SPS_CELL                         37.76          1.23
        21118    SPS_CELL                         42.80          1.23
        21119    SPS_CELL                         41.25          1.23
        21120    SPS_CELL                         39.92          1.23
        21121    SPS_CELL                         38.69          1.23
        21122    SPS_CELL                         38.05          1.23
        21123    SPS_CELL                         37.75          1.23
        21124    SPS_CELL                         42.71          1.23
        21125    SPS_CELL                         41.24          1.23
        21126    SPS_CELL                         39.92          1.23
        21127    SPS_CELL                         38.70          1.23
        21128    SPS_CELL                         38.05          1.23
        21129    SPS_CELL                         37.76          1.23
        21130    SPS_CELL                         42.49          1.23
        21131    SPS_CELL                         41.21          1.23
        21132    SPS_CELL                         39.93          1.23
        21133    SPS_CELL                         38.72          1.23
        21134    SPS_CELL                         38.07          1.23
        21135    SPS_CELL                         37.78          1.23
        30100    IR_CAM_STR                       42.03          0.11
        30101    IR_CAM_STR                       42.25          0.16
        30102    IR_CAM_STR                       50.58          0.04
        30103    IR_CAM_STR                       50.61          0.06
        31000    IR_CAM_ELECT                     78.99          0.00
        31001    IR_CAM_ELECT                     66.29          0.00
        31002    IR_CAM_ELECT                     66.71          0.00
        31003    IR_CAM_ELECT                     66.34          0.00
        31004    IR_CAM_ELECT                     66.61          0.00
        31005    IR_CAM_ELECT                     51.35          0.00
        31100    IR_CAM_ELECT                      0.00          0.00
        32000    IR_CAM_LENS                      87.68          0.14
        40000    INS_EB                           53.75          0.00
        40001    INS_EB                           59.72          0.00
        40002    INS_EB                           61.24          0.00
        40003    INS_EB                           59.03          0.00
        40004    INS_EB                           59.59          0.00
        40005    INS_EB                           67.31          0.00
        40100    IR_EB                            70.18          0.00
        41000    INS_PLD_1                        80.26          0.00
        41001    INS_PLD_1                        77.09          0.00
        41002    INS_PLD_1                        76.15          0.00
        41003    INS_PLD_1                        79.80          0.00
        41004    INS_PLD_1                        75.78          0.00
        41005    INS_PLD_1                        59.91          0.00
        42000    INS_PLD_2                        78.35          0.00
        42001    INS_PLD_2                        79.56          0.00
        42002    INS_PLD_2                        77.74          0.00
        42003    INS_PLD_2                        76.62          0.00
        42004    INS_PLD_2                        77.48          0.00
        42005    INS_PLD_2                        60.11          0.00
        50000    Radiator                         -2.40          2.03
        50001    Radiator                         27.76          0.04
        50002    Radiator                         28.04          0.12
        50003    Radiator                         27.36          0.01
        50004    Radiator                         28.31          0.01
        50005    Radiator                         53.59          0.00
 X      99998    INACTIVE_NODE                     0.00          0.00
        99999    ENVIRONMENT                    -270.00          0.00



          NODE          QE            QA            QI            C             

          100          0.02          0.07          0.00         11.48
          101          0.02          0.07          0.00         11.48
          102          0.02          0.07          0.00         11.48
          103          0.02          0.07          0.00         11.48
          104          0.02          0.07          0.00         11.48
          105          0.02          0.07          0.00         11.48
          106          0.02          0.07          0.00         11.48
          107          0.02          0.07          0.00         11.48
          108          0.02          0.07          0.00         11.48
          109          0.02          0.07          0.00         11.48
          110          0.02          0.07          0.00         11.48
          111          0.02          0.07          0.00         11.48
          112          0.02          0.07          0.00         11.48
          113          0.02          0.07          0.00         11.48
          114          0.02          0.07          0.00         11.48
          115          0.02          0.07          0.00         11.48
          150          0.00          0.00          0.00         11.48
          151          0.00          0.00          0.00         11.48
          152          0.00          0.00          0.00         11.48
          153          0.00          0.00          0.00         11.48
          154          0.00          0.00          0.00         11.48
          155          0.00          0.00          0.00         11.48
          156          0.00          0.00          0.00         11.48
          157          0.00          0.00          0.00         11.48
          158          0.00          0.00          0.00         11.48
          159          0.00          0.00          0.00         11.48
          160          0.00          0.00          0.00         11.48
          161          0.00          0.00          0.00         11.48
          162          0.00          0.00          0.00         11.48
          163          0.00          0.00          0.00         11.48
          164          0.00          0.00          0.00         11.48
          165          0.00          0.00          0.00         11.48
          200          0.02          0.04          0.00          9.68
          201          0.02          0.04          0.00          9.68
          202          0.02          0.05          0.00          9.68
          203          0.02          0.04          0.00          9.68
          204          0.02          0.04          0.00          9.68
          205          0.02          0.04          0.00          9.68
          206          0.02          0.05          0.00          9.68
          207          0.02          0.05          0.00          9.68
          208          0.02          0.04          0.00          9.68
          209          0.02          0.04          0.00          9.68
          210          0.02          0.04          0.00          9.68
          211          0.02          0.04          0.00          9.68
          212          0.01          0.04          0.00          9.68
          213          0.01          0.03          0.00          9.68
          214          0.01          0.04          0.00          9.68
          215          0.02          0.04          0.00          9.68
          250          0.00          0.00          0.00          9.68
          251          0.00          0.00          0.00          9.68
          252          0.00          0.00          0.00          9.68
          253          0.00          0.00          0.00          9.68
          254          0.00          0.00          0.00          9.68
          255          0.00          0.00          0.00          9.68
          256          0.00          0.00          0.00          9.68
          257          0.00          0.00          0.00          9.68
          258          0.00          0.00          0.00          9.68
          259          0.00          0.00          0.00          9.68
          260          0.00          0.00          0.00          9.68
          261          0.00          0.00          0.00          9.68
          262          0.00          0.00          0.00          9.68
          263          0.00          0.00          0.00          9.68
          264          0.00          0.00          0.00          9.68
          265          0.00          0.00          0.00          9.68
          300          0.02          0.04          0.00         11.48
          301          0.02          0.04          0.00         11.48
          302          0.02          0.04          0.00         11.48
          303          0.02          0.04          0.00         11.48
          304          0.02          0.04          0.00         11.48
          305          0.02          0.04          0.00         11.48
          306          0.02          0.04          0.00         11.48
          307          0.02          0.04          0.00         11.48
          308          0.02          0.04          0.00         11.48
          309          0.02          0.04          0.00         11.48
          310          0.02          0.05          0.00         11.48
          311          0.02          0.04          0.00         11.48
          312          0.02          0.04          0.00         11.48
          313          0.02          0.04          0.00         11.48
          314          0.02          0.04          0.00         11.48
          315          0.02          0.04          0.00         11.48
          350          0.00          0.00          0.00         11.48
          351          0.00          0.00          0.00         11.48
          352          0.00          0.00          0.00         11.48
          353          0.00          0.00          0.00         11.48
          354          0.00          0.00          0.00         11.48
          355          0.00          0.00          0.00         11.48
          356          0.00          0.00          0.00         11.48
          357          0.00          0.00          0.00         11.48
          358          0.00          0.00          0.00         11.48
          359          0.00          0.00          0.00         11.48
          360          0.00          0.00          0.00         11.48
          361          0.00          0.00          0.00         11.48
          362          0.00          0.00          0.00         11.48
          363          0.00          0.00          0.00         11.48
          364          0.00          0.00          0.00         11.48
          365          0.00          0.00          0.00         11.48
          400          0.02          0.05          0.00          9.68
          401          0.02          0.05          0.00          9.68
          402          0.02          0.05          0.00          9.68
          403          0.02          0.05          0.00          9.68
          404          0.02          0.05          0.00          9.68
          405          0.02          0.05          0.00          9.68
          406          0.02          0.05          0.00          9.68
          407          0.02          0.05          0.00          9.68
          408          0.02          0.05          0.00          9.68
          409          0.02          0.05          0.00          9.68
          410          0.02          0.04          0.00          9.68
          411          0.02          0.04          0.00          9.68
          412          0.02          0.05          0.00          9.68
          413          0.02          0.04          0.00          9.68
          414          0.01          0.03          0.00          9.68
          415          0.01          0.04          0.00          9.68
          450          0.00          0.00          0.00          9.68
          451          0.00          0.00          0.00          9.68
          452          0.00          0.00          0.00          9.68
          453          0.00          0.00          0.00          9.68
          454          0.00          0.00          0.00          9.68
          455          0.00          0.00          0.00          9.68
          456          0.00          0.00          0.00          9.68
          457          0.00          0.00          0.00          9.68
          458          0.00          0.00          0.00          9.68
          459          0.00          0.00          0.00          9.68
          460          0.00          0.00          0.00          9.68
          461          0.00          0.00          0.00          9.68
          462          0.00          0.00          0.00          9.68
          463          0.00          0.00          0.00          9.68
          464          0.00          0.00          0.00          9.68
          465          0.00          0.00          0.00          9.68
          500          0.00          0.00          0.00         18.22
          501          0.00          0.00          0.00         18.22
          502          0.00          0.00          0.00         18.22
          503          0.00          0.00          0.00         18.22
          504          0.00          0.00          0.00         18.22
          507          0.00          0.00          0.00         18.22
          508          0.00          0.00          0.00         18.22
          511          0.00          0.00          0.00         18.22
          512          0.00          0.00          0.00         18.22
          513          0.00          0.00          0.00         18.22
          514          0.00          0.00          0.00         18.22
          515          0.00          0.00          0.00         18.22
          550          0.00          0.00          0.00         18.22
          551          0.00          0.00          0.00         18.22
          552          0.00          0.00          0.00         18.22
          553          0.00          0.00          0.00         18.22
          554          0.00          0.00          0.00         18.22
          557          0.00          0.00          0.00         18.22
          558          0.00          0.00          0.00         18.22
          561          0.00          0.00          0.00         18.22
          562          0.00          0.00          0.00         18.22
          563          0.00          0.00          0.00         18.22
          564          0.00          0.00          0.00         18.22
          565          0.00          0.00          0.00         18.22
          600          0.12          0.32          0.00         18.22
          601          0.12          0.32          0.00         18.22
          602          0.12          0.32          0.00         18.22
          603          0.12          0.32          0.00         18.22
          604          0.12          0.32          0.00         18.22
          605          0.09          0.26          0.00         15.84
          606          0.09          0.26          0.00         15.84
          607          0.12          0.32          0.00         18.22
          608          0.12          0.32          0.00         18.22
          609          0.10          0.25          0.00         15.84
          610          0.10          0.25          0.00         15.84
          611          0.12          0.32          0.00         18.22
          612          0.12          0.32          0.00         18.22
          613          0.12          0.31          0.00         18.22
          614          0.12          0.32          0.00         18.22
          615          0.12          0.31          0.00         18.22
          650          0.00          0.00          0.00         18.22
          651          0.00          0.00          0.00         18.22
          652          0.00          0.00          0.00         18.22
          653          0.00          0.00          0.00         18.22
          654          0.00          0.00          0.00         18.22
          655          0.00          0.00          0.00         15.84
          656          0.00          0.00          0.00         15.84
          657          0.00          0.00          0.00         18.22
          658          0.00          0.00          0.00         18.22
          659          0.00          0.00          0.00         15.84
          660          0.00          0.00          0.00         15.84
          661          0.00          0.00          0.00         18.22
          662          0.00          0.00          0.00         18.22
          663          0.00          0.00          0.00         18.22
          664          0.00          0.00          0.00         18.22
          665          0.00          0.00          0.00         18.22
        10000          0.00          0.00          0.00         43.74
        10001          0.00          0.00          0.00         43.74
        10002          0.00          0.00          0.00         43.74
        10003          0.00          0.00          0.00         43.74
        10004          0.00          0.00          0.00         43.74
        10005          0.00          0.00          0.00         43.74
        10006          0.00          0.00          0.00         43.74
        10007          0.00          0.00          0.00         43.74
        10008          0.00          0.00          0.00         43.74
        10009          0.00          0.00          0.00         43.74
        10010          0.00          0.00          0.00         43.74
        10011          0.00          0.00          0.00         43.74
        10012          0.00          0.00          0.00         43.74
        10013          0.00          0.00          0.00         43.74
        10014          0.00          0.00          0.00         43.74
        10015          0.00          0.00          0.00         43.74
        10016          0.00          0.00          0.00         43.74
        10017          0.00          0.00          0.00         43.74
        10018          0.00          0.00          0.00         43.74
        10019          0.00          0.00          0.00         43.74
        10020          0.00          0.00          0.00         43.74
        10021          0.00          0.00          0.00         43.74
        10022          0.00          0.00          0.00         43.74
        10023          0.00          0.00          0.00         43.74
        10024          0.00          0.00          0.00         43.74
        10100          0.00          0.00          0.00         36.45
        10101          0.00          0.00          0.00         36.45
        10102          0.00          0.00          0.00         36.45
        10103          0.00          0.00          0.00         36.45
        10104          0.00          0.00          0.00         36.45
        10105          0.00          0.00          0.00         36.45
        10106          0.00          0.00          0.00         36.45
        10107          0.00          0.00          0.00         36.45
        10108          0.00          0.00          0.00         36.45
        10109          0.00          0.00          0.00         36.45
        10110          0.00          0.00          0.00         36.45
        10111          0.00          0.00          0.00         36.45
        10112          0.00          0.00          0.00         36.45
        10113          0.00          0.00          0.00         36.45
        10114          0.00          0.00          0.00         36.45
        10115          0.00          0.00          0.00         36.45
        10116          0.00          0.00          0.00         36.45
        10117          0.00          0.00          0.00         36.45
        10118          0.00          0.00          0.00         36.45
        10119          0.00          0.00          0.00         36.45
        10120          0.00          0.00          0.00         36.45
        10121          0.00          0.00          0.00         36.45
        10122          0.00          0.00          0.00         36.45
        10123          0.00          0.00          0.00         36.45
        10124          0.00          0.00          0.00         36.45
        10300          0.00          0.00          0.00         43.74
        10301          0.00          0.00          0.00         43.74
        10302          0.00          0.00          0.00         43.74
        10303          0.00          0.00          0.00         43.74
        10304          0.00          0.00          0.00         43.74
        10305          0.00          0.00          0.00         43.74
        10306          0.00          0.00          0.00         43.74
        10307          0.00          0.00          0.00         43.74
        10308          0.00          0.00          0.00         43.74
        10309          0.00          0.00          0.00         43.74
        10310          0.00          0.00          0.00         43.74
        10311          0.00          0.00          0.00         43.74
        10312          0.00          0.00          0.00         43.74
        10313          0.00          0.00          0.00         43.74
        10314          0.00          0.00          0.00         43.74
        10315          0.00          0.00          0.00         43.74
        10316          0.00          0.00          0.00         43.74
        10317          0.00          0.00          0.00         43.74
        10318          0.00          0.00          0.00         43.74
        10319          0.00          0.00          0.00         43.74
        10320          0.00          0.00          0.00         43.74
        10321          0.00          0.00          0.00         43.74
        10322          0.00          0.00          0.00         43.74
        10323          0.00          0.00          0.00         43.74
        10324          0.00          0.00          0.00         43.74
        10400          0.00          0.00          0.00         36.45
        10401          0.00          0.00          0.00         36.45
        10402          0.00          0.00          0.00         36.45
        10403          0.00          0.00          0.00         36.45
        10404          0.00          0.00          0.00         36.45
        10405          0.00          0.00          0.00         36.45
        10406          0.00          0.00          0.00         36.45
        10407          0.00          0.00          0.00         36.45
        10408          0.00          0.00          0.00         36.45
        10409          0.00          0.00          0.00         36.45
        10410          0.00          0.00          0.00         36.45
        10411          0.00          0.00          0.00         36.45
        10412          0.00          0.00          0.00         36.45
        10413          0.00          0.00          0.00         36.45
        10414          0.00          0.00          0.00         36.45
        10415          0.00          0.00          0.00         36.45
        10416          0.00          0.00          0.00         36.45
        10417          0.00          0.00          0.00         36.45
        10418          0.00          0.00          0.00         36.45
        10419          0.00          0.00          0.00         36.45
        10420          0.00          0.00          0.00         36.45
        10421          0.00          0.00          0.00         36.45
        10422          0.00          0.00          0.00         36.45
        10423          0.00          0.00          0.00         36.45
        10424          0.00          0.00          0.00         36.45
        10500          0.00          0.00          0.00         72.90
        10501          0.00          0.00          0.00         72.90
        10502          0.00          0.00          0.00         72.90
        10503          0.00          0.00          0.00         72.90
        10504          0.00          0.00          0.00         72.90
        10505          0.00          0.00          0.00         72.90
        10506          0.00          0.00          0.00         72.90
        10507          0.00          0.00          0.00         72.90
        10508          0.00          0.00          0.00         72.90
        10509          0.00          0.00          0.00         72.90
        10510          0.00          0.00          0.00         72.90
        10511          0.00          0.00          0.00         72.90
        10512          0.00          0.00          0.00         72.90
        10513          0.00          0.00          0.00         72.90
        10514          0.00          0.00          0.00         72.90
        10515          0.00          0.00          0.00         72.90
        10516          0.00          0.00          0.00         72.90
        10517          0.00          0.00          0.00         72.90
        10518          0.00          0.00          0.00         72.90
        10519          0.00          0.00          0.00         72.90
        10520          0.00          0.00          0.00         72.90
        10521          0.00          0.00          0.00         72.90
        10522          0.00          0.00          0.00         72.90
        10523          0.00          0.00          0.00         72.90
        10524          0.00          0.00          0.00         72.90
        10600          0.00          0.00          0.00         56.95
        10601          0.00          0.00          0.00         56.95
        10602          0.00          0.00          0.00         56.95
        10603          0.00          0.00          0.00         56.95
        10604          0.00          0.00          0.00         56.95
        10605          0.00          0.00          0.00         48.37
        10606          0.00          0.00          0.00         48.37
        10607          0.00          0.00          0.00         56.95
        10608          0.00          0.00          0.00         56.95
        10609          0.00          0.00          0.00         48.37
        10610          0.00          0.00          0.00         48.37
        10611          0.00          0.00          0.00         56.95
        10612          0.00          0.00          0.00         56.95
        10613          0.00          0.00          0.00         56.95
        10614          0.00          0.00          0.00         56.95
        10615          0.00          0.00          0.00         56.95
        10650          0.00          0.00          0.00         56.95
        10651          0.00          0.00          0.00         56.95
        10652          0.00          0.00          0.00         56.95
        10653          0.00          0.00          0.00         56.95
        10654          0.00          0.00          0.00         56.95
        10655          0.00          0.00          0.00         48.37
        10656          0.00          0.00          0.00         48.37
        10657          0.00          0.00          0.00         56.95
        10658          0.00          0.00          0.00         56.95
        10659          0.00          0.00          0.00         48.37
        10660          0.00          0.00          0.00         48.37
        10661          0.00          0.00          0.00         56.95
        10662          0.00          0.00          0.00         56.95
        10663          0.00          0.00          0.00         56.95
        10664          0.00          0.00          0.00         56.95
        10665          0.00          0.00          0.00         56.95
        11000          0.00          0.00          0.00        113.91
        11001          0.00          0.00          0.00        113.91
        11002          0.00          0.00          0.00        113.91
        11003          0.00          0.00          0.00        113.91
        11004          0.00          0.00          0.00        113.91
        11005          0.00          0.00          0.00        113.91
        11006          0.00          0.00          0.00        113.91
        11007          0.00          0.00          0.00        113.91
        11008          0.00          0.00          0.00        113.91
        11009          0.00          0.00          0.00        113.91
        11010          0.00          0.00          0.00        113.91
        11011          0.00          0.00          0.00        113.91
        11012          0.00          0.00          0.00        113.91
        11013          0.00          0.00          0.00        113.91
        11014          0.00          0.00          0.00        113.91
        11015          0.00          0.00          0.00        113.91
        11100          0.00          0.00          0.00        113.91
        11101          0.00          0.00          0.00        113.91
        11102          0.00          0.00          0.00        113.91
        11103          0.00          0.00          0.00        113.91
        11104          0.00          0.00          0.00        113.91
        11105          0.00          0.00          0.00        113.91
        11106          0.00          0.00          0.00        113.91
        11107          0.00          0.00          0.00        113.91
        11108          0.00          0.00          0.00        113.91
        11109          0.00          0.00          0.00        113.91
        11110          0.00          0.00          0.00        113.91
        11111          0.00          0.00          0.00        113.91
        11112          0.00          0.00          0.00        113.91
        11113          0.00          0.00          0.00        113.91
        11114          0.00          0.00          0.00        113.91
        11115          0.00          0.00          0.00        113.91
        20000          0.23          0.15          0.00         91.12
        20001          0.21          0.14          0.00         91.12
        20002          0.22          0.15          0.00         91.12
        20003          0.24          0.15          0.00         91.12
        20004          0.22          0.15          0.00         91.12
        20005          0.19          0.14          0.00         91.12
        20006          0.19          0.14          0.00         91.12
        20007          0.23          0.15          0.00         91.12
        20008          0.22          0.15          0.00         91.12
        20009          0.19          0.14          0.00         91.12
        20010          0.20          0.14          0.00         91.12
        20011          0.23          0.15          0.00         91.12
        20012          0.21          0.14          0.00         91.12
        20013          0.20          0.14          0.00         91.12
        20014          0.20          0.14          0.00         91.12
        20015          0.23          0.15          0.00         91.12
        20016          0.21          0.14          0.00         91.12
        20017          0.19          0.14          0.00         91.12
        20018          0.20          0.14          0.00         91.12
        20019          0.24          0.15          0.00         91.12
        20020          0.21          0.13          0.00         91.12
        20021          0.20          0.13          0.00         91.12
        20022          0.22          0.14          0.00         91.12
        20023          0.26          0.16          0.00         91.12
        20100          0.21          0.13          0.00         91.12
        20101          0.20          0.13          0.00         91.12
        20102          0.22          0.14          0.00         91.12
        20103          0.26          0.16          0.00         91.12
        20104          0.21          0.14          0.00         91.12
        20105          0.19          0.14          0.00         91.12
        20106          0.20          0.15          0.00         91.12
        20107          0.23          0.15          0.00         91.12
        20108          0.21          0.14          0.00         91.12
        20109          0.19          0.14          0.00         91.12
        20110          0.20          0.14          0.00         91.12
        20111          0.23          0.15          0.00         91.12
        20112          0.22          0.14          0.00         91.12
        20113          0.19          0.14          0.00         91.12
        20114          0.19          0.14          0.00         91.12
        20115          0.23          0.15          0.00         91.12
        20116          0.22          0.14          0.00         91.12
        20117          0.19          0.14          0.00         91.12
        20118          0.19          0.14          0.00         91.12
        20119          0.23          0.15          0.00         91.12
        20120          0.23          0.15          0.00         91.12
        20121          0.22          0.15          0.00         91.12
        20122          0.21          0.14          0.00         91.12
        20123          0.24          0.15          0.00         91.12
        21000          0.03          0.01          0.00         19.08
        21001          0.03          0.01          0.00         19.08
        21002          0.03          0.01          0.00         19.08
        21003          0.03          0.01          0.00         19.08
        21004          0.04          0.01          0.00         19.08
        21005          0.04          0.01          0.00         19.08
        21006          0.03          0.01          0.00         19.08
        21007          0.03          0.01          0.00         19.08
        21008          0.03          0.01          0.00         19.08
        21009          0.03          0.01          0.00         19.08
        21010          0.04          0.01          0.00         19.08
        21011          0.04          0.01          0.00         19.08
        21012          0.03          0.01          0.00         19.08
        21013          0.03          0.01          0.00         19.08
        21014          0.03          0.01          0.00         19.08
        21015          0.03          0.01          0.00         19.08
        21016          0.04          0.01          0.00         19.08
        21017          0.04          0.01          0.00         19.08
        21018          0.03          0.01          0.00         19.08
        21019          0.03          0.01          0.00         19.08
        21020          0.03          0.01          0.00         19.08
        21021          0.03          0.01          0.00         19.08
        21022          0.03          0.01          0.00         19.08
        21023          0.04          0.01          0.00         19.08
        21024          0.03          0.01          0.00         19.08
        21025          0.03          0.01          0.00         19.08
        21026          0.03          0.01          0.00         19.08
        21027          0.04          0.01          0.00         19.08
        21028          0.03          0.01          0.00         19.08
        21029          0.03          0.01          0.00         19.08
        21030          0.03          0.01          0.00         19.08
        21031          0.03          0.01          0.00         19.08
        21032          0.03          0.01          0.00         19.08
        21033          0.03          0.01          0.00         19.08
        21034          0.03          0.01          0.00         19.08
        21035          0.03          0.01          0.00         19.08
        21100          0.04          0.01          0.00         19.08
        21101          0.04          0.01          0.00         19.08
        21102          0.04          0.01          0.00         19.08
        21103          0.03          0.01          0.00         19.08
        21104          0.03          0.01          0.00         19.08
        21105          0.03          0.01          0.00         19.08
        21106          0.04          0.01          0.00         19.08
        21107          0.04          0.01          0.00         19.08
        21108          0.04          0.01          0.00         19.08
        21109          0.03          0.01          0.00         19.08
        21110          0.03          0.01          0.00         19.08
        21111          0.03          0.01          0.00         19.08
        21112          0.04          0.01          0.00         19.08
        21113          0.04          0.01          0.00         19.08
        21114          0.04          0.01          0.00         19.08
        21115          0.04          0.01          0.00         19.08
        21116          0.03          0.01          0.00         19.08
        21117          0.03          0.01          0.00         19.08
        21118          0.04          0.01          0.00         19.08
        21119          0.04          0.01          0.00         19.08
        21120          0.04          0.01          0.00         19.08
        21121          0.03          0.01          0.00         19.08
        21122          0.03          0.01          0.00         19.08
        21123          0.03          0.01          0.00         19.08
        21124          0.03          0.01          0.00         19.08
        21125          0.04          0.01          0.00         19.08
        21126          0.03          0.01          0.00         19.08
        21127          0.03          0.01          0.00         19.08
        21128          0.03          0.01          0.00         19.08
        21129          0.03          0.01          0.00         19.08
        21130          0.03          0.01          0.00         19.08
        21131          0.03          0.01          0.00         19.08
        21132          0.03          0.01          0.00         19.08
        21133          0.03          0.01          0.00         19.08
        21134          0.03          0.01          0.00         19.08
        21135          0.03          0.01          0.00         19.08
        30100          0.39          0.03          0.00          4.22
        30101          0.38          0.04          0.00          4.22
        30102          0.18          0.01          0.00          4.22
        30103          0.17          0.01          0.00          4.22
        31000          0.00          0.00          1.67        243.00
        31001          0.00          0.00          0.04         36.45
        31002          0.00          0.00          0.04         36.45
        31003          0.00          0.00          0.04         36.45
        31004          0.00          0.00          0.04         36.45
        31005          0.06          0.00          1.67        243.00
        31100          0.00          0.00          0.00       1000.00
        32000          0.05          0.26          0.00          6.55
        40000          0.00          0.00          0.00         12.15
        40001          0.00          0.00          0.00          4.86
        40002          0.00          0.00          0.00          4.86
        40003          0.00          0.00          0.00          4.86
        40004          0.00          0.00          0.00          4.86
        40005          0.00          0.00          0.00         12.15
        40100          0.00          0.00         13.00         17.56
        41000          0.00          0.00          1.23        423.73
        41001          0.00          0.00          0.76        282.49
        41002          0.00          0.00          0.27        136.69
        41003          0.00          0.00          0.76        282.49
        41004          0.00          0.00          0.27        136.69
        41005          0.00          0.00          1.23        423.73
        42000          0.00          0.00          1.14        328.05
        42001          0.00          0.00          0.53        153.09
        42002          0.00          0.00          0.33         95.68
        42003          0.00          0.00          0.53        153.09
        42004          0.00          0.00          0.33         95.68
        42005          0.00          0.00          1.14        328.05
        50000          0.00          0.00          0.00        262.44
        50001          0.00          0.00          0.00         21.32
        50002          0.00          0.00          0.00         25.27
        50003          0.00          0.00          0.00         21.32
        50004          0.00          0.00          0.00         25.27
        50005          0.00          0.00          0.00        262.44
 X      99998          0.00          0.00          0.00          0.00
        99999          0.00          0.00          0.00          0.00

1
 ESATAN-TMS  2025                                                      Page    10
 16 February  2026  10:31:22                                  DRAGOSAT_V2_GEO_HOT





  TIMEN =   4840.20      MODULE SLCRNC      DTIMEU =   30.2512
 CSGMIN =    0.7304  AT NODE 10610 IN SUB-MODEL  
+                                                DRAGOSAT_V2_GEO_HOT             


 TABLE OUTPUT WITH ZENTS = 'L,T,QS,QE,QA,QI,C'
 FOR NODES OF ZLABEL = ' '

 ================================================================================


+DRAGOSAT_V2_GEO_HOT                                                             


          NODE   LABEL                              T             QS            

          100    MLI                             204.85          1.34
          101    MLI                             204.98          1.34
          102    MLI                             204.68          1.34
          103    MLI                             204.77          1.34
          104    MLI                             204.57          1.34
          105    MLI                             205.01          1.34
          106    MLI                             204.71          1.34
          107    MLI                             205.02          1.34
          108    MLI                             204.65          1.34
          109    MLI                             204.84          1.34
          110    MLI                             204.78          1.34
          111    MLI                             204.82          1.34
          112    MLI                             204.72          1.34
          113    MLI                             204.86          1.34
          114    MLI                             204.69          1.34
          115    MLI                             204.68          1.34
          150    MLI                              69.40          0.00
          151    MLI                              69.59          0.00
          152    MLI                              69.56          0.00
          153    MLI                              69.28          0.00
          154    MLI                              69.50          0.00
          155    MLI                              69.80          0.00
          156    MLI                              69.76          0.00
          157    MLI                              69.51          0.00
          158    MLI                              69.48          0.00
          159    MLI                              69.74          0.00
          160    MLI                              69.76          0.00
          161    MLI                              69.47          0.00
          162    MLI                              68.38          0.00
          163    MLI                              68.29          0.00
          164    MLI                              68.31          0.00
          165    MLI                              68.22          0.00
          200    MLI                             -15.46          0.02
          201    MLI                             -13.45          0.00
          202    MLI                             -13.23          0.00
          203    MLI                             -18.08          0.00
          204    MLI                              -9.56          0.03
          205    MLI                             -11.26          0.02
          206    MLI                             -12.69          0.00
          207    MLI                             -11.69          0.00
          208    MLI                              -8.43          0.05
          209    MLI                             -10.11          0.06
          210    MLI                             -11.48          0.01
          211    MLI                             -13.22          0.00
          212    MLI                             -16.85          0.06
          213    MLI                             -15.20          0.07
          214    MLI                             -17.41          0.04
          215    MLI                             -17.46          0.01
          250    MLI                              56.01          0.00
          251    MLI                              55.32          0.00
          252    MLI                              55.27          0.00
          253    MLI                              55.78          0.00
          254    MLI                              55.98          0.00
          255    MLI                              54.66          0.00
          256    MLI                              54.67          0.00
          257    MLI                              55.83          0.00
          258    MLI                              56.09          0.00
          259    MLI                              54.80          0.00
          260    MLI                              54.81          0.00
          261    MLI                              55.79          0.00
          262    MLI                              54.76          0.00
          263    MLI                              53.80          0.00
          264    MLI                              53.76          0.00
          265    MLI                              54.72          0.00
          300    MLI                              64.38          0.00
          301    MLI                              64.27          0.00
          302    MLI                              64.57          0.00
          303    MLI                              64.29          0.00
          304    MLI                              64.30          0.00
          305    MLI                              64.53          0.00
          306    MLI                              64.53          0.00
          307    MLI                              64.22          0.00
          308    MLI                              64.21          0.00
          309    MLI                              64.56          0.00
          310    MLI                              64.68          0.00
          311    MLI                              64.35          0.00
          312    MLI                              64.60          0.00
          313    MLI                              64.39          0.00
          314    MLI                              64.42          0.00
          315    MLI                              64.46          0.00
          350    MLI                              70.71          0.00
          351    MLI                              70.89          0.00
          352    MLI                              70.95          0.00
          353    MLI                              70.68          0.00
          354    MLI                              70.74          0.00
          355    MLI                              70.96          0.00
          356    MLI                              71.02          0.00
          357    MLI                              70.75          0.00
          358    MLI                              70.72          0.00
          359    MLI                              71.05          0.00
          360    MLI                              70.99          0.00
          361    MLI                              70.72          0.00
          362    MLI                              69.61          0.00
          363    MLI                              69.60          0.00
          364    MLI                              69.60          0.00
          365    MLI                              69.74          0.00
          400    MLI                             101.85          0.50
          401    MLI                             102.94          0.50
          402    MLI                             104.20          0.51
          403    MLI                             104.67          0.52
          404    MLI                             102.85          0.50
          405    MLI                             102.69          0.50
          406    MLI                             106.17          0.52
          407    MLI                             107.89          0.54
          408    MLI                             102.52          0.51
          409    MLI                             102.46          0.52
          410    MLI                             105.95          0.56
          411    MLI                             107.51          0.56
          412    MLI                             100.49          0.52
          413    MLI                             101.27          0.54
          414    MLI                             104.14          0.58
          415    MLI                             104.54          0.56
          450    MLI                              65.80          0.00
          451    MLI                              65.31          0.00
          452    MLI                              65.31          0.00
          453    MLI                              66.01          0.00
          454    MLI                              65.61          0.00
          455    MLI                              64.62          0.00
          456    MLI                              64.85          0.00
          457    MLI                              65.95          0.00
          458    MLI                              65.51          0.00
          459    MLI                              64.76          0.00
          460    MLI                              64.78          0.00
          461    MLI                              65.88          0.00
          462    MLI                              64.67          0.00
          463    MLI                              63.93          0.00
          464    MLI                              64.07          0.00
          465    MLI                              64.94          0.00
          500    MLI                             110.52          2.83
          501    MLI                             112.12          2.90
          502    MLI                             111.89          2.90
          503    MLI                             110.34          2.83
          504    MLI                             112.80          2.86
          507    MLI                             109.20          2.79
          508    MLI                             112.72          2.87
          511    MLI                             109.37          2.79
          512    MLI                             110.46          2.83
          513    MLI                             105.89          2.70
          514    MLI                             106.36          2.70
          515    MLI                             110.31          2.83
          550    MLI                              65.72          0.00
          551    MLI                              63.82          0.00
          552    MLI                              63.84          0.00
          553    MLI                              65.51          0.00
          554    MLI                              64.08          0.00
          557    MLI                              63.55          0.00
          558    MLI                              64.08          0.00
          561    MLI                              63.74          0.00
          562    MLI                              65.45          0.00
          563    MLI                              64.25          0.00
          564    MLI                              64.19          0.00
          565    MLI                              65.50          0.00
          600    MLI                              79.52          0.00
          601    MLI                              75.71          0.00
          602    MLI                              81.15          0.00
          603    MLI                              79.19          0.00
          604    MLI                              79.68          0.00
          605    MLI                              81.31          0.00
          606    MLI                              88.77          0.00
          607    MLI                              80.53          0.00
          608    MLI                              79.73          0.00
          609    MLI                              72.41          0.00
          610    MLI                              80.88          0.00
          611    MLI                              79.99          0.00
          612    MLI                              79.45          0.00
          613    MLI                              64.62          0.00
          614    MLI                              79.25          0.00
          615    MLI                              79.03          0.00
          650    MLI                              64.16          0.00
          651    MLI                              63.59          0.00
          652    MLI                              64.39          0.00
          653    MLI                              64.13          0.00
          654    MLI                              63.86          0.00
          655    MLI                              63.49          0.00
          656    MLI                              64.31          0.00
          657    MLI                              63.97          0.00
          658    MLI                              63.86          0.00
          659    MLI                              63.64          0.00
          660    MLI                              64.34          0.00
          661    MLI                              63.92          0.00
          662    MLI                              64.08          0.00
          663    MLI                              63.35          0.00
          664    MLI                              64.38          0.00
          665    MLI                              64.07          0.00
        10000    Body_Panel                       62.73          0.00
        10001    Body_Panel                       62.75          0.00
        10002    Body_Panel                       62.76          0.00
        10003    Body_Panel                       62.75          0.00
        10004    Body_Panel                       62.73          0.00
        10005    Body_Panel                       62.73          0.00
        10006    Body_Panel                       62.75          0.00
        10007    Body_Panel                       62.76          0.00
        10008    Body_Panel                       62.75          0.00
        10009    Body_Panel                       62.73          0.00
        10010    Body_Panel                       62.72          0.00
        10011    Body_Panel                       62.74          0.00
        10012    Body_Panel                       62.75          0.00
        10013    Body_Panel                       62.74          0.00
        10014    Body_Panel                       62.73          0.00
        10015    Body_Panel                       62.70          0.00
        10016    Body_Panel                       62.71          0.00
        10017    Body_Panel                       62.72          0.00
        10018    Body_Panel                       62.72          0.00
        10019    Body_Panel                       62.71          0.00
        10020    Body_Panel                       62.68          0.00
        10021    Body_Panel                       62.69          0.00
        10022    Body_Panel                       62.70          0.00
        10023    Body_Panel                       62.70          0.00
        10024    Body_Panel                       62.69          0.00
        10100    Body_Panel                       56.77          0.00
        10101    Body_Panel                       56.40          0.00
        10102    Body_Panel                       55.89          0.00
        10103    Body_Panel                       56.31          0.00
        10104    Body_Panel                       56.62          0.00
        10105    Body_Panel                       56.91          0.00
        10106    Body_Panel                       56.47          0.00
        10107    Body_Panel                       55.57          0.00
        10108    Body_Panel                       56.37          0.00
        10109    Body_Panel                       56.75          0.00
        10110    Body_Panel                       56.94          0.00
        10111    Body_Panel                       56.37          0.00
        10112    Body_Panel                       54.64          0.00
        10113    Body_Panel                       56.24          0.00
        10114    Body_Panel                       56.73          0.00
        10115    Body_Panel                       57.18          0.00
        10116    Body_Panel                       56.68          0.00
        10117    Body_Panel                       55.64          0.00
        10118    Body_Panel                       56.51          0.00
        10119    Body_Panel                       56.90          0.00
        10120    Body_Panel                       57.01          0.00
        10121    Body_Panel                       56.58          0.00
        10122    Body_Panel                       55.98          0.00
        10123    Body_Panel                       56.43          0.00
        10124    Body_Panel                       56.76          0.00
        10300    Body_Panel                       62.04          0.00
        10301    Body_Panel                       62.06          0.00
        10302    Body_Panel                       62.06          0.00
        10303    Body_Panel                       62.06          0.00
        10304    Body_Panel                       62.04          0.00
        10305    Body_Panel                       62.04          0.00
        10306    Body_Panel                       62.06          0.00
        10307    Body_Panel                       62.06          0.00
        10308    Body_Panel                       62.06          0.00
        10309    Body_Panel                       62.04          0.00
        10310    Body_Panel                       62.03          0.00
        10311    Body_Panel                       62.05          0.00
        10312    Body_Panel                       62.05          0.00
        10313    Body_Panel                       62.04          0.00
        10314    Body_Panel                       62.03          0.00
        10315    Body_Panel                       62.01          0.00
        10316    Body_Panel                       62.02          0.00
        10317    Body_Panel                       62.02          0.00
        10318    Body_Panel                       62.02          0.00
        10319    Body_Panel                       62.01          0.00
        10320    Body_Panel                       62.00          0.00
        10321    Body_Panel                       62.00          0.00
        10322    Body_Panel                       62.01          0.00
        10323    Body_Panel                       62.00          0.00
        10324    Body_Panel                       61.99          0.00
        10400    Body_Panel                       56.35          0.00
        10401    Body_Panel                       56.15          0.00
        10402    Body_Panel                       55.83          0.00
        10403    Body_Panel                       56.33          0.00
        10404    Body_Panel                       56.66          0.00
        10405    Body_Panel                       56.44          0.00
        10406    Body_Panel                       56.20          0.00
        10407    Body_Panel                       55.56          0.00
        10408    Body_Panel                       56.40          0.00
        10409    Body_Panel                       56.79          0.00
        10410    Body_Panel                       56.29          0.00
        10411    Body_Panel                       56.03          0.00
        10412    Body_Panel                       54.76          0.00
        10413    Body_Panel                       56.28          0.00
        10414    Body_Panel                       56.76          0.00
        10415    Body_Panel                       56.23          0.00
        10416    Body_Panel                       56.23          0.00
        10417    Body_Panel                       55.81          0.00
        10418    Body_Panel                       56.52          0.00
        10419    Body_Panel                       56.91          0.00
        10420    Body_Panel                       56.20          0.00
        10421    Body_Panel                       56.16          0.00
        10422    Body_Panel                       56.00          0.00
        10423    Body_Panel                       56.45          0.00
        10424    Body_Panel                       56.77          0.00
        10500    Body_Panel                       53.53          0.00
        10501    Body_Panel                       53.49          0.00
        10502    Body_Panel                       53.47          0.00
        10503    Body_Panel                       53.49          0.00
        10504    Body_Panel                       53.54          0.00
        10505    Body_Panel                       53.47          0.00
        10506    Body_Panel                       53.35          0.00
        10507    Body_Panel                       53.33          0.00
        10508    Body_Panel                       53.35          0.00
        10509    Body_Panel                       53.47          0.00
        10510    Body_Panel                       53.44          0.00
        10511    Body_Panel                       53.32          0.00
        10512    Body_Panel                       53.30          0.00
        10513    Body_Panel                       53.32          0.00
        10514    Body_Panel                       53.43          0.00
        10515    Body_Panel                       53.46          0.00
        10516    Body_Panel                       53.34          0.00
        10517    Body_Panel                       53.32          0.00
        10518    Body_Panel                       53.33          0.00
        10519    Body_Panel                       53.42          0.00
        10520    Body_Panel                       53.52          0.00
        10521    Body_Panel                       53.47          0.00
        10522    Body_Panel                       53.44          0.00
        10523    Body_Panel                       53.44          0.00
        10524    Body_Panel                       53.48          0.00
        10600    Body_Panel                       61.26          0.00
        10601    Body_Panel                       61.25          0.00
        10602    Body_Panel                       61.25          0.00
        10603    Body_Panel                       61.26          0.00
        10604    Body_Panel                       61.26          0.00
        10605    Body_Panel                       61.24          0.00
        10606    Body_Panel                       61.24          0.00
        10607    Body_Panel                       61.27          0.00
        10608    Body_Panel                       61.26          0.00
        10609    Body_Panel                       61.24          0.00
        10610    Body_Panel                       61.24          0.00
        10611    Body_Panel                       61.27          0.00
        10612    Body_Panel                       61.26          0.00
        10613    Body_Panel                       61.25          0.00
        10614    Body_Panel                       61.25          0.00
        10615    Body_Panel                       61.26          0.00
        10650    Body_Inf                         61.26          0.00
        10651    Body_Inf                         61.25          0.00
        10652    Body_Inf                         61.25          0.00
        10653    Body_Inf                         61.26          0.00
        10654    Body_Inf                         61.26          0.00
        10655    Body_Inf                         61.24          0.00
        10656    Body_Inf                         61.24          0.00
        10657    Body_Inf                         61.27          0.00
        10658    Body_Inf                         61.26          0.00
        10659    Body_Inf                         61.24          0.00
        10660    Body_Inf                         61.24          0.00
        10661    Body_Inf                         61.27          0.00
        10662    Body_Inf                         61.26          0.00
        10663    Body_Inf                         61.25          0.00
        10664    Body_Inf                         61.25          0.00
        10665    Body_Inf                         61.26          0.00
        11000    BODY_TRAY                        59.16          0.00
        11001    BODY_TRAY                        59.43          0.00
        11002    BODY_TRAY                        59.43          0.00
        11003    BODY_TRAY                        59.09          0.00
        11004    BODY_TRAY                        59.19          0.00
        11005    BODY_TRAY                        59.47          0.00
        11006    BODY_TRAY                        59.52          0.00
        11007    BODY_TRAY                        59.14          0.00
        11008    BODY_TRAY                        59.13          0.00
        11009    BODY_TRAY                        59.44          0.00
        11010    BODY_TRAY                        59.48          0.00
        11011    BODY_TRAY                        59.09          0.00
        11012    BODY_TRAY                        58.98          0.00
        11013    BODY_TRAY                        59.30          0.00
        11014    BODY_TRAY                        59.32          0.00
        11015    BODY_TRAY                        58.98          0.00
        11100    BODY_TRAY                        63.06          0.00
        11101    BODY_TRAY                        63.31          0.00
        11102    BODY_TRAY                        62.88          0.00
        11103    BODY_TRAY                        62.12          0.00
        11104    BODY_TRAY                        63.65          0.00
        11105    BODY_TRAY                        63.86          0.00
        11106    BODY_TRAY                        63.18          0.00
        11107    BODY_TRAY                        62.29          0.00
        11108    BODY_TRAY                        64.94          0.00
        11109    BODY_TRAY                        65.06          0.00
        11110    BODY_TRAY                        63.63          0.00
        11111    BODY_TRAY                        62.54          0.00
        11112    BODY_TRAY                        65.30          0.00
        11113    BODY_TRAY                        65.37          0.00
        11114    BODY_TRAY                        63.84          0.00
        11115    BODY_TRAY                        62.69          0.00
        20000    SPS_STR                          44.81          1.80
        20001    SPS_STR                          44.78          0.95
        20002    SPS_STR                          44.78          0.93
        20003    SPS_STR                          44.80          1.80
        20004    SPS_STR                          44.97          1.23
        20005    SPS_STR                          44.94          0.00
        20006    SPS_STR                          44.94          0.00
        20007    SPS_STR                          44.97          1.21
        20008    SPS_STR                          45.47          1.23
        20009    SPS_STR                          45.44          0.01
        20010    SPS_STR                          45.44          0.00
        20011    SPS_STR                          45.48          1.25
        20012    SPS_STR                          46.35          1.23
        20013    SPS_STR                          46.33          0.01
        20014    SPS_STR                          46.33          0.01
        20015    SPS_STR                          46.35          1.21
        20016    SPS_STR                          47.38          1.25
        20017    SPS_STR                          47.40          0.02
        20018    SPS_STR                          47.40          0.02
        20019    SPS_STR                          47.39          1.26
        20020    SPS_STR                          48.36          1.86
        20021    SPS_STR                          48.69          1.01
        20022    SPS_STR                          48.70          1.01
        20023    SPS_STR                          48.39          1.89
        20100    SPS_STR                          47.70          1.75
        20101    SPS_STR                          48.07          0.95
        20102    SPS_STR                          48.08          0.97
        20103    SPS_STR                          47.73          1.77
        20104    SPS_STR                          46.72          1.24
        20105    SPS_STR                          46.75          0.00
        20106    SPS_STR                          46.76          0.00
        20107    SPS_STR                          46.74          1.22
        20108    SPS_STR                          45.72          1.21
        20109    SPS_STR                          45.70          0.00
        20110    SPS_STR                          45.71          0.00
        20111    SPS_STR                          45.73          1.23
        20112    SPS_STR                          44.85          1.22
        20113    SPS_STR                          44.82          0.00
        20114    SPS_STR                          44.82          0.00
        20115    SPS_STR                          44.86          1.24
        20116    SPS_STR                          44.35          1.22
        20117    SPS_STR                          44.32          0.00
        20118    SPS_STR                          44.32          0.00
        20119    SPS_STR                          44.36          1.24
        20120    SPS_STR                          44.18          1.78
        20121    SPS_STR                          44.15          0.88
        20122    SPS_STR                          44.15          0.90
        20123    SPS_STR                          44.18          1.79
        21000    SPS_CELL                         45.21          1.23
        21001    SPS_CELL                         45.40          1.23
        21002    SPS_CELL                         45.85          1.23
        21003    SPS_CELL                         46.72          1.23
        21004    SPS_CELL                         47.67          1.24
        21005    SPS_CELL                         48.60          1.26
        21006    SPS_CELL                         45.19          1.23
        21007    SPS_CELL                         45.38          1.23
        21008    SPS_CELL                         45.83          1.23
        21009    SPS_CELL                         46.71          1.23
        21010    SPS_CELL                         47.68          1.24
        21011    SPS_CELL                         48.73          1.25
        21012    SPS_CELL                         45.19          1.23
        21013    SPS_CELL                         45.37          1.23
        21014    SPS_CELL                         45.83          1.23
        21015    SPS_CELL                         46.71          1.23
        21016    SPS_CELL                         47.68          1.23
        21017    SPS_CELL                         48.77          1.25
        21018    SPS_CELL                         45.19          1.23
        21019    SPS_CELL                         45.37          1.23
        21020    SPS_CELL                         45.83          1.23
        21021    SPS_CELL                         46.71          1.23
        21022    SPS_CELL                         47.68          1.24
        21023    SPS_CELL                         48.76          1.25
        21024    SPS_CELL                         45.19          1.23
        21025    SPS_CELL                         45.38          1.23
        21026    SPS_CELL                         45.83          1.23
        21027    SPS_CELL                         46.71          1.23
        21028    SPS_CELL                         47.67          1.23
        21029    SPS_CELL                         48.71          1.25
        21030    SPS_CELL                         45.21          1.23
        21031    SPS_CELL                         45.40          1.23
        21032    SPS_CELL                         45.85          1.23
        21033    SPS_CELL                         46.72          1.23
        21034    SPS_CELL                         47.66          1.24
        21035    SPS_CELL                         48.57          1.25
        21100    SPS_CELL                         47.92          1.23
        21101    SPS_CELL                         47.01          1.23
        21102    SPS_CELL                         46.10          1.23
        21103    SPS_CELL                         45.24          1.23
        21104    SPS_CELL                         44.79          1.23
        21105    SPS_CELL                         44.59          1.23
        21106    SPS_CELL                         48.06          1.23
        21107    SPS_CELL                         47.02          1.23
        21108    SPS_CELL                         46.09          1.23
        21109    SPS_CELL                         45.22          1.23
        21110    SPS_CELL                         44.76          1.23
        21111    SPS_CELL                         44.57          1.23
        21112    SPS_CELL                         48.11          1.23
        21113    SPS_CELL                         47.02          1.23
        21114    SPS_CELL                         46.08          1.23
        21115    SPS_CELL                         45.21          1.23
        21116    SPS_CELL                         44.76          1.23
        21117    SPS_CELL                         44.56          1.23
        21118    SPS_CELL                         48.10          1.23
        21119    SPS_CELL                         47.02          1.23
        21120    SPS_CELL                         46.08          1.23
        21121    SPS_CELL                         45.21          1.23
        21122    SPS_CELL                         44.76          1.23
        21123    SPS_CELL                         44.56          1.23
        21124    SPS_CELL                         48.05          1.23
        21125    SPS_CELL                         47.01          1.23
        21126    SPS_CELL                         46.08          1.23
        21127    SPS_CELL                         45.22          1.23
        21128    SPS_CELL                         44.76          1.23
        21129    SPS_CELL                         44.57          1.23
        21130    SPS_CELL                         47.90          1.23
        21131    SPS_CELL                         47.00          1.23
        21132    SPS_CELL                         46.09          1.23
        21133    SPS_CELL                         45.23          1.23
        21134    SPS_CELL                         44.78          1.23
        21135    SPS_CELL                         44.58          1.23
        30100    IR_CAM_STR                       41.33          0.00
        30101    IR_CAM_STR                       41.36          0.00
        30102    IR_CAM_STR                       50.36          0.00
        30103    IR_CAM_STR                       50.37          0.00
        31000    IR_CAM_ELECT                     78.76          0.00
        31001    IR_CAM_ELECT                     66.12          0.00
        31002    IR_CAM_ELECT                     66.56          0.00
        31003    IR_CAM_ELECT                     66.18          0.00
        31004    IR_CAM_ELECT                     66.47          0.00
        31005    IR_CAM_ELECT                     51.17          0.00
        31100    IR_CAM_ELECT                      0.00          0.00
        32000    IR_CAM_LENS                      99.66          0.00
        40000    INS_EB                           53.43          0.00
        40001    INS_EB                           59.46          0.00
        40002    INS_EB                           60.95          0.00
        40003    INS_EB                           59.09          0.00
        40004    INS_EB                           59.36          0.00
        40005    INS_EB                           67.04          0.00
        40100    IR_EB                            69.90          0.00
        41000    INS_PLD_1                        80.00          0.00
        41001    INS_PLD_1                        76.82          0.00
        41002    INS_PLD_1                        75.96          0.00
        41003    INS_PLD_1                        79.57          0.00
        41004    INS_PLD_1                        75.56          0.00
        41005    INS_PLD_1                        59.58          0.00
        42000    INS_PLD_2                        77.99          0.00
        42001    INS_PLD_2                        79.27          0.00
        42002    INS_PLD_2                        77.46          0.00
        42003    INS_PLD_2                        76.27          0.00
        42004    INS_PLD_2                        77.18          0.00
        42005    INS_PLD_2                        59.77          0.00
        50000    Radiator                          2.85          4.35
        50001    Radiator                         28.78          0.07
        50002    Radiator                         30.69          0.15
        50003    Radiator                         27.49          0.02
        50004    Radiator                         28.13          0.02
        50005    Radiator                         53.26          0.00
 X      99998    INACTIVE_NODE                     0.00          0.00
        99999    ENVIRONMENT                    -270.00          0.00



          NODE          QE            QA            QI            C             

          100          0.02          0.13          0.00         11.48
          101          0.02          0.13          0.00         11.48
          102          0.02          0.13          0.00         11.48
          103          0.02          0.13          0.00         11.48
          104          0.02          0.13          0.00         11.48
          105          0.02          0.13          0.00         11.48
          106          0.02          0.13          0.00         11.48
          107          0.02          0.13          0.00         11.48
          108          0.02          0.13          0.00         11.48
          109          0.02          0.13          0.00         11.48
          110          0.02          0.13          0.00         11.48
          111          0.02          0.13          0.00         11.48
          112          0.02          0.13          0.00         11.48
          113          0.02          0.13          0.00         11.48
          114          0.02          0.13          0.00         11.48
          115          0.02          0.13          0.00         11.48
          150          0.00          0.00          0.00         11.48
          151          0.00          0.00          0.00         11.48
          152          0.00          0.00          0.00         11.48
          153          0.00          0.00          0.00         11.48
          154          0.00          0.00          0.00         11.48
          155          0.00          0.00          0.00         11.48
          156          0.00          0.00          0.00         11.48
          157          0.00          0.00          0.00         11.48
          158          0.00          0.00          0.00         11.48
          159          0.00          0.00          0.00         11.48
          160          0.00          0.00          0.00         11.48
          161          0.00          0.00          0.00         11.48
          162          0.00          0.00          0.00         11.48
          163          0.00          0.00          0.00         11.48
          164          0.00          0.00          0.00         11.48
          165          0.00          0.00          0.00         11.48
          200          0.02          0.10          0.00          9.68
          201          0.02          0.10          0.00          9.68
          202          0.02          0.10          0.00          9.68
          203          0.02          0.10          0.00          9.68
          204          0.02          0.10          0.00          9.68
          205          0.02          0.10          0.00          9.68
          206          0.02          0.10          0.00          9.68
          207          0.02          0.10          0.00          9.68
          208          0.02          0.09          0.00          9.68
          209          0.01          0.08          0.00          9.68
          210          0.02          0.09          0.00          9.68
          211          0.02          0.09          0.00          9.68
          212          0.01          0.07          0.00          9.68
          213          0.01          0.06          0.00          9.68
          214          0.01          0.06          0.00          9.68
          215          0.02          0.09          0.00          9.68
          250          0.00          0.00          0.00          9.68
          251          0.00          0.00          0.00          9.68
          252          0.00          0.00          0.00          9.68
          253          0.00          0.00          0.00          9.68
          254          0.00          0.00          0.00          9.68
          255          0.00          0.00          0.00          9.68
          256          0.00          0.00          0.00          9.68
          257          0.00          0.00          0.00          9.68
          258          0.00          0.00          0.00          9.68
          259          0.00          0.00          0.00          9.68
          260          0.00          0.00          0.00          9.68
          261          0.00          0.00          0.00          9.68
          262          0.00          0.00          0.00          9.68
          263          0.00          0.00          0.00          9.68
          264          0.00          0.00          0.00          9.68
          265          0.00          0.00          0.00          9.68
          300          0.02          0.10          0.00         11.48
          301          0.02          0.10          0.00         11.48
          302          0.02          0.11          0.00         11.48
          303          0.02          0.10          0.00         11.48
          304          0.02          0.10          0.00         11.48
          305          0.02          0.11          0.00         11.48
          306          0.02          0.11          0.00         11.48
          307          0.02          0.10          0.00         11.48
          308          0.02          0.10          0.00         11.48
          309          0.02          0.11          0.00         11.48
          310          0.02          0.11          0.00         11.48
          311          0.02          0.10          0.00         11.48
          312          0.02          0.11          0.00         11.48
          313          0.02          0.10          0.00         11.48
          314          0.02          0.10          0.00         11.48
          315          0.02          0.11          0.00         11.48
          350          0.00          0.00          0.00         11.48
          351          0.00          0.00          0.00         11.48
          352          0.00          0.00          0.00         11.48
          353          0.00          0.00          0.00         11.48
          354          0.00          0.00          0.00         11.48
          355          0.00          0.00          0.00         11.48
          356          0.00          0.00          0.00         11.48
          357          0.00          0.00          0.00         11.48
          358          0.00          0.00          0.00         11.48
          359          0.00          0.00          0.00         11.48
          360          0.00          0.00          0.00         11.48
          361          0.00          0.00          0.00         11.48
          362          0.00          0.00          0.00         11.48
          363          0.00          0.00          0.00         11.48
          364          0.00          0.00          0.00         11.48
          365          0.00          0.00          0.00         11.48
          400          0.02          0.11          0.00          9.68
          401          0.02          0.11          0.00          9.68
          402          0.02          0.11          0.00          9.68
          403          0.02          0.10          0.00          9.68
          404          0.02          0.10          0.00          9.68
          405          0.02          0.10          0.00          9.68
          406          0.02          0.11          0.00          9.68
          407          0.02          0.10          0.00          9.68
          408          0.02          0.11          0.00          9.68
          409          0.02          0.10          0.00          9.68
          410          0.01          0.08          0.00          9.68
          411          0.02          0.10          0.00          9.68
          412          0.02          0.09          0.00          9.68
          413          0.01          0.07          0.00          9.68
          414          0.01          0.06          0.00          9.68
          415          0.01          0.08          0.00          9.68
          450          0.00          0.00          0.00          9.68
          451          0.00          0.00          0.00          9.68
          452          0.00          0.00          0.00          9.68
          453          0.00          0.00          0.00          9.68
          454          0.00          0.00          0.00          9.68
          455          0.00          0.00          0.00          9.68
          456          0.00          0.00          0.00          9.68
          457          0.00          0.00          0.00          9.68
          458          0.00          0.00          0.00          9.68
          459          0.00          0.00          0.00          9.68
          460          0.00          0.00          0.00          9.68
          461          0.00          0.00          0.00          9.68
          462          0.00          0.00          0.00          9.68
          463          0.00          0.00          0.00          9.68
          464          0.00          0.00          0.00          9.68
          465          0.00          0.00          0.00          9.68
          500          0.00          0.00          0.00         18.22
          501          0.00          0.00          0.00         18.22
          502          0.00          0.00          0.00         18.22
          503          0.00          0.00          0.00         18.22
          504          0.00          0.00          0.00         18.22
          507          0.00          0.00          0.00         18.22
          508          0.00          0.00          0.00         18.22
          511          0.00          0.00          0.00         18.22
          512          0.00          0.00          0.00         18.22
          513          0.00          0.00          0.00         18.22
          514          0.00          0.00          0.00         18.22
          515          0.00          0.00          0.00         18.22
          550          0.00          0.00          0.00         18.22
          551          0.00          0.00          0.00         18.22
          552          0.00          0.00          0.00         18.22
          553          0.00          0.00          0.00         18.22
          554          0.00          0.00          0.00         18.22
          557          0.00          0.00          0.00         18.22
          558          0.00          0.00          0.00         18.22
          561          0.00          0.00          0.00         18.22
          562          0.00          0.00          0.00         18.22
          563          0.00          0.00          0.00         18.22
          564          0.00          0.00          0.00         18.22
          565          0.00          0.00          0.00         18.22
          600          0.12          0.68          0.00         18.22
          601          0.12          0.67          0.00         18.22
          602          0.12          0.68          0.00         18.22
          603          0.12          0.67          0.00         18.22
          604          0.12          0.68          0.00         18.22
          605          0.09          0.55          0.00         15.84
          606          0.09          0.55          0.00         15.84
          607          0.12          0.68          0.00         18.22
          608          0.12          0.68          0.00         18.22
          609          0.10          0.54          0.00         15.84
          610          0.10          0.55          0.00         15.84
          611          0.12          0.68          0.00         18.22
          612          0.12          0.68          0.00         18.22
          613          0.12          0.66          0.00         18.22
          614          0.12          0.68          0.00         18.22
          615          0.12          0.67          0.00         18.22
          650          0.00          0.00          0.00         18.22
          651          0.00          0.00          0.00         18.22
          652          0.00          0.00          0.00         18.22
          653          0.00          0.00          0.00         18.22
          654          0.00          0.00          0.00         18.22
          655          0.00          0.00          0.00         15.84
          656          0.00          0.00          0.00         15.84
          657          0.00          0.00          0.00         18.22
          658          0.00          0.00          0.00         18.22
          659          0.00          0.00          0.00         15.84
          660          0.00          0.00          0.00         15.84
          661          0.00          0.00          0.00         18.22
          662          0.00          0.00          0.00         18.22
          663          0.00          0.00          0.00         18.22
          664          0.00          0.00          0.00         18.22
          665          0.00          0.00          0.00         18.22
        10000          0.00          0.00          0.00         43.74
        10001          0.00          0.00          0.00         43.74
        10002          0.00          0.00          0.00         43.74
        10003          0.00          0.00          0.00         43.74
        10004          0.00          0.00          0.00         43.74
        10005          0.00          0.00          0.00         43.74
        10006          0.00          0.00          0.00         43.74
        10007          0.00          0.00          0.00         43.74
        10008          0.00          0.00          0.00         43.74
        10009          0.00          0.00          0.00         43.74
        10010          0.00          0.00          0.00         43.74
        10011          0.00          0.00          0.00         43.74
        10012          0.00          0.00          0.00         43.74
        10013          0.00          0.00          0.00         43.74
        10014          0.00          0.00          0.00         43.74
        10015          0.00          0.00          0.00         43.74
        10016          0.00          0.00          0.00         43.74
        10017          0.00          0.00          0.00         43.74
        10018          0.00          0.00          0.00         43.74
        10019          0.00          0.00          0.00         43.74
        10020          0.00          0.00          0.00         43.74
        10021          0.00          0.00          0.00         43.74
        10022          0.00          0.00          0.00         43.74
        10023          0.00          0.00          0.00         43.74
        10024          0.00          0.00          0.00         43.74
        10100          0.00          0.00          0.00         36.45
        10101          0.00          0.00          0.00         36.45
        10102          0.00          0.00          0.00         36.45
        10103          0.00          0.00          0.00         36.45
        10104          0.00          0.00          0.00         36.45
        10105          0.00          0.00          0.00         36.45
        10106          0.00          0.00          0.00         36.45
        10107          0.00          0.00          0.00         36.45
        10108          0.00          0.00          0.00         36.45
        10109          0.00          0.00          0.00         36.45
        10110          0.00          0.00          0.00         36.45
        10111          0.00          0.00          0.00         36.45
        10112          0.00          0.00          0.00         36.45
        10113          0.00          0.00          0.00         36.45
        10114          0.00          0.00          0.00         36.45
        10115          0.00          0.00          0.00         36.45
        10116          0.00          0.00          0.00         36.45
        10117          0.00          0.00          0.00         36.45
        10118          0.00          0.00          0.00         36.45
        10119          0.00          0.00          0.00         36.45
        10120          0.00          0.00          0.00         36.45
        10121          0.00          0.00          0.00         36.45
        10122          0.00          0.00          0.00         36.45
        10123          0.00          0.00          0.00         36.45
        10124          0.00          0.00          0.00         36.45
        10300          0.00          0.00          0.00         43.74
        10301          0.00          0.00          0.00         43.74
        10302          0.00          0.00          0.00         43.74
        10303          0.00          0.00          0.00         43.74
        10304          0.00          0.00          0.00         43.74
        10305          0.00          0.00          0.00         43.74
        10306          0.00          0.00          0.00         43.74
        10307          0.00          0.00          0.00         43.74
        10308          0.00          0.00          0.00         43.74
        10309          0.00          0.00          0.00         43.74
        10310          0.00          0.00          0.00         43.74
        10311          0.00          0.00          0.00         43.74
        10312          0.00          0.00          0.00         43.74
        10313          0.00          0.00          0.00         43.74
        10314          0.00          0.00          0.00         43.74
        10315          0.00          0.00          0.00         43.74
        10316          0.00          0.00          0.00         43.74
        10317          0.00          0.00          0.00         43.74
        10318          0.00          0.00          0.00         43.74
        10319          0.00          0.00          0.00         43.74
        10320          0.00          0.00          0.00         43.74
        10321          0.00          0.00          0.00         43.74
        10322          0.00          0.00          0.00         43.74
        10323          0.00          0.00          0.00         43.74
        10324          0.00          0.00          0.00         43.74
        10400          0.00          0.00          0.00         36.45
        10401          0.00          0.00          0.00         36.45
        10402          0.00          0.00          0.00         36.45
        10403          0.00          0.00          0.00         36.45
        10404          0.00          0.00          0.00         36.45
        10405          0.00          0.00          0.00         36.45
        10406          0.00          0.00          0.00         36.45
        10407          0.00          0.00          0.00         36.45
        10408          0.00          0.00          0.00         36.45
        10409          0.00          0.00          0.00         36.45
        10410          0.00          0.00          0.00         36.45
        10411          0.00          0.00          0.00         36.45
        10412          0.00          0.00          0.00         36.45
        10413          0.00          0.00          0.00         36.45
        10414          0.00          0.00          0.00         36.45
        10415          0.00          0.00          0.00         36.45
        10416          0.00          0.00          0.00         36.45
        10417          0.00          0.00          0.00         36.45
        10418          0.00          0.00          0.00         36.45
        10419          0.00          0.00          0.00         36.45
        10420          0.00          0.00          0.00         36.45
        10421          0.00          0.00          0.00         36.45
        10422          0.00          0.00          0.00         36.45
        10423          0.00          0.00          0.00         36.45
        10424          0.00          0.00          0.00         36.45
        10500          0.00          0.00          0.00         72.90
        10501          0.00          0.00          0.00         72.90
        10502          0.00          0.00          0.00         72.90
        10503          0.00          0.00          0.00         72.90
        10504          0.00          0.00          0.00         72.90
        10505          0.00          0.00          0.00         72.90
        10506          0.00          0.00          0.00         72.90
        10507          0.00          0.00          0.00         72.90
        10508          0.00          0.00          0.00         72.90
        10509          0.00          0.00          0.00         72.90
        10510          0.00          0.00          0.00         72.90
        10511          0.00          0.00          0.00         72.90
        10512          0.00          0.00          0.00         72.90
        10513          0.00          0.00          0.00         72.90
        10514          0.00          0.00          0.00         72.90
        10515          0.00          0.00          0.00         72.90
        10516          0.00          0.00          0.00         72.90
        10517          0.00          0.00          0.00         72.90
        10518          0.00          0.00          0.00         72.90
        10519          0.00          0.00          0.00         72.90
        10520          0.00          0.00          0.00         72.90
        10521          0.00          0.00          0.00         72.90
        10522          0.00          0.00          0.00         72.90
        10523          0.00          0.00          0.00         72.90
        10524          0.00          0.00          0.00         72.90
        10600          0.00          0.00          0.00         56.95
        10601          0.00          0.00          0.00         56.95
        10602          0.00          0.00          0.00         56.95
        10603          0.00          0.00          0.00         56.95
        10604          0.00          0.00          0.00         56.95
        10605          0.00          0.00          0.00         48.37
        10606          0.00          0.00          0.00         48.37
        10607          0.00          0.00          0.00         56.95
        10608          0.00          0.00          0.00         56.95
        10609          0.00          0.00          0.00         48.37
        10610          0.00          0.00          0.00         48.37
        10611          0.00          0.00          0.00         56.95
        10612          0.00          0.00          0.00         56.95
        10613          0.00          0.00          0.00         56.95
        10614          0.00          0.00          0.00         56.95
        10615          0.00          0.00          0.00         56.95
        10650          0.00          0.00          0.00         56.95
        10651          0.00          0.00          0.00         56.95
        10652          0.00          0.00          0.00         56.95
        10653          0.00          0.00          0.00         56.95
        10654          0.00          0.00          0.00         56.95
        10655          0.00          0.00          0.00         48.37
        10656          0.00          0.00          0.00         48.37
        10657          0.00          0.00          0.00         56.95
        10658          0.00          0.00          0.00         56.95
        10659          0.00          0.00          0.00         48.37
        10660          0.00          0.00          0.00         48.37
        10661          0.00          0.00          0.00         56.95
        10662          0.00          0.00          0.00         56.95
        10663          0.00          0.00          0.00         56.95
        10664          0.00          0.00          0.00         56.95
        10665          0.00          0.00          0.00         56.95
        11000          0.00          0.00          0.00        113.91
        11001          0.00          0.00          0.00        113.91
        11002          0.00          0.00          0.00        113.91
        11003          0.00          0.00          0.00        113.91
        11004          0.00          0.00          0.00        113.91
        11005          0.00          0.00          0.00        113.91
        11006          0.00          0.00          0.00        113.91
        11007          0.00          0.00          0.00        113.91
        11008          0.00          0.00          0.00        113.91
        11009          0.00          0.00          0.00        113.91
        11010          0.00          0.00          0.00        113.91
        11011          0.00          0.00          0.00        113.91
        11012          0.00          0.00          0.00        113.91
        11013          0.00          0.00          0.00        113.91
        11014          0.00          0.00          0.00        113.91
        11015          0.00          0.00          0.00        113.91
        11100          0.00          0.00          0.00        113.91
        11101          0.00          0.00          0.00        113.91
        11102          0.00          0.00          0.00        113.91
        11103          0.00          0.00          0.00        113.91
        11104          0.00          0.00          0.00        113.91
        11105          0.00          0.00          0.00        113.91
        11106          0.00          0.00          0.00        113.91
        11107          0.00          0.00          0.00        113.91
        11108          0.00          0.00          0.00        113.91
        11109          0.00          0.00          0.00        113.91
        11110          0.00          0.00          0.00        113.91
        11111          0.00          0.00          0.00        113.91
        11112          0.00          0.00          0.00        113.91
        11113          0.00          0.00          0.00        113.91
        11114          0.00          0.00          0.00        113.91
        11115          0.00          0.00          0.00        113.91
        20000          0.33          0.44          0.00         91.12
        20001          0.33          0.43          0.00         91.12
        20002          0.33          0.43          0.00         91.12
        20003          0.33          0.44          0.00         91.12
        20004          0.33          0.43          0.00         91.12
        20005          0.32          0.42          0.00         91.12
        20006          0.32          0.42          0.00         91.12
        20007          0.34          0.44          0.00         91.12
        20008          0.33          0.43          0.00         91.12
        20009          0.32          0.42          0.00         91.12
        20010          0.33          0.43          0.00         91.12
        20011          0.34          0.44          0.00         91.12
        20012          0.33          0.43          0.00         91.12
        20013          0.33          0.43          0.00         91.12
        20014          0.33          0.43          0.00         91.12
        20015          0.33          0.43          0.00         91.12
        20016          0.33          0.42          0.00         91.12
        20017          0.32          0.42          0.00         91.12
        20018          0.33          0.42          0.00         91.12
        20019          0.34          0.44          0.00         91.12
        20020          0.30          0.39          0.00         91.12
        20021          0.31          0.39          0.00         91.12
        20022          0.32          0.41          0.00         91.12
        20023          0.34          0.42          0.00         91.12
        20100          0.30          0.38          0.00         91.12
        20101          0.30          0.38          0.00         91.12
        20102          0.32          0.40          0.00         91.12
        20103          0.34          0.42          0.00         91.12
        20104          0.32          0.42          0.00         91.12
        20105          0.32          0.42          0.00         91.12
        20106          0.33          0.43          0.00         91.12
        20107          0.34          0.44          0.00         91.12
        20108          0.32          0.42          0.00         91.12
        20109          0.33          0.42          0.00         91.12
        20110          0.33          0.42          0.00         91.12
        20111          0.34          0.44          0.00         91.12
        20112          0.33          0.43          0.00         91.12
        20113          0.33          0.43          0.00         91.12
        20114          0.33          0.43          0.00         91.12
        20115          0.33          0.43          0.00         91.12
        20116          0.33          0.43          0.00         91.12
        20117          0.32          0.42          0.00         91.12
        20118          0.32          0.42          0.00         91.12
        20119          0.33          0.43          0.00         91.12
        20120          0.33          0.43          0.00         91.12
        20121          0.33          0.43          0.00         91.12
        20122          0.32          0.42          0.00         91.12
        20123          0.33          0.43          0.00         91.12
        21000          0.01          0.01          0.00         19.08
        21001          0.01          0.01          0.00         19.08
        21002          0.01          0.01          0.00         19.08
        21003          0.01          0.01          0.00         19.08
        21004          0.01          0.01          0.00         19.08
        21005          0.01          0.01          0.00         19.08
        21006          0.01          0.01          0.00         19.08
        21007          0.01          0.01          0.00         19.08
        21008          0.01          0.01          0.00         19.08
        21009          0.01          0.01          0.00         19.08
        21010          0.01          0.01          0.00         19.08
        21011          0.01          0.01          0.00         19.08
        21012          0.01          0.01          0.00         19.08
        21013          0.01          0.01          0.00         19.08
        21014          0.01          0.01          0.00         19.08
        21015          0.01          0.01          0.00         19.08
        21016          0.01          0.01          0.00         19.08
        21017          0.01          0.01          0.00         19.08
        21018          0.01          0.01          0.00         19.08
        21019          0.01          0.01          0.00         19.08
        21020          0.01          0.01          0.00         19.08
        21021          0.01          0.01          0.00         19.08
        21022          0.01          0.01          0.00         19.08
        21023          0.01          0.01          0.00         19.08
        21024          0.01          0.01          0.00         19.08
        21025          0.01          0.01          0.00         19.08
        21026          0.01          0.01          0.00         19.08
        21027          0.01          0.01          0.00         19.08
        21028          0.01          0.01          0.00         19.08
        21029          0.01          0.01          0.00         19.08
        21030          0.01          0.01          0.00         19.08
        21031          0.01          0.01          0.00         19.08
        21032          0.01          0.01          0.00         19.08
        21033          0.01          0.01          0.00         19.08
        21034          0.01          0.01          0.00         19.08
        21035          0.01          0.01          0.00         19.08
        21100          0.01          0.01          0.00         19.08
        21101          0.01          0.01          0.00         19.08
        21102          0.01          0.01          0.00         19.08
        21103          0.01          0.01          0.00         19.08
        21104          0.01          0.01          0.00         19.08
        21105          0.01          0.01          0.00         19.08
        21106          0.01          0.01          0.00         19.08
        21107          0.01          0.01          0.00         19.08
        21108          0.01          0.01          0.00         19.08
        21109          0.01          0.01          0.00         19.08
        21110          0.01          0.01          0.00         19.08
        21111          0.01          0.01          0.00         19.08
        21112          0.01          0.01          0.00         19.08
        21113          0.01          0.01          0.00         19.08
        21114          0.01          0.01          0.00         19.08
        21115          0.01          0.01          0.00         19.08
        21116          0.01          0.01          0.00         19.08
        21117          0.01          0.01          0.00         19.08
        21118          0.01          0.01          0.00         19.08
        21119          0.01          0.01          0.00         19.08
        21120          0.01          0.01          0.00         19.08
        21121          0.01          0.01          0.00         19.08
        21122          0.01          0.01          0.00         19.08
        21123          0.01          0.01          0.00         19.08
        21124          0.01          0.01          0.00         19.08
        21125          0.01          0.01          0.00         19.08
        21126          0.01          0.01          0.00         19.08
        21127          0.01          0.01          0.00         19.08
        21128          0.01          0.01          0.00         19.08
        21129          0.01          0.01          0.00         19.08
        21130          0.01          0.01          0.00         19.08
        21131          0.01          0.01          0.00         19.08
        21132          0.01          0.01          0.00         19.08
        21133          0.01          0.01          0.00         19.08
        21134          0.01          0.01          0.00         19.08
        21135          0.01          0.01          0.00         19.08
        30100          0.39          0.07          0.00          4.22
        30101          0.38          0.08          0.00          4.22
        30102          0.18          0.03          0.00          4.22
        30103          0.17          0.03          0.00          4.22
        31000          0.00          0.00          1.67        243.00
        31001          0.00          0.00          0.04         36.45
        31002          0.00          0.00          0.04         36.45
        31003          0.00          0.00          0.04         36.45
        31004          0.00          0.00          0.04         36.45
        31005          0.06          0.00          1.67        243.00
        31100          0.00          0.00          0.00       1000.00
        32000          0.05          0.55          0.00          6.55
        40000          0.00          0.00          0.00         12.15
        40001          0.00          0.00          0.00          4.86
        40002          0.00          0.00          0.00          4.86
        40003          0.00          0.00          0.00          4.86
        40004          0.00          0.00          0.00          4.86
        40005          0.00          0.00          0.00         12.15
        40100          0.00          0.00         13.00         17.56
        41000          0.00          0.00          1.23        423.73
        41001          0.00          0.00          0.76        282.49
        41002          0.00          0.00          0.27        136.69
        41003          0.00          0.00          0.76        282.49
        41004          0.00          0.00          0.27        136.69
        41005          0.00          0.00          1.23        423.73
        42000          0.00          0.00          1.14        328.05
        42001          0.00          0.00          0.53        153.09
        42002          0.00          0.00          0.33         95.68
        42003          0.00          0.00          0.53        153.09
        42004          0.00          0.00          0.33         95.68
        42005          0.00          0.00          1.14        328.05
        50000          0.00          0.00          0.00        262.44
        50001          0.00          0.00          0.00         21.32
        50002          0.00          0.00          0.00         25.27
        50003          0.00          0.00          0.00         21.32
        50004          0.00          0.00          0.00         25.27
        50005          0.00          0.00          0.00        262.44
 X      99998          0.00          0.00          0.00          0.00
        99999          0.00          0.00          0.00          0.00

1
 ESATAN-TMS  2025                                                      Page    11
 16 February  2026  10:31:22                                  DRAGOSAT_V2_GEO_HOT





  TIMEN =   5445.22      MODULE SLCRNC      DTIMEU =   30.2512
 CSGMIN =    0.7304  AT NODE 10610 IN SUB-MODEL  
+                                                DRAGOSAT_V2_GEO_HOT             


 TABLE OUTPUT WITH ZENTS = 'L,T,QS,QE,QA,QI,C'
 FOR NODES OF ZLABEL = ' '

 ================================================================================


+DRAGOSAT_V2_GEO_HOT                                                             


          NODE   LABEL                              T             QS            

          100    MLI                             190.55          0.33
          101    MLI                             190.69          0.33
          102    MLI                             190.33          0.33
          103    MLI                             190.44          0.33
          104    MLI                             190.19          0.33
          105    MLI                             190.73          0.33
          106    MLI                             190.37          0.33
          107    MLI                             190.75          0.33
          108    MLI                             190.29          0.33
          109    MLI                             190.53          0.33
          110    MLI                             190.46          0.33
          111    MLI                             190.51          0.33
          112    MLI                             190.39          0.33
          113    MLI                             190.56          0.33
          114    MLI                             190.36          0.33
          115    MLI                             190.33          0.33
          150    MLI                              69.85          0.00
          151    MLI                              70.05          0.00
          152    MLI                              70.02          0.00
          153    MLI                              69.73          0.00
          154    MLI                              69.95          0.00
          155    MLI                              70.25          0.00
          156    MLI                              70.21          0.00
          157    MLI                              69.95          0.00
          158    MLI                              69.93          0.00
          159    MLI                              70.19          0.00
          160    MLI                              70.21          0.00
          161    MLI                              69.91          0.00
          162    MLI                              68.82          0.00
          163    MLI                              68.74          0.00
          164    MLI                              68.76          0.00
          165    MLI                              68.67          0.00
          200    MLI                             -11.00          0.00
          201    MLI                              -8.47          0.00
          202    MLI                              -7.68          0.00
          203    MLI                             -13.30          0.00
          204    MLI                              -5.39          0.00
          205    MLI                              -6.78          0.00
          206    MLI                              -7.76          0.00
          207    MLI                              -7.40          0.01
          208    MLI                              -2.79          0.03
          209    MLI                              -3.79          0.04
          210    MLI                              -6.36          0.04
          211    MLI                              -9.47          0.02
          212    MLI                             -11.20          0.04
          213    MLI                              -9.42          0.07
          214    MLI                             -12.78          0.07
          215    MLI                             -12.92          0.04
          250    MLI                              55.94          0.00
          251    MLI                              55.24          0.00
          252    MLI                              55.19          0.00
          253    MLI                              55.70          0.00
          254    MLI                              55.89          0.00
          255    MLI                              54.57          0.00
          256    MLI                              54.58          0.00
          257    MLI                              55.73          0.00
          258    MLI                              56.00          0.00
          259    MLI                              54.70          0.00
          260    MLI                              54.71          0.00
          261    MLI                              55.69          0.00
          262    MLI                              54.68          0.00
          263    MLI                              53.71          0.00
          264    MLI                              53.67          0.00
          265    MLI                              54.63          0.00
          300    MLI                              59.27          0.28
          301    MLI                              59.09          0.28
          302    MLI                              59.60          0.28
          303    MLI                              59.13          0.28
          304    MLI                              59.15          0.28
          305    MLI                              59.53          0.28
          306    MLI                              59.51          0.28
          307    MLI                              59.01          0.28
          308    MLI                              58.99          0.28
          309    MLI                              59.58          0.28
          310    MLI                              59.78          0.28
          311    MLI                              59.23          0.28
          312    MLI                              59.66          0.28
          313    MLI                              59.30          0.28
          314    MLI                              59.35          0.28
          315    MLI                              59.42          0.28
          350    MLI                              70.24          0.00
          351    MLI                              70.43          0.00
          352    MLI                              70.49          0.00
          353    MLI                              70.21          0.00
          354    MLI                              70.27          0.00
          355    MLI                              70.50          0.00
          356    MLI                              70.55          0.00
          357    MLI                              70.28          0.00
          358    MLI                              70.24          0.00
          359    MLI                              70.58          0.00
          360    MLI                              70.53          0.00
          361    MLI                              70.24          0.00
          362    MLI                              69.13          0.00
          363    MLI                              69.13          0.00
          364    MLI                              69.14          0.00
          365    MLI                              69.27          0.00
          400    MLI                             117.57          0.50
          401    MLI                             119.11          0.50
          402    MLI                             119.57          0.50
          403    MLI                             119.44          0.50
          404    MLI                             117.85          0.51
          405    MLI                             118.24          0.51
          406    MLI                             120.96          0.50
          407    MLI                             121.95          0.51
          408    MLI                             117.54          0.52
          409    MLI                             118.34          0.54
          410    MLI                             122.14          0.55
          411    MLI                             123.00          0.53
          412    MLI                             115.98          0.54
          413    MLI                             116.82          0.57
          414    MLI                             120.08          0.58
          415    MLI                             120.35          0.54
          450    MLI                              65.75          0.00
          451    MLI                              65.27          0.00
          452    MLI                              65.27          0.00
          453    MLI                              65.97          0.00
          454    MLI                              65.54          0.00
          455    MLI                              64.56          0.00
          456    MLI                              64.81          0.00
          457    MLI                              65.90          0.00
          458    MLI                              65.44          0.00
          459    MLI                              64.69          0.00
          460    MLI                              64.74          0.00
          461    MLI                              65.84          0.00
          462    MLI                              64.60          0.00
          463    MLI                              63.87          0.00
          464    MLI                              64.03          0.00
          465    MLI                              64.90          0.00
          500    MLI                             184.29          3.64
          501    MLI                             186.81          3.65
          502    MLI                             186.64          3.64
          503    MLI                             184.16          3.64
          504    MLI                             187.04          3.68
          507    MLI                             182.51          3.61
          508    MLI                             186.99          3.68
          511    MLI                             182.65          3.60
          512    MLI                             184.23          3.64
          513    MLI                             179.61          3.64
          514    MLI                             179.94          3.63
          515    MLI                             184.07          3.64
          550    MLI                              65.75          0.00
          551    MLI                              63.88          0.00
          552    MLI                              63.91          0.00
          553    MLI                              65.53          0.00
          554    MLI                              64.11          0.00
          557    MLI                              63.57          0.00
          558    MLI                              64.11          0.00
          561    MLI                              63.76          0.00
          562    MLI                              65.47          0.00
          563    MLI                              64.24          0.00
          564    MLI                              64.18          0.00
          565    MLI                              65.52          0.00
          600    MLI                              90.55          0.00
          601    MLI                              87.36          0.00
          602    MLI                              91.93          0.00
          603    MLI                              90.04          0.00
          604    MLI                              90.65          0.00
          605    MLI                              90.96          0.00
          606    MLI                              96.97          0.00
          607    MLI                              91.50          0.00
          608    MLI                              90.77          0.00
          609    MLI                              83.90          0.00
          610    MLI                              90.74          0.00
          611    MLI                              90.90          0.00
          612    MLI                              90.54          0.00
          613    MLI                              78.19          0.00
          614    MLI                              90.48          0.00
          615    MLI                              89.83          0.00
          650    MLI                              64.14          0.00
          651    MLI                              63.60          0.00
          652    MLI                              64.39          0.00
          653    MLI                              64.12          0.00
          654    MLI                              63.85          0.00
          655    MLI                              63.52          0.00
          656    MLI                              64.34          0.00
          657    MLI                              63.96          0.00
          658    MLI                              63.85          0.00
          659    MLI                              63.63          0.00
          660    MLI                              64.33          0.00
          661    MLI                              63.91          0.00
          662    MLI                              64.06          0.00
          663    MLI                              63.31          0.00
          664    MLI                              64.37          0.00
          665    MLI                              64.06          0.00
        10000    Body_Panel                       62.53          0.00
        10001    Body_Panel                       62.55          0.00
        10002    Body_Panel                       62.55          0.00
        10003    Body_Panel                       62.55          0.00
        10004    Body_Panel                       62.53          0.00
        10005    Body_Panel                       62.53          0.00
        10006    Body_Panel                       62.55          0.00
        10007    Body_Panel                       62.56          0.00
        10008    Body_Panel                       62.55          0.00
        10009    Body_Panel                       62.54          0.00
        10010    Body_Panel                       62.52          0.00
        10011    Body_Panel                       62.54          0.00
        10012    Body_Panel                       62.55          0.00
        10013    Body_Panel                       62.54          0.00
        10014    Body_Panel                       62.53          0.00
        10015    Body_Panel                       62.50          0.00
        10016    Body_Panel                       62.51          0.00
        10017    Body_Panel                       62.52          0.00
        10018    Body_Panel                       62.52          0.00
        10019    Body_Panel                       62.51          0.00
        10020    Body_Panel                       62.48          0.00
        10021    Body_Panel                       62.49          0.00
        10022    Body_Panel                       62.50          0.00
        10023    Body_Panel                       62.50          0.00
        10024    Body_Panel                       62.49          0.00
        10100    Body_Panel                       58.39          0.00
        10101    Body_Panel                       58.17          0.00
        10102    Body_Panel                       57.85          0.00
        10103    Body_Panel                       58.08          0.00
        10104    Body_Panel                       58.24          0.00
        10105    Body_Panel                       58.50          0.00
        10106    Body_Panel                       58.23          0.00
        10107    Body_Panel                       57.70          0.00
        10108    Body_Panel                       58.13          0.00
        10109    Body_Panel                       58.34          0.00
        10110    Body_Panel                       58.58          0.00
        10111    Body_Panel                       58.23          0.00
        10112    Body_Panel                       57.21          0.00
        10113    Body_Panel                       58.10          0.00
        10114    Body_Panel                       58.37          0.00
        10115    Body_Panel                       58.81          0.00
        10116    Body_Panel                       58.48          0.00
        10117    Body_Panel                       57.79          0.00
        10118    Body_Panel                       58.31          0.00
        10119    Body_Panel                       58.52          0.00
        10120    Body_Panel                       58.66          0.00
        10121    Body_Panel                       58.38          0.00
        10122    Body_Panel                       57.97          0.00
        10123    Body_Panel                       58.23          0.00
        10124    Body_Panel                       58.41          0.00
        10300    Body_Panel                       61.83          0.00
        10301    Body_Panel                       61.84          0.00
        10302    Body_Panel                       61.85          0.00
        10303    Body_Panel                       61.84          0.00
        10304    Body_Panel                       61.83          0.00
        10305    Body_Panel                       61.83          0.00
        10306    Body_Panel                       61.85          0.00
        10307    Body_Panel                       61.85          0.00
        10308    Body_Panel                       61.84          0.00
        10309    Body_Panel                       61.83          0.00
        10310    Body_Panel                       61.82          0.00
        10311    Body_Panel                       61.83          0.00
        10312    Body_Panel                       61.84          0.00
        10313    Body_Panel                       61.83          0.00
        10314    Body_Panel                       61.82          0.00
        10315    Body_Panel                       61.80          0.00
        10316    Body_Panel                       61.81          0.00
        10317    Body_Panel                       61.81          0.00
        10318    Body_Panel                       61.81          0.00
        10319    Body_Panel                       61.80          0.00
        10320    Body_Panel                       61.79          0.00
        10321    Body_Panel                       61.79          0.00
        10322    Body_Panel                       61.79          0.00
        10323    Body_Panel                       61.79          0.00
        10324    Body_Panel                       61.78          0.00
        10400    Body_Panel                       58.00          0.00
        10401    Body_Panel                       57.92          0.00
        10402    Body_Panel                       57.79          0.00
        10403    Body_Panel                       58.07          0.00
        10404    Body_Panel                       58.25          0.00
        10405    Body_Panel                       58.06          0.00
        10406    Body_Panel                       57.97          0.00
        10407    Body_Panel                       57.67          0.00
        10408    Body_Panel                       58.13          0.00
        10409    Body_Panel                       58.35          0.00
        10410    Body_Panel                       57.98          0.00
        10411    Body_Panel                       57.90          0.00
        10412    Body_Panel                       57.30          0.00
        10413    Body_Panel                       58.10          0.00
        10414    Body_Panel                       58.37          0.00
        10415    Body_Panel                       57.95          0.00
        10416    Body_Panel                       58.04          0.00
        10417    Body_Panel                       57.88          0.00
        10418    Body_Panel                       58.28          0.00
        10419    Body_Panel                       58.50          0.00
        10420    Body_Panel                       57.92          0.00
        10421    Body_Panel                       57.97          0.00
        10422    Body_Panel                       57.94          0.00
        10423    Body_Panel                       58.21          0.00
        10424    Body_Panel                       58.39          0.00
        10500    Body_Panel                       53.38          0.00
        10501    Body_Panel                       53.34          0.00
        10502    Body_Panel                       53.33          0.00
        10503    Body_Panel                       53.35          0.00
        10504    Body_Panel                       53.39          0.00
        10505    Body_Panel                       53.32          0.00
        10506    Body_Panel                       53.21          0.00
        10507    Body_Panel                       53.19          0.00
        10508    Body_Panel                       53.21          0.00
        10509    Body_Panel                       53.32          0.00
        10510    Body_Panel                       53.29          0.00
        10511    Body_Panel                       53.19          0.00
        10512    Body_Panel                       53.17          0.00
        10513    Body_Panel                       53.18          0.00
        10514    Body_Panel                       53.28          0.00
        10515    Body_Panel                       53.31          0.00
        10516    Body_Panel                       53.21          0.00
        10517    Body_Panel                       53.18          0.00
        10518    Body_Panel                       53.19          0.00
        10519    Body_Panel                       53.27          0.00
        10520    Body_Panel                       53.37          0.00
        10521    Body_Panel                       53.33          0.00
        10522    Body_Panel                       53.30          0.00
        10523    Body_Panel                       53.29          0.00
        10524    Body_Panel                       53.32          0.00
        10600    Body_Panel                       61.17          0.00
        10601    Body_Panel                       61.16          0.00
        10602    Body_Panel                       61.17          0.00
        10603    Body_Panel                       61.18          0.00
        10604    Body_Panel                       61.17          0.00
        10605    Body_Panel                       61.15          0.00
        10606    Body_Panel                       61.15          0.00
        10607    Body_Panel                       61.18          0.00
        10608    Body_Panel                       61.17          0.00
        10609    Body_Panel                       61.15          0.00
        10610    Body_Panel                       61.15          0.00
        10611    Body_Panel                       61.18          0.00
        10612    Body_Panel                       61.17          0.00
        10613    Body_Panel                       61.16          0.00
        10614    Body_Panel                       61.17          0.00
        10615    Body_Panel                       61.18          0.00
        10650    Body_Inf                         61.17          0.00
        10651    Body_Inf                         61.16          0.00
        10652    Body_Inf                         61.17          0.00
        10653    Body_Inf                         61.18          0.00
        10654    Body_Inf                         61.17          0.00
        10655    Body_Inf                         61.15          0.00
        10656    Body_Inf                         61.15          0.00
        10657    Body_Inf                         61.18          0.00
        10658    Body_Inf                         61.17          0.00
        10659    Body_Inf                         61.15          0.00
        10660    Body_Inf                         61.15          0.00
        10661    Body_Inf                         61.18          0.00
        10662    Body_Inf                         61.17          0.00
        10663    Body_Inf                         61.16          0.00
        10664    Body_Inf                         61.17          0.00
        10665    Body_Inf                         61.18          0.00
        11000    BODY_TRAY                        59.68          0.00
        11001    BODY_TRAY                        59.85          0.00
        11002    BODY_TRAY                        59.86          0.00
        11003    BODY_TRAY                        59.65          0.00
        11004    BODY_TRAY                        59.70          0.00
        11005    BODY_TRAY                        59.89          0.00
        11006    BODY_TRAY                        59.94          0.00
        11007    BODY_TRAY                        59.70          0.00
        11008    BODY_TRAY                        59.66          0.00
        11009    BODY_TRAY                        59.86          0.00
        11010    BODY_TRAY                        59.90          0.00
        11011    BODY_TRAY                        59.65          0.00
        11012    BODY_TRAY                        59.53          0.00
        11013    BODY_TRAY                        59.74          0.00
        11014    BODY_TRAY                        59.76          0.00
        11015    BODY_TRAY                        59.55          0.00
        11100    BODY_TRAY                        63.54          0.00
        11101    BODY_TRAY                        63.70          0.00
        11102    BODY_TRAY                        63.28          0.00
        11103    BODY_TRAY                        62.63          0.00
        11104    BODY_TRAY                        64.12          0.00
        11105    BODY_TRAY                        64.25          0.00
        11106    BODY_TRAY                        63.58          0.00
        11107    BODY_TRAY                        62.80          0.00
        11108    BODY_TRAY                        65.40          0.00
        11109    BODY_TRAY                        65.45          0.00
        11110    BODY_TRAY                        64.02          0.00
        11111    BODY_TRAY                        63.04          0.00
        11112    BODY_TRAY                        65.75          0.00
        11113    BODY_TRAY                        65.76          0.00
        11114    BODY_TRAY                        64.23          0.00
        11115    BODY_TRAY                        63.17          0.00
        20000    SPS_STR                          51.91          1.80
        20001    SPS_STR                          51.88          0.95
        20002    SPS_STR                          51.88          0.93
        20003    SPS_STR                          51.90          1.80
        20004    SPS_STR                          51.98          1.23
        20005    SPS_STR                          51.95          0.00
        20006    SPS_STR                          51.95          0.00
        20007    SPS_STR                          51.98          1.21
        20008    SPS_STR                          52.29          1.23
        20009    SPS_STR                          52.25          0.01
        20010    SPS_STR                          52.25          0.00
        20011    SPS_STR                          52.29          1.25
        20012    SPS_STR                          52.84          1.23
        20013    SPS_STR                          52.81          0.01
        20014    SPS_STR                          52.81          0.01
        20015    SPS_STR                          52.83          1.21
        20016    SPS_STR                          53.47          1.25
        20017    SPS_STR                          53.47          0.02
        20018    SPS_STR                          53.47          0.02
        20019    SPS_STR                          53.48          1.26
        20020    SPS_STR                          54.07          1.86
        20021    SPS_STR                          54.23          1.00
        20022    SPS_STR                          54.23          1.01
        20023    SPS_STR                          54.08          1.89
        20100    SPS_STR                          53.38          1.76
        20101    SPS_STR                          53.57          0.95
        20102    SPS_STR                          53.58          0.97
        20103    SPS_STR                          53.39          1.76
        20104    SPS_STR                          52.79          1.24
        20105    SPS_STR                          52.79          0.00
        20106    SPS_STR                          52.79          0.00
        20107    SPS_STR                          52.79          1.22
        20108    SPS_STR                          52.16          1.21
        20109    SPS_STR                          52.14          0.00
        20110    SPS_STR                          52.14          0.00
        20111    SPS_STR                          52.17          1.23
        20112    SPS_STR                          51.62          1.22
        20113    SPS_STR                          51.59          0.00
        20114    SPS_STR                          51.59          0.00
        20115    SPS_STR                          51.63          1.24
        20116    SPS_STR                          51.32          1.22
        20117    SPS_STR                          51.29          0.00
        20118    SPS_STR                          51.29          0.00
        20119    SPS_STR                          51.32          1.24
        20120    SPS_STR                          51.23          1.78
        20121    SPS_STR                          51.20          0.88
        20122    SPS_STR                          51.20          0.90
        20123    SPS_STR                          51.23          1.79
        21000    SPS_CELL                         52.24          1.23
        21001    SPS_CELL                         52.34          1.23
        21002    SPS_CELL                         52.62          1.23
        21003    SPS_CELL                         53.16          1.23
        21004    SPS_CELL                         53.75          1.24
        21005    SPS_CELL                         54.33          1.25
        21006    SPS_CELL                         52.22          1.23
        21007    SPS_CELL                         52.32          1.23
        21008    SPS_CELL                         52.60          1.23
        21009    SPS_CELL                         53.15          1.23
        21010    SPS_CELL                         53.75          1.23
        21011    SPS_CELL                         54.39          1.25
        21012    SPS_CELL                         52.22          1.23
        21013    SPS_CELL                         52.32          1.23
        21014    SPS_CELL                         52.59          1.23
        21015    SPS_CELL                         53.15          1.23
        21016    SPS_CELL                         53.75          1.23
        21017    SPS_CELL                         54.41          1.25
        21018    SPS_CELL                         52.22          1.23
        21019    SPS_CELL                         52.32          1.23
        21020    SPS_CELL                         52.59          1.23
        21021    SPS_CELL                         53.15          1.23
        21022    SPS_CELL                         53.75          1.23
        21023    SPS_CELL                         54.41          1.25
        21024    SPS_CELL                         52.23          1.23
        21025    SPS_CELL                         52.32          1.23
        21026    SPS_CELL                         52.60          1.23
        21027    SPS_CELL                         53.15          1.23
        21028    SPS_CELL                         53.75          1.23
        21029    SPS_CELL                         54.38          1.25
        21030    SPS_CELL                         52.24          1.23
        21031    SPS_CELL                         52.34          1.23
        21032    SPS_CELL                         52.62          1.23
        21033    SPS_CELL                         53.17          1.23
        21034    SPS_CELL                         53.75          1.24
        21035    SPS_CELL                         54.32          1.25
        21100    SPS_CELL                         53.62          1.23
        21101    SPS_CELL                         53.06          1.23
        21102    SPS_CELL                         52.50          1.23
        21103    SPS_CELL                         51.96          1.23
        21104    SPS_CELL                         51.68          1.23
        21105    SPS_CELL                         51.57          1.23
        21106    SPS_CELL                         53.69          1.23
        21107    SPS_CELL                         53.06          1.23
        21108    SPS_CELL                         52.48          1.23
        21109    SPS_CELL                         51.94          1.23
        21110    SPS_CELL                         51.66          1.23
        21111    SPS_CELL                         51.55          1.23
        21112    SPS_CELL                         53.72          1.23
        21113    SPS_CELL                         53.06          1.23
        21114    SPS_CELL                         52.48          1.23
        21115    SPS_CELL                         51.93          1.23
        21116    SPS_CELL                         51.65          1.23
        21117    SPS_CELL                         51.55          1.23
        21118    SPS_CELL                         53.72          1.23
        21119    SPS_CELL                         53.06          1.23
        21120    SPS_CELL                         52.47          1.23
        21121    SPS_CELL                         51.93          1.23
        21122    SPS_CELL                         51.65          1.23
        21123    SPS_CELL                         51.55          1.23
        21124    SPS_CELL                         53.69          1.23
        21125    SPS_CELL                         53.06          1.23
        21126    SPS_CELL                         52.48          1.23
        21127    SPS_CELL                         51.94          1.23
        21128    SPS_CELL                         51.66          1.23
        21129    SPS_CELL                         51.55          1.23
        21130    SPS_CELL                         53.61          1.23
        21131    SPS_CELL                         53.06          1.23
        21132    SPS_CELL                         52.49          1.23
        21133    SPS_CELL                         51.95          1.23
        21134    SPS_CELL                         51.67          1.23
        21135    SPS_CELL                         51.57          1.23
        30100    IR_CAM_STR                       41.74          0.00
        30101    IR_CAM_STR                       41.77          0.00
        30102    IR_CAM_STR                       50.38          0.00
        30103    IR_CAM_STR                       50.39          0.00
        31000    IR_CAM_ELECT                     78.57          0.00
        31001    IR_CAM_ELECT                     65.99          0.00
        31002    IR_CAM_ELECT                     66.43          0.00
        31003    IR_CAM_ELECT                     66.04          0.00
        31004    IR_CAM_ELECT                     66.33          0.00
        31005    IR_CAM_ELECT                     51.16          0.00
        31100    IR_CAM_ELECT                      0.00          0.00
        32000    IR_CAM_LENS                     121.07          0.00
        40000    INS_EB                           53.30          0.00
        40001    INS_EB                           59.60          0.00
        40002    INS_EB                           60.97          0.00
        40003    INS_EB                           59.62          0.00
        40004    INS_EB                           59.53          0.00
        40005    INS_EB                           67.45          0.00
        40100    IR_EB                            70.30          0.00
        41000    INS_PLD_1                        79.78          0.00
        41001    INS_PLD_1                        76.64          0.00
        41002    INS_PLD_1                        75.78          0.00
        41003    INS_PLD_1                        79.37          0.00
        41004    INS_PLD_1                        75.37          0.00
        41005    INS_PLD_1                        59.99          0.00
        42000    INS_PLD_2                        77.70          0.00
        42001    INS_PLD_2                        79.01          0.00
        42002    INS_PLD_2                        77.22          0.00
        42003    INS_PLD_2                        76.05          0.00
        42004    INS_PLD_2                        76.93          0.00
        42005    INS_PLD_2                        60.16          0.00
        50000    Radiator                         10.23          5.60
        50001    Radiator                         30.84          0.08
        50002    Radiator                         32.16          0.07
        50003    Radiator                         28.82          0.03
        50004    Radiator                         29.49          0.07
        50005    Radiator                         53.13          0.00
 X      99998    INACTIVE_NODE                     0.00          0.00
        99999    ENVIRONMENT                    -270.00          0.00



          NODE          QE            QA            QI            C             

          100          0.02          0.15          0.00         11.48
          101          0.02          0.15          0.00         11.48
          102          0.02          0.15          0.00         11.48
          103          0.02          0.15          0.00         11.48
          104          0.02          0.15          0.00         11.48
          105          0.02          0.15          0.00         11.48
          106          0.02          0.15          0.00         11.48
          107          0.02          0.15          0.00         11.48
          108          0.02          0.15          0.00         11.48
          109          0.02          0.15          0.00         11.48
          110          0.02          0.15          0.00         11.48
          111          0.02          0.15          0.00         11.48
          112          0.02          0.15          0.00         11.48
          113          0.02          0.15          0.00         11.48
          114          0.02          0.15          0.00         11.48
          115          0.02          0.15          0.00         11.48
          150          0.00          0.00          0.00         11.48
          151          0.00          0.00          0.00         11.48
          152          0.00          0.00          0.00         11.48
          153          0.00          0.00          0.00         11.48
          154          0.00          0.00          0.00         11.48
          155          0.00          0.00          0.00         11.48
          156          0.00          0.00          0.00         11.48
          157          0.00          0.00          0.00         11.48
          158          0.00          0.00          0.00         11.48
          159          0.00          0.00          0.00         11.48
          160          0.00          0.00          0.00         11.48
          161          0.00          0.00          0.00         11.48
          162          0.00          0.00          0.00         11.48
          163          0.00          0.00          0.00         11.48
          164          0.00          0.00          0.00         11.48
          165          0.00          0.00          0.00         11.48
          200          0.02          0.13          0.00          9.68
          201          0.02          0.13          0.00          9.68
          202          0.02          0.13          0.00          9.68
          203          0.02          0.12          0.00          9.68
          204          0.02          0.13          0.00          9.68
          205          0.02          0.13          0.00          9.68
          206          0.02          0.13          0.00          9.68
          207          0.02          0.13          0.00          9.68
          208          0.02          0.12          0.00          9.68
          209          0.02          0.11          0.00          9.68
          210          0.02          0.12          0.00          9.68
          211          0.02          0.12          0.00          9.68
          212          0.01          0.10          0.00          9.68
          213          0.01          0.07          0.00          9.68
          214          0.01          0.06          0.00          9.68
          215          0.01          0.10          0.00          9.68
          250          0.00          0.00          0.00          9.68
          251          0.00          0.00          0.00          9.68
          252          0.00          0.00          0.00          9.68
          253          0.00          0.00          0.00          9.68
          254          0.00          0.00          0.00          9.68
          255          0.00          0.00          0.00          9.68
          256          0.00          0.00          0.00          9.68
          257          0.00          0.00          0.00          9.68
          258          0.00          0.00          0.00          9.68
          259          0.00          0.00          0.00          9.68
          260          0.00          0.00          0.00          9.68
          261          0.00          0.00          0.00          9.68
          262          0.00          0.00          0.00          9.68
          263          0.00          0.00          0.00          9.68
          264          0.00          0.00          0.00          9.68
          265          0.00          0.00          0.00          9.68
          300          0.02          0.15          0.00         11.48
          301          0.02          0.15          0.00         11.48
          302          0.02          0.15          0.00         11.48
          303          0.02          0.15          0.00         11.48
          304          0.02          0.15          0.00         11.48
          305          0.02          0.15          0.00         11.48
          306          0.02          0.15          0.00         11.48
          307          0.02          0.15          0.00         11.48
          308          0.02          0.15          0.00         11.48
          309          0.02          0.15          0.00         11.48
          310          0.02          0.15          0.00         11.48
          311          0.02          0.15          0.00         11.48
          312          0.02          0.15          0.00         11.48
          313          0.02          0.15          0.00         11.48
          314          0.02          0.15          0.00         11.48
          315          0.02          0.15          0.00         11.48
          350          0.00          0.00          0.00         11.48
          351          0.00          0.00          0.00         11.48
          352          0.00          0.00          0.00         11.48
          353          0.00          0.00          0.00         11.48
          354          0.00          0.00          0.00         11.48
          355          0.00          0.00          0.00         11.48
          356          0.00          0.00          0.00         11.48
          357          0.00          0.00          0.00         11.48
          358          0.00          0.00          0.00         11.48
          359          0.00          0.00          0.00         11.48
          360          0.00          0.00          0.00         11.48
          361          0.00          0.00          0.00         11.48
          362          0.00          0.00          0.00         11.48
          363          0.00          0.00          0.00         11.48
          364          0.00          0.00          0.00         11.48
          365          0.00          0.00          0.00         11.48
          400          0.02          0.14          0.00          9.68
          401          0.02          0.14          0.00          9.68
          402          0.02          0.14          0.00          9.68
          403          0.02          0.13          0.00          9.68
          404          0.02          0.13          0.00          9.68
          405          0.02          0.13          0.00          9.68
          406          0.02          0.14          0.00          9.68
          407          0.02          0.13          0.00          9.68
          408          0.02          0.13          0.00          9.68
          409          0.02          0.12          0.00          9.68
          410          0.02          0.11          0.00          9.68
          411          0.02          0.13          0.00          9.68
          412          0.01          0.11          0.00          9.68
          413          0.01          0.07          0.00          9.68
          414          0.01          0.07          0.00          9.68
          415          0.01          0.11          0.00          9.68
          450          0.00          0.00          0.00          9.68
          451          0.00          0.00          0.00          9.68
          452          0.00          0.00          0.00          9.68
          453          0.00          0.00          0.00          9.68
          454          0.00          0.00          0.00          9.68
          455          0.00          0.00          0.00          9.68
          456          0.00          0.00          0.00          9.68
          457          0.00          0.00          0.00          9.68
          458          0.00          0.00          0.00          9.68
          459          0.00          0.00          0.00          9.68
          460          0.00          0.00          0.00          9.68
          461          0.00          0.00          0.00          9.68
          462          0.00          0.00          0.00          9.68
          463          0.00          0.00          0.00          9.68
          464          0.00          0.00          0.00          9.68
          465          0.00          0.00          0.00          9.68
          500          0.00          0.00          0.00         18.22
          501          0.00          0.00          0.00         18.22
          502          0.00          0.00          0.00         18.22
          503          0.00          0.00          0.00         18.22
          504          0.00          0.00          0.00         18.22
          507          0.00          0.00          0.00         18.22
          508          0.00          0.00          0.00         18.22
          511          0.00          0.00          0.00         18.22
          512          0.00          0.00          0.00         18.22
          513          0.00          0.00          0.00         18.22
          514          0.00          0.00          0.00         18.22
          515          0.00          0.00          0.00         18.22
          550          0.00          0.00          0.00         18.22
          551          0.00          0.00          0.00         18.22
          552          0.00          0.00          0.00         18.22
          553          0.00          0.00          0.00         18.22
          554          0.00          0.00          0.00         18.22
          557          0.00          0.00          0.00         18.22
          558          0.00          0.00          0.00         18.22
          561          0.00          0.00          0.00         18.22
          562          0.00          0.00          0.00         18.22
          563          0.00          0.00          0.00         18.22
          564          0.00          0.00          0.00         18.22
          565          0.00          0.00          0.00         18.22
          600          0.12          0.87          0.00         18.22
          601          0.12          0.86          0.00         18.22
          602          0.12          0.87          0.00         18.22
          603          0.12          0.87          0.00         18.22
          604          0.12          0.87          0.00         18.22
          605          0.09          0.70          0.00         15.84
          606          0.09          0.70          0.00         15.84
          607          0.12          0.87          0.00         18.22
          608          0.12          0.87          0.00         18.22
          609          0.10          0.71          0.00         15.84
          610          0.10          0.71          0.00         15.84
          611          0.12          0.87          0.00         18.22
          612          0.12          0.87          0.00         18.22
          613          0.12          0.86          0.00         18.22
          614          0.12          0.87          0.00         18.22
          615          0.12          0.86          0.00         18.22
          650          0.00          0.00          0.00         18.22
          651          0.00          0.00          0.00         18.22
          652          0.00          0.00          0.00         18.22
          653          0.00          0.00          0.00         18.22
          654          0.00          0.00          0.00         18.22
          655          0.00          0.00          0.00         15.84
          656          0.00          0.00          0.00         15.84
          657          0.00          0.00          0.00         18.22
          658          0.00          0.00          0.00         18.22
          659          0.00          0.00          0.00         15.84
          660          0.00          0.00          0.00         15.84
          661          0.00          0.00          0.00         18.22
          662          0.00          0.00          0.00         18.22
          663          0.00          0.00          0.00         18.22
          664          0.00          0.00          0.00         18.22
          665          0.00          0.00          0.00         18.22
        10000          0.00          0.00          0.00         43.74
        10001          0.00          0.00          0.00         43.74
        10002          0.00          0.00          0.00         43.74
        10003          0.00          0.00          0.00         43.74
        10004          0.00          0.00          0.00         43.74
        10005          0.00          0.00          0.00         43.74
        10006          0.00          0.00          0.00         43.74
        10007          0.00          0.00          0.00         43.74
        10008          0.00          0.00          0.00         43.74
        10009          0.00          0.00          0.00         43.74
        10010          0.00          0.00          0.00         43.74
        10011          0.00          0.00          0.00         43.74
        10012          0.00          0.00          0.00         43.74
        10013          0.00          0.00          0.00         43.74
        10014          0.00          0.00          0.00         43.74
        10015          0.00          0.00          0.00         43.74
        10016          0.00          0.00          0.00         43.74
        10017          0.00          0.00          0.00         43.74
        10018          0.00          0.00          0.00         43.74
        10019          0.00          0.00          0.00         43.74
        10020          0.00          0.00          0.00         43.74
        10021          0.00          0.00          0.00         43.74
        10022          0.00          0.00          0.00         43.74
        10023          0.00          0.00          0.00         43.74
        10024          0.00          0.00          0.00         43.74
        10100          0.00          0.00          0.00         36.45
        10101          0.00          0.00          0.00         36.45
        10102          0.00          0.00          0.00         36.45
        10103          0.00          0.00          0.00         36.45
        10104          0.00          0.00          0.00         36.45
        10105          0.00          0.00          0.00         36.45
        10106          0.00          0.00          0.00         36.45
        10107          0.00          0.00          0.00         36.45
        10108          0.00          0.00          0.00         36.45
        10109          0.00          0.00          0.00         36.45
        10110          0.00          0.00          0.00         36.45
        10111          0.00          0.00          0.00         36.45
        10112          0.00          0.00          0.00         36.45
        10113          0.00          0.00          0.00         36.45
        10114          0.00          0.00          0.00         36.45
        10115          0.00          0.00          0.00         36.45
        10116          0.00          0.00          0.00         36.45
        10117          0.00          0.00          0.00         36.45
        10118          0.00          0.00          0.00         36.45
        10119          0.00          0.00          0.00         36.45
        10120          0.00          0.00          0.00         36.45
        10121          0.00          0.00          0.00         36.45
        10122          0.00          0.00          0.00         36.45
        10123          0.00          0.00          0.00         36.45
        10124          0.00          0.00          0.00         36.45
        10300          0.00          0.00          0.00         43.74
        10301          0.00          0.00          0.00         43.74
        10302          0.00          0.00          0.00         43.74
        10303          0.00          0.00          0.00         43.74
        10304          0.00          0.00          0.00         43.74
        10305          0.00          0.00          0.00         43.74
        10306          0.00          0.00          0.00         43.74
        10307          0.00          0.00          0.00         43.74
        10308          0.00          0.00          0.00         43.74
        10309          0.00          0.00          0.00         43.74
        10310          0.00          0.00          0.00         43.74
        10311          0.00          0.00          0.00         43.74
        10312          0.00          0.00          0.00         43.74
        10313          0.00          0.00          0.00         43.74
        10314          0.00          0.00          0.00         43.74
        10315          0.00          0.00          0.00         43.74
        10316          0.00          0.00          0.00         43.74
        10317          0.00          0.00          0.00         43.74
        10318          0.00          0.00          0.00         43.74
        10319          0.00          0.00          0.00         43.74
        10320          0.00          0.00          0.00         43.74
        10321          0.00          0.00          0.00         43.74
        10322          0.00          0.00          0.00         43.74
        10323          0.00          0.00          0.00         43.74
        10324          0.00          0.00          0.00         43.74
        10400          0.00          0.00          0.00         36.45
        10401          0.00          0.00          0.00         36.45
        10402          0.00          0.00          0.00         36.45
        10403          0.00          0.00          0.00         36.45
        10404          0.00          0.00          0.00         36.45
        10405          0.00          0.00          0.00         36.45
        10406          0.00          0.00          0.00         36.45
        10407          0.00          0.00          0.00         36.45
        10408          0.00          0.00          0.00         36.45
        10409          0.00          0.00          0.00         36.45
        10410          0.00          0.00          0.00         36.45
        10411          0.00          0.00          0.00         36.45
        10412          0.00          0.00          0.00         36.45
        10413          0.00          0.00          0.00         36.45
        10414          0.00          0.00          0.00         36.45
        10415          0.00          0.00          0.00         36.45
        10416          0.00          0.00          0.00         36.45
        10417          0.00          0.00          0.00         36.45
        10418          0.00          0.00          0.00         36.45
        10419          0.00          0.00          0.00         36.45
        10420          0.00          0.00          0.00         36.45
        10421          0.00          0.00          0.00         36.45
        10422          0.00          0.00          0.00         36.45
        10423          0.00          0.00          0.00         36.45
        10424          0.00          0.00          0.00         36.45
        10500          0.00          0.00          0.00         72.90
        10501          0.00          0.00          0.00         72.90
        10502          0.00          0.00          0.00         72.90
        10503          0.00          0.00          0.00         72.90
        10504          0.00          0.00          0.00         72.90
        10505          0.00          0.00          0.00         72.90
        10506          0.00          0.00          0.00         72.90
        10507          0.00          0.00          0.00         72.90
        10508          0.00          0.00          0.00         72.90
        10509          0.00          0.00          0.00         72.90
        10510          0.00          0.00          0.00         72.90
        10511          0.00          0.00          0.00         72.90
        10512          0.00          0.00          0.00         72.90
        10513          0.00          0.00          0.00         72.90
        10514          0.00          0.00          0.00         72.90
        10515          0.00          0.00          0.00         72.90
        10516          0.00          0.00          0.00         72.90
        10517          0.00          0.00          0.00         72.90
        10518          0.00          0.00          0.00         72.90
        10519          0.00          0.00          0.00         72.90
        10520          0.00          0.00          0.00         72.90
        10521          0.00          0.00          0.00         72.90
        10522          0.00          0.00          0.00         72.90
        10523          0.00          0.00          0.00         72.90
        10524          0.00          0.00          0.00         72.90
        10600          0.00          0.00          0.00         56.95
        10601          0.00          0.00          0.00         56.95
        10602          0.00          0.00          0.00         56.95
        10603          0.00          0.00          0.00         56.95
        10604          0.00          0.00          0.00         56.95
        10605          0.00          0.00          0.00         48.37
        10606          0.00          0.00          0.00         48.37
        10607          0.00          0.00          0.00         56.95
        10608          0.00          0.00          0.00         56.95
        10609          0.00          0.00          0.00         48.37
        10610          0.00          0.00          0.00         48.37
        10611          0.00          0.00          0.00         56.95
        10612          0.00          0.00          0.00         56.95
        10613          0.00          0.00          0.00         56.95
        10614          0.00          0.00          0.00         56.95
        10615          0.00          0.00          0.00         56.95
        10650          0.00          0.00          0.00         56.95
        10651          0.00          0.00          0.00         56.95
        10652          0.00          0.00          0.00         56.95
        10653          0.00          0.00          0.00         56.95
        10654          0.00          0.00          0.00         56.95
        10655          0.00          0.00          0.00         48.37
        10656          0.00          0.00          0.00         48.37
        10657          0.00          0.00          0.00         56.95
        10658          0.00          0.00          0.00         56.95
        10659          0.00          0.00          0.00         48.37
        10660          0.00          0.00          0.00         48.37
        10661          0.00          0.00          0.00         56.95
        10662          0.00          0.00          0.00         56.95
        10663          0.00          0.00          0.00         56.95
        10664          0.00          0.00          0.00         56.95
        10665          0.00          0.00          0.00         56.95
        11000          0.00          0.00          0.00        113.91
        11001          0.00          0.00          0.00        113.91
        11002          0.00          0.00          0.00        113.91
        11003          0.00          0.00          0.00        113.91
        11004          0.00          0.00          0.00        113.91
        11005          0.00          0.00          0.00        113.91
        11006          0.00          0.00          0.00        113.91
        11007          0.00          0.00          0.00        113.91
        11008          0.00          0.00          0.00        113.91
        11009          0.00          0.00          0.00        113.91
        11010          0.00          0.00          0.00        113.91
        11011          0.00          0.00          0.00        113.91
        11012          0.00          0.00          0.00        113.91
        11013          0.00          0.00          0.00        113.91
        11014          0.00          0.00          0.00        113.91
        11015          0.00          0.00          0.00        113.91
        11100          0.00          0.00          0.00        113.91
        11101          0.00          0.00          0.00        113.91
        11102          0.00          0.00          0.00        113.91
        11103          0.00          0.00          0.00        113.91
        11104          0.00          0.00          0.00        113.91
        11105          0.00          0.00          0.00        113.91
        11106          0.00          0.00          0.00        113.91
        11107          0.00          0.00          0.00        113.91
        11108          0.00          0.00          0.00        113.91
        11109          0.00          0.00          0.00        113.91
        11110          0.00          0.00          0.00        113.91
        11111          0.00          0.00          0.00        113.91
        11112          0.00          0.00          0.00        113.91
        11113          0.00          0.00          0.00        113.91
        11114          0.00          0.00          0.00        113.91
        11115          0.00          0.00          0.00        113.91
        20000          0.40          0.66          0.00         91.12
        20001          0.40          0.66          0.00         91.12
        20002          0.40          0.66          0.00         91.12
        20003          0.40          0.66          0.00         91.12
        20004          0.40          0.66          0.00         91.12
        20005          0.40          0.66          0.00         91.12
        20006          0.40          0.66          0.00         91.12
        20007          0.40          0.66          0.00         91.12
        20008          0.40          0.66          0.00         91.12
        20009          0.40          0.66          0.00         91.12
        20010          0.40          0.67          0.00         91.12
        20011          0.40          0.66          0.00         91.12
        20012          0.40          0.66          0.00         91.12
        20013          0.40          0.66          0.00         91.12
        20014          0.40          0.66          0.00         91.12
        20015          0.40          0.66          0.00         91.12
        20016          0.40          0.66          0.00         91.12
        20017          0.40          0.65          0.00         91.12
        20018          0.40          0.65          0.00         91.12
        20019          0.40          0.66          0.00         91.12
        20020          0.38          0.61          0.00         91.12
        20021          0.38          0.61          0.00         91.12
        20022          0.38          0.61          0.00         91.12
        20023          0.38          0.61          0.00         91.12
        20100          0.38          0.60          0.00         91.12
        20101          0.37          0.59          0.00         91.12
        20102          0.38          0.61          0.00         91.12
        20103          0.38          0.61          0.00         91.12
        20104          0.40          0.66          0.00         91.12
        20105          0.40          0.65          0.00         91.12
        20106          0.41          0.66          0.00         91.12
        20107          0.40          0.66          0.00         91.12
        20108          0.40          0.66          0.00         91.12
        20109          0.40          0.66          0.00         91.12
        20110          0.40          0.66          0.00         91.12
        20111          0.41          0.67          0.00         91.12
        20112          0.40          0.66          0.00         91.12
        20113          0.40          0.67          0.00         91.12
        20114          0.40          0.67          0.00         91.12
        20115          0.40          0.66          0.00         91.12
        20116          0.40          0.67          0.00         91.12
        20117          0.40          0.66          0.00         91.12
        20118          0.40          0.66          0.00         91.12
        20119          0.40          0.66          0.00         91.12
        20120          0.40          0.66          0.00         91.12
        20121          0.40          0.66          0.00         91.12
        20122          0.40          0.66          0.00         91.12
        20123          0.40          0.66          0.00         91.12
        21000          0.00          0.00          0.00         19.08
        21001          0.00          0.00          0.00         19.08
        21002          0.00          0.00          0.00         19.08
        21003          0.00          0.00          0.00         19.08
        21004          0.00          0.00          0.00         19.08
        21005          0.00          0.00          0.00         19.08
        21006          0.00          0.00          0.00         19.08
        21007          0.00          0.00          0.00         19.08
        21008          0.00          0.00          0.00         19.08
        21009          0.00          0.00          0.00         19.08
        21010          0.00          0.00          0.00         19.08
        21011          0.00          0.00          0.00         19.08
        21012          0.00          0.00          0.00         19.08
        21013          0.00          0.00          0.00         19.08
        21014          0.00          0.00          0.00         19.08
        21015          0.00          0.00          0.00         19.08
        21016          0.00          0.00          0.00         19.08
        21017          0.00          0.00          0.00         19.08
        21018          0.00          0.00          0.00         19.08
        21019          0.00          0.00          0.00         19.08
        21020          0.00          0.00          0.00         19.08
        21021          0.00          0.00          0.00         19.08
        21022          0.00          0.00          0.00         19.08
        21023          0.00          0.00          0.00         19.08
        21024          0.00          0.00          0.00         19.08
        21025          0.00          0.00          0.00         19.08
        21026          0.00          0.00          0.00         19.08
        21027          0.00          0.00          0.00         19.08
        21028          0.00          0.00          0.00         19.08
        21029          0.00          0.00          0.00         19.08
        21030          0.00          0.00          0.00         19.08
        21031          0.00          0.00          0.00         19.08
        21032          0.00          0.00          0.00         19.08
        21033          0.00          0.00          0.00         19.08
        21034          0.00          0.00          0.00         19.08
        21035          0.00          0.00          0.00         19.08
        21100          0.00          0.00          0.00         19.08
        21101          0.00          0.00          0.00         19.08
        21102          0.00          0.00          0.00         19.08
        21103          0.00          0.00          0.00         19.08
        21104          0.00          0.00          0.00         19.08
        21105          0.00          0.00          0.00         19.08
        21106          0.00          0.00          0.00         19.08
        21107          0.00          0.00          0.00         19.08
        21108          0.00          0.00          0.00         19.08
        21109          0.00          0.00          0.00         19.08
        21110          0.00          0.00          0.00         19.08
        21111          0.00          0.00          0.00         19.08
        21112          0.00          0.00          0.00         19.08
        21113          0.00          0.00          0.00         19.08
        21114          0.00          0.00          0.00         19.08
        21115          0.00          0.00          0.00         19.08
        21116          0.00          0.00          0.00         19.08
        21117          0.00          0.00          0.00         19.08
        21118          0.00          0.00          0.00         19.08
        21119          0.00          0.00          0.00         19.08
        21120          0.00          0.00          0.00         19.08
        21121          0.00          0.00          0.00         19.08
        21122          0.00          0.00          0.00         19.08
        21123          0.00          0.00          0.00         19.08
        21124          0.00          0.00          0.00         19.08
        21125          0.00          0.00          0.00         19.08
        21126          0.00          0.00          0.00         19.08
        21127          0.00          0.00          0.00         19.08
        21128          0.00          0.00          0.00         19.08
        21129          0.00          0.00          0.00         19.08
        21130          0.00          0.00          0.00         19.08
        21131          0.00          0.00          0.00         19.08
        21132          0.00          0.00          0.00         19.08
        21133          0.00          0.00          0.00         19.08
        21134          0.00          0.00          0.00         19.08
        21135          0.00          0.00          0.00         19.08
        30100          0.39          0.09          0.00          4.22
        30101          0.38          0.10          0.00          4.22
        30102          0.18          0.04          0.00          4.22
        30103          0.17          0.04          0.00          4.22
        31000          0.00          0.00          1.67        243.00
        31001          0.00          0.00          0.04         36.45
        31002          0.00          0.00          0.04         36.45
        31003          0.00          0.00          0.04         36.45
        31004          0.00          0.00          0.04         36.45
        31005          0.06          0.00          1.67        243.00
        31100          0.00          0.00          0.00       1000.00
        32000          0.05          0.71          0.00          6.55
        40000          0.00          0.00          0.00         12.15
        40001          0.00          0.00          0.00          4.86
        40002          0.00          0.00          0.00          4.86
        40003          0.00          0.00          0.00          4.86
        40004          0.00          0.00          0.00          4.86
        40005          0.00          0.00          0.00         12.15
        40100          0.00          0.00         13.00         17.56
        41000          0.00          0.00          1.23        423.73
        41001          0.00          0.00          0.76        282.49
        41002          0.00          0.00          0.27        136.69
        41003          0.00          0.00          0.76        282.49
        41004          0.00          0.00          0.27        136.69
        41005          0.00          0.00          1.23        423.73
        42000          0.00          0.00          1.14        328.05
        42001          0.00          0.00          0.53        153.09
        42002          0.00          0.00          0.33         95.68
        42003          0.00          0.00          0.53        153.09
        42004          0.00          0.00          0.33         95.68
        42005          0.00          0.00          1.14        328.05
        50000          0.00          0.00          0.00        262.44
        50001          0.00          0.00          0.00         21.32
        50002          0.00          0.00          0.00         25.27
        50003          0.00          0.00          0.00         21.32
        50004          0.00          0.00          0.00         25.27
        50005          0.00          0.00          0.00        262.44
 X      99998          0.00          0.00          0.00          0.00
        99999          0.00          0.00          0.00          0.00

1
 ESATAN-TMS  2025                                                      Page    12
 16 February  2026  10:31:22                                  DRAGOSAT_V2_GEO_HOT





  TIMEN =   6050.25      MODULE SLCRNC      DTIMEU =   30.2512
 CSGMIN =    0.7304  AT NODE 10610 IN SUB-MODEL  
+                                                DRAGOSAT_V2_GEO_HOT             


 TABLE OUTPUT WITH ZENTS = 'L,T,QS,QE,QA,QI,C'
 FOR NODES OF ZLABEL = ' '

 ================================================================================


+DRAGOSAT_V2_GEO_HOT                                                             


          NODE   LABEL                              T             QS            

          100    MLI                             157.70          0.00
          101    MLI                             157.84          0.00
          102    MLI                             157.44          0.00
          103    MLI                             157.55          0.00
          104    MLI                             157.27          0.00
          105    MLI                             157.89          0.00
          106    MLI                             157.48          0.00
          107    MLI                             157.90          0.00
          108    MLI                             157.41          0.00
          109    MLI                             157.66          0.00
          110    MLI                             157.58          0.00
          111    MLI                             157.65          0.00
          112    MLI                             157.52          0.00
          113    MLI                             157.72          0.00
          114    MLI                             157.48          0.00
          115    MLI                             157.44          0.00
          150    MLI                              70.11          0.00
          151    MLI                              70.31          0.00
          152    MLI                              70.29          0.00
          153    MLI                              70.00          0.00
          154    MLI                              70.21          0.00
          155    MLI                              70.51          0.00
          156    MLI                              70.47          0.00
          157    MLI                              70.22          0.00
          158    MLI                              70.19          0.00
          159    MLI                              70.45          0.00
          160    MLI                              70.48          0.00
          161    MLI                              70.18          0.00
          162    MLI                              69.09          0.00
          163    MLI                              69.00          0.00
          164    MLI                              69.02          0.00
          165    MLI                              68.93          0.00
          200    MLI                              -6.80          0.00
          201    MLI                              -3.54          0.00
          202    MLI                              -3.06          0.00
          203    MLI                              -9.56          0.01
          204    MLI                              -1.73          0.00
          205    MLI                              -2.51          0.00
          206    MLI                              -3.43          0.01
          207    MLI                              -2.59          0.04
          208    MLI                               0.98          0.00
          209    MLI                               0.47          0.01
          210    MLI                              -0.38          0.06
          211    MLI                              -4.24          0.06
          212    MLI                              -7.70          0.00
          213    MLI                              -4.76          0.05
          214    MLI                              -7.23          0.08
          215    MLI                              -7.30          0.06
          250    MLI                              55.92          0.00
          251    MLI                              55.24          0.00
          252    MLI                              55.18          0.00
          253    MLI                              55.68          0.00
          254    MLI                              55.87          0.00
          255    MLI                              54.58          0.00
          256    MLI                              54.58          0.00
          257    MLI                              55.71          0.00
          258    MLI                              55.98          0.00
          259    MLI                              54.71          0.00
          260    MLI                              54.71          0.00
          261    MLI                              55.67          0.00
          262    MLI                              54.66          0.00
          263    MLI                              53.70          0.00
          264    MLI                              53.65          0.00
          265    MLI                              54.60          0.00
          300    MLI                              94.33          1.39
          301    MLI                              94.10          1.39
          302    MLI                              94.77          1.39
          303    MLI                              94.15          1.39
          304    MLI                              94.17          1.39
          305    MLI                              94.66          1.39
          306    MLI                              94.64          1.39
          307    MLI                              93.97          1.39
          308    MLI                              93.95          1.39
          309    MLI                              94.74          1.39
          310    MLI                              95.02          1.39
          311    MLI                              94.29          1.39
          312    MLI                              94.86          1.39
          313    MLI                              94.40          1.39
          314    MLI                              94.41          1.39
          315    MLI                              94.55          1.39
          350    MLI                              69.87          0.00
          351    MLI                              70.05          0.00
          352    MLI                              70.12          0.00
          353    MLI                              69.84          0.00
          354    MLI                              69.89          0.00
          355    MLI                              70.12          0.00
          356    MLI                              70.17          0.00
          357    MLI                              69.90          0.00
          358    MLI                              69.87          0.00
          359    MLI                              70.20          0.00
          360    MLI                              70.15          0.00
          361    MLI                              69.87          0.00
          362    MLI                              68.75          0.00
          363    MLI                              68.75          0.00
          364    MLI                              68.75          0.00
          365    MLI                              68.89          0.00
          400    MLI                             128.61          0.51
          401    MLI                             130.61          0.50
          402    MLI                             131.28          0.50
          403    MLI                             130.52          0.50
          404    MLI                             129.79          0.54
          405    MLI                             129.57          0.52
          406    MLI                             132.13          0.50
          407    MLI                             132.29          0.50
          408    MLI                             130.32          0.56
          409    MLI                             131.29          0.57
          410    MLI                             132.76          0.51
          411    MLI                             133.15          0.50
          412    MLI                             128.80          0.56
          413    MLI                             129.55          0.58
          414    MLI                             131.37          0.55
          415    MLI                             130.53          0.51
          450    MLI                              65.83          0.00
          451    MLI                              65.37          0.00
          452    MLI                              65.37          0.00
          453    MLI                              66.07          0.00
          454    MLI                              65.62          0.00
          455    MLI                              64.66          0.00
          456    MLI                              64.92          0.00
          457    MLI                              66.00          0.00
          458    MLI                              65.52          0.00
          459    MLI                              64.79          0.00
          460    MLI                              64.87          0.00
          461    MLI                              65.95          0.00
          462    MLI                              64.68          0.00
          463    MLI                              63.96          0.00
          464    MLI                              64.14          0.00
          465    MLI                              65.00          0.00
          500    MLI                             228.99          3.13
          501    MLI                             228.90          3.00
          502    MLI                             228.52          2.98
          503    MLI                             228.88          3.12
          504    MLI                             231.68          3.16
          507    MLI                             227.15          3.09
          508    MLI                             231.64          3.16
          511    MLI                             227.31          3.09
          512    MLI                             228.97          3.13
          513    MLI                             227.37          3.20
          514    MLI                             227.86          3.21
          515    MLI                             228.88          3.13
          550    MLI                              66.15          0.00
          551    MLI                              64.30          0.00
          552    MLI                              64.33          0.00
          553    MLI                              65.93          0.00
          554    MLI                              64.52          0.00
          557    MLI                              63.97          0.00
          558    MLI                              64.52          0.00
          561    MLI                              64.15          0.00
          562    MLI                              65.87          0.00
          563    MLI                              64.62          0.00
          564    MLI                              64.55          0.00
          565    MLI                              65.92          0.00
          600    MLI                              98.90          0.00
          601    MLI                              96.23          0.00
          602    MLI                             100.04          0.00
          603    MLI                              98.31          0.00
          604    MLI                              98.96          0.00
          605    MLI                              98.05          0.00
          606    MLI                             102.86          0.00
          607    MLI                              99.76          0.00
          608    MLI                              99.16          0.00
          609    MLI                              92.96          0.00
          610    MLI                              98.40          0.00
          611    MLI                              99.18          0.00
          612    MLI                              98.96          0.00
          613    MLI                              88.89          0.00
          614    MLI                              99.06          0.00
          615    MLI                              98.10          0.00
          650    MLI                              64.20          0.00
          651    MLI                              63.68          0.00
          652    MLI                              64.45          0.00
          653    MLI                              64.17          0.00
          654    MLI                              63.91          0.00
          655    MLI                              63.61          0.00
          656    MLI                              64.41          0.00
          657    MLI                              64.02          0.00
          658    MLI                              63.91          0.00
          659    MLI                              63.67          0.00
          660    MLI                              64.37          0.00
          661    MLI                              63.97          0.00
          662    MLI                              64.12          0.00
          663    MLI                              63.35          0.00
          664    MLI                              64.42          0.00
          665    MLI                              64.11          0.00
        10000    Body_Panel                       62.44          0.00
        10001    Body_Panel                       62.45          0.00
        10002    Body_Panel                       62.46          0.00
        10003    Body_Panel                       62.46          0.00
        10004    Body_Panel                       62.45          0.00
        10005    Body_Panel                       62.45          0.00
        10006    Body_Panel                       62.46          0.00
        10007    Body_Panel                       62.46          0.00
        10008    Body_Panel                       62.46          0.00
        10009    Body_Panel                       62.45          0.00
        10010    Body_Panel                       62.44          0.00
        10011    Body_Panel                       62.45          0.00
        10012    Body_Panel                       62.45          0.00
        10013    Body_Panel                       62.45          0.00
        10014    Body_Panel                       62.44          0.00
        10015    Body_Panel                       62.41          0.00
        10016    Body_Panel                       62.42          0.00
        10017    Body_Panel                       62.42          0.00
        10018    Body_Panel                       62.42          0.00
        10019    Body_Panel                       62.42          0.00
        10020    Body_Panel                       62.39          0.00
        10021    Body_Panel                       62.40          0.00
        10022    Body_Panel                       62.40          0.00
        10023    Body_Panel                       62.40          0.00
        10024    Body_Panel                       62.40          0.00
        10100    Body_Panel                       60.25          0.00
        10101    Body_Panel                       60.11          0.00
        10102    Body_Panel                       59.92          0.00
        10103    Body_Panel                       60.03          0.00
        10104    Body_Panel                       60.11          0.00
        10105    Body_Panel                       60.34          0.00
        10106    Body_Panel                       60.17          0.00
        10107    Body_Panel                       59.86          0.00
        10108    Body_Panel                       60.08          0.00
        10109    Body_Panel                       60.18          0.00
        10110    Body_Panel                       60.45          0.00
        10111    Body_Panel                       60.23          0.00
        10112    Body_Panel                       59.62          0.00
        10113    Body_Panel                       60.11          0.00
        10114    Body_Panel                       60.25          0.00
        10115    Body_Panel                       60.67          0.00
        10116    Body_Panel                       60.45          0.00
        10117    Body_Panel                       59.97          0.00
        10118    Body_Panel                       60.28          0.00
        10119    Body_Panel                       60.39          0.00
        10120    Body_Panel                       60.55          0.00
        10121    Body_Panel                       60.36          0.00
        10122    Body_Panel                       60.07          0.00
        10123    Body_Panel                       60.21          0.00
        10124    Body_Panel                       60.31          0.00
        10300    Body_Panel                       61.74          0.00
        10301    Body_Panel                       61.75          0.00
        10302    Body_Panel                       61.75          0.00
        10303    Body_Panel                       61.75          0.00
        10304    Body_Panel                       61.74          0.00
        10305    Body_Panel                       61.74          0.00
        10306    Body_Panel                       61.75          0.00
        10307    Body_Panel                       61.75          0.00
        10308    Body_Panel                       61.75          0.00
        10309    Body_Panel                       61.74          0.00
        10310    Body_Panel                       61.73          0.00
        10311    Body_Panel                       61.74          0.00
        10312    Body_Panel                       61.74          0.00
        10313    Body_Panel                       61.74          0.00
        10314    Body_Panel                       61.73          0.00
        10315    Body_Panel                       61.71          0.00
        10316    Body_Panel                       61.72          0.00
        10317    Body_Panel                       61.72          0.00
        10318    Body_Panel                       61.71          0.00
        10319    Body_Panel                       61.71          0.00
        10320    Body_Panel                       61.70          0.00
        10321    Body_Panel                       61.70          0.00
        10322    Body_Panel                       61.70          0.00
        10323    Body_Panel                       61.70          0.00
        10324    Body_Panel                       61.69          0.00
        10400    Body_Panel                       59.88          0.00
        10401    Body_Panel                       59.87          0.00
        10402    Body_Panel                       59.85          0.00
        10403    Body_Panel                       60.00          0.00
        10404    Body_Panel                       60.10          0.00
        10405    Body_Panel                       59.92          0.00
        10406    Body_Panel                       59.92          0.00
        10407    Body_Panel                       59.82          0.00
        10408    Body_Panel                       60.06          0.00
        10409    Body_Panel                       60.16          0.00
        10410    Body_Panel                       59.89          0.00
        10411    Body_Panel                       59.92          0.00
        10412    Body_Panel                       59.69          0.00
        10413    Body_Panel                       60.09          0.00
        10414    Body_Panel                       60.22          0.00
        10415    Body_Panel                       59.89          0.00
        10416    Body_Panel                       60.02          0.00
        10417    Body_Panel                       60.00          0.00
        10418    Body_Panel                       60.22          0.00
        10419    Body_Panel                       60.34          0.00
        10420    Body_Panel                       59.87          0.00
        10421    Body_Panel                       59.96          0.00
        10422    Body_Panel                       60.00          0.00
        10423    Body_Panel                       60.16          0.00
        10424    Body_Panel                       60.26          0.00
        10500    Body_Panel                       53.47          0.00
        10501    Body_Panel                       53.43          0.00
        10502    Body_Panel                       53.42          0.00
        10503    Body_Panel                       53.43          0.00
        10504    Body_Panel                       53.47          0.00
        10505    Body_Panel                       53.40          0.00
        10506    Body_Panel                       53.31          0.00
        10507    Body_Panel                       53.29          0.00
        10508    Body_Panel                       53.31          0.00
        10509    Body_Panel                       53.40          0.00
        10510    Body_Panel                       53.38          0.00
        10511    Body_Panel                       53.28          0.00
        10512    Body_Panel                       53.26          0.00
        10513    Body_Panel                       53.28          0.00
        10514    Body_Panel                       53.36          0.00
        10515    Body_Panel                       53.40          0.00
        10516    Body_Panel                       53.30          0.00
        10517    Body_Panel                       53.27          0.00
        10518    Body_Panel                       53.28          0.00
        10519    Body_Panel                       53.35          0.00
        10520    Body_Panel                       53.45          0.00
        10521    Body_Panel                       53.41          0.00
        10522    Body_Panel                       53.38          0.00
        10523    Body_Panel                       53.37          0.00
        10524    Body_Panel                       53.40          0.00
        10600    Body_Panel                       61.12          0.00
        10601    Body_Panel                       61.11          0.00
        10602    Body_Panel                       61.12          0.00
        10603    Body_Panel                       61.13          0.00
        10604    Body_Panel                       61.11          0.00
        10605    Body_Panel                       61.09          0.00
        10606    Body_Panel                       61.10          0.00
        10607    Body_Panel                       61.12          0.00
        10608    Body_Panel                       61.11          0.00
        10609    Body_Panel                       61.09          0.00
        10610    Body_Panel                       61.10          0.00
        10611    Body_Panel                       61.12          0.00
        10612    Body_Panel                       61.12          0.00
        10613    Body_Panel                       61.11          0.00
        10614    Body_Panel                       61.12          0.00
        10615    Body_Panel                       61.12          0.00
        10650    Body_Inf                         61.12          0.00
        10651    Body_Inf                         61.11          0.00
        10652    Body_Inf                         61.12          0.00
        10653    Body_Inf                         61.13          0.00
        10654    Body_Inf                         61.11          0.00
        10655    Body_Inf                         61.09          0.00
        10656    Body_Inf                         61.10          0.00
        10657    Body_Inf                         61.12          0.00
        10658    Body_Inf                         61.11          0.00
        10659    Body_Inf                         61.09          0.00
        10660    Body_Inf                         61.10          0.00
        10661    Body_Inf                         61.12          0.00
        10662    Body_Inf                         61.12          0.00
        10663    Body_Inf                         61.11          0.00
        10664    Body_Inf                         61.12          0.00
        10665    Body_Inf                         61.12          0.00
        11000    BODY_TRAY                        60.72          0.00
        11001    BODY_TRAY                        60.82          0.00
        11002    BODY_TRAY                        60.83          0.00
        11003    BODY_TRAY                        60.73          0.00
        11004    BODY_TRAY                        60.75          0.00
        11005    BODY_TRAY                        60.86          0.00
        11006    BODY_TRAY                        60.91          0.00
        11007    BODY_TRAY                        60.77          0.00
        11008    BODY_TRAY                        60.71          0.00
        11009    BODY_TRAY                        60.83          0.00
        11010    BODY_TRAY                        60.88          0.00
        11011    BODY_TRAY                        60.73          0.00
        11012    BODY_TRAY                        60.61          0.00
        11013    BODY_TRAY                        60.72          0.00
        11014    BODY_TRAY                        60.74          0.00
        11015    BODY_TRAY                        60.64          0.00
        11100    BODY_TRAY                        64.52          0.00
        11101    BODY_TRAY                        64.61          0.00
        11102    BODY_TRAY                        64.20          0.00
        11103    BODY_TRAY                        63.64          0.00
        11104    BODY_TRAY                        65.11          0.00
        11105    BODY_TRAY                        65.17          0.00
        11106    BODY_TRAY                        64.50          0.00
        11107    BODY_TRAY                        63.81          0.00
        11108    BODY_TRAY                        66.37          0.00
        11109    BODY_TRAY                        66.37          0.00
        11110    BODY_TRAY                        64.94          0.00
        11111    BODY_TRAY                        64.04          0.00
        11112    BODY_TRAY                        66.71          0.00
        11113    BODY_TRAY                        66.67          0.00
        11114    BODY_TRAY                        65.15          0.00
        11115    BODY_TRAY                        64.16          0.00
        20000    SPS_STR                          56.94          1.80
        20001    SPS_STR                          56.92          0.95
        20002    SPS_STR                          56.92          0.93
        20003    SPS_STR                          56.94          1.80
        20004    SPS_STR                          56.97          1.23
        20005    SPS_STR                          56.95          0.00
        20006    SPS_STR                          56.94          0.00
        20007    SPS_STR                          56.97          1.21
        20008    SPS_STR                          57.15          1.23
        20009    SPS_STR                          57.12          0.01
        20010    SPS_STR                          57.12          0.01
        20011    SPS_STR                          57.14          1.25
        20012    SPS_STR                          57.48          1.23
        20013    SPS_STR                          57.45          0.01
        20014    SPS_STR                          57.45          0.01
        20015    SPS_STR                          57.47          1.21
        20016    SPS_STR                          57.87          1.25
        20017    SPS_STR                          57.85          0.02
        20018    SPS_STR                          57.85          0.02
        20019    SPS_STR                          57.85          1.26
        20020    SPS_STR                          58.24          1.86
        20021    SPS_STR                          58.29          1.00
        20022    SPS_STR                          58.28          1.01
        20023    SPS_STR                          58.22          1.89
        20100    SPS_STR                          57.51          1.76
        20101    SPS_STR                          57.60          0.95
        20102    SPS_STR                          57.59          0.97
        20103    SPS_STR                          57.48          1.76
        20104    SPS_STR                          57.14          1.24
        20105    SPS_STR                          57.13          0.00
        20106    SPS_STR                          57.12          0.00
        20107    SPS_STR                          57.13          1.22
        20108    SPS_STR                          56.77          1.21
        20109    SPS_STR                          56.75          0.00
        20110    SPS_STR                          56.74          0.00
        20111    SPS_STR                          56.77          1.23
        20112    SPS_STR                          56.45          1.22
        20113    SPS_STR                          56.43          0.00
        20114    SPS_STR                          56.43          0.00
        20115    SPS_STR                          56.46          1.24
        20116    SPS_STR                          56.29          1.22
        20117    SPS_STR                          56.26          0.00
        20118    SPS_STR                          56.26          0.00
        20119    SPS_STR                          56.29          1.24
        20120    SPS_STR                          56.25          1.78
        20121    SPS_STR                          56.22          0.88
        20122    SPS_STR                          56.23          0.90
        20123    SPS_STR                          56.25          1.79
        21000    SPS_CELL                         57.30          1.23
        21001    SPS_CELL                         57.34          1.23
        21002    SPS_CELL                         57.51          1.23
        21003    SPS_CELL                         57.83          1.23
        21004    SPS_CELL                         58.19          1.24
        21005    SPS_CELL                         58.53          1.25
        21006    SPS_CELL                         57.29          1.23
        21007    SPS_CELL                         57.33          1.23
        21008    SPS_CELL                         57.49          1.23
        21009    SPS_CELL                         57.82          1.23
        21010    SPS_CELL                         58.19          1.23
        21011    SPS_CELL                         58.56          1.25
        21012    SPS_CELL                         57.28          1.23
        21013    SPS_CELL                         57.33          1.23
        21014    SPS_CELL                         57.49          1.23
        21015    SPS_CELL                         57.82          1.23
        21016    SPS_CELL                         58.19          1.23
        21017    SPS_CELL                         58.58          1.25
        21018    SPS_CELL                         57.29          1.23
        21019    SPS_CELL                         57.33          1.23
        21020    SPS_CELL                         57.49          1.23
        21021    SPS_CELL                         57.82          1.23
        21022    SPS_CELL                         58.19          1.24
        21023    SPS_CELL                         58.59          1.25
        21024    SPS_CELL                         57.29          1.23
        21025    SPS_CELL                         57.34          1.23
        21026    SPS_CELL                         57.49          1.23
        21027    SPS_CELL                         57.83          1.23
        21028    SPS_CELL                         58.19          1.24
        21029    SPS_CELL                         58.58          1.25
        21030    SPS_CELL                         57.30          1.23
        21031    SPS_CELL                         57.35          1.23
        21032    SPS_CELL                         57.51          1.23
        21033    SPS_CELL                         57.84          1.23
        21034    SPS_CELL                         58.20          1.24
        21035    SPS_CELL                         58.56          1.25
        21100    SPS_CELL                         57.79          1.23
        21101    SPS_CELL                         57.46          1.23
        21102    SPS_CELL                         57.13          1.23
        21103    SPS_CELL                         56.82          1.23
        21104    SPS_CELL                         56.67          1.23
        21105    SPS_CELL                         56.61          1.23
        21106    SPS_CELL                         57.83          1.23
        21107    SPS_CELL                         57.46          1.23
        21108    SPS_CELL                         57.12          1.23
        21109    SPS_CELL                         56.81          1.23
        21110    SPS_CELL                         56.65          1.23
        21111    SPS_CELL                         56.60          1.23
        21112    SPS_CELL                         57.85          1.23
        21113    SPS_CELL                         57.46          1.23
        21114    SPS_CELL                         57.11          1.23
        21115    SPS_CELL                         56.80          1.23
        21116    SPS_CELL                         56.65          1.23
        21117    SPS_CELL                         56.60          1.23
        21118    SPS_CELL                         57.86          1.23
        21119    SPS_CELL                         57.46          1.23
        21120    SPS_CELL                         57.11          1.23
        21121    SPS_CELL                         56.80          1.23
        21122    SPS_CELL                         56.64          1.23
        21123    SPS_CELL                         56.60          1.23
        21124    SPS_CELL                         57.85          1.23
        21125    SPS_CELL                         57.47          1.23
        21126    SPS_CELL                         57.12          1.23
        21127    SPS_CELL                         56.80          1.23
        21128    SPS_CELL                         56.65          1.23
        21129    SPS_CELL                         56.60          1.23
        21130    SPS_CELL                         57.81          1.23
        21131    SPS_CELL                         57.47          1.23
        21132    SPS_CELL                         57.13          1.23
        21133    SPS_CELL                         56.82          1.23
        21134    SPS_CELL                         56.66          1.23
        21135    SPS_CELL                         56.61          1.23
        30100    IR_CAM_STR                       41.94          0.00
        30101    IR_CAM_STR                       41.97          0.00
        30102    IR_CAM_STR                       50.54          0.00
        30103    IR_CAM_STR                       50.55          0.00
        31000    IR_CAM_ELECT                     78.48          0.00
        31001    IR_CAM_ELECT                     65.93          0.00
        31002    IR_CAM_ELECT                     66.34          0.00
        31003    IR_CAM_ELECT                     65.99          0.00
        31004    IR_CAM_ELECT                     66.24          0.00
        31005    IR_CAM_ELECT                     51.31          0.00
        31100    IR_CAM_ELECT                      0.00          0.00
        32000    IR_CAM_LENS                     130.85          0.00
        40000    INS_EB                           53.41          0.00
        40001    INS_EB                           60.08          0.00
        40002    INS_EB                           61.26          0.00
        40003    INS_EB                           60.49          0.00
        40004    INS_EB                           60.04          0.00
        40005    INS_EB                           68.38          0.00
        40100    IR_EB                            71.22          0.00
        41000    INS_PLD_1                        79.65          0.00
        41001    INS_PLD_1                        76.61          0.00
        41002    INS_PLD_1                        75.66          0.00
        41003    INS_PLD_1                        79.24          0.00
        41004    INS_PLD_1                        75.25          0.00
        41005    INS_PLD_1                        60.96          0.00
        42000    INS_PLD_2                        77.55          0.00
        42001    INS_PLD_2                        78.86          0.00
        42002    INS_PLD_2                        77.08          0.00
        42003    INS_PLD_2                        76.00          0.00
        42004    INS_PLD_2                        76.79          0.00
        42005    INS_PLD_2                        61.11          0.00
        50000    Radiator                         15.15          4.81
        50001    Radiator                         33.51          0.08
        50002    Radiator                         33.28          0.02
        50003    Radiator                         30.96          0.02
        50004    Radiator                         33.15          0.16
        50005    Radiator                         53.23          0.00
 X      99998    INACTIVE_NODE                     0.00          0.00
        99999    ENVIRONMENT                    -270.00          0.00



          NODE          QE            QA            QI            C             

          100          0.02          0.12          0.00         11.48
          101          0.02          0.12          0.00         11.48
          102          0.02          0.12          0.00         11.48
          103          0.02          0.12          0.00         11.48
          104          0.02          0.11          0.00         11.48
          105          0.02          0.12          0.00         11.48
          106          0.02          0.12          0.00         11.48
          107          0.02          0.12          0.00         11.48
          108          0.02          0.12          0.00         11.48
          109          0.02          0.12          0.00         11.48
          110          0.02          0.12          0.00         11.48
          111          0.02          0.12          0.00         11.48
          112          0.02          0.12          0.00         11.48
          113          0.02          0.12          0.00         11.48
          114          0.02          0.12          0.00         11.48
          115          0.02          0.12          0.00         11.48
          150          0.00          0.00          0.00         11.48
          151          0.00          0.00          0.00         11.48
          152          0.00          0.00          0.00         11.48
          153          0.00          0.00          0.00         11.48
          154          0.00          0.00          0.00         11.48
          155          0.00          0.00          0.00         11.48
          156          0.00          0.00          0.00         11.48
          157          0.00          0.00          0.00         11.48
          158          0.00          0.00          0.00         11.48
          159          0.00          0.00          0.00         11.48
          160          0.00          0.00          0.00         11.48
          161          0.00          0.00          0.00         11.48
          162          0.00          0.00          0.00         11.48
          163          0.00          0.00          0.00         11.48
          164          0.00          0.00          0.00         11.48
          165          0.00          0.00          0.00         11.48
          200          0.02          0.11          0.00          9.68
          201          0.02          0.11          0.00          9.68
          202          0.02          0.11          0.00          9.68
          203          0.02          0.10          0.00          9.68
          204          0.02          0.11          0.00          9.68
          205          0.02          0.11          0.00          9.68
          206          0.02          0.11          0.00          9.68
          207          0.02          0.11          0.00          9.68
          208          0.02          0.11          0.00          9.68
          209          0.02          0.10          0.00          9.68
          210          0.01          0.09          0.00          9.68
          211          0.02          0.09          0.00          9.68
          212          0.02          0.10          0.00          9.68
          213          0.01          0.08          0.00          9.68
          214          0.01          0.06          0.00          9.68
          215          0.01          0.08          0.00          9.68
          250          0.00          0.00          0.00          9.68
          251          0.00          0.00          0.00          9.68
          252          0.00          0.00          0.00          9.68
          253          0.00          0.00          0.00          9.68
          254          0.00          0.00          0.00          9.68
          255          0.00          0.00          0.00          9.68
          256          0.00          0.00          0.00          9.68
          257          0.00          0.00          0.00          9.68
          258          0.00          0.00          0.00          9.68
          259          0.00          0.00          0.00          9.68
          260          0.00          0.00          0.00          9.68
          261          0.00          0.00          0.00          9.68
          262          0.00          0.00          0.00          9.68
          263          0.00          0.00          0.00          9.68
          264          0.00          0.00          0.00          9.68
          265          0.00          0.00          0.00          9.68
          300          0.02          0.14          0.00         11.48
          301          0.02          0.14          0.00         11.48
          302          0.02          0.14          0.00         11.48
          303          0.02          0.14          0.00         11.48
          304          0.02          0.14          0.00         11.48
          305          0.02          0.14          0.00         11.48
          306          0.02          0.14          0.00         11.48
          307          0.02          0.14          0.00         11.48
          308          0.02          0.14          0.00         11.48
          309          0.02          0.14          0.00         11.48
          310          0.02          0.14          0.00         11.48
          311          0.02          0.14          0.00         11.48
          312          0.02          0.14          0.00         11.48
          313          0.02          0.14          0.00         11.48
          314          0.02          0.14          0.00         11.48
          315          0.02          0.14          0.00         11.48
          350          0.00          0.00          0.00         11.48
          351          0.00          0.00          0.00         11.48
          352          0.00          0.00          0.00         11.48
          353          0.00          0.00          0.00         11.48
          354          0.00          0.00          0.00         11.48
          355          0.00          0.00          0.00         11.48
          356          0.00          0.00          0.00         11.48
          357          0.00          0.00          0.00         11.48
          358          0.00          0.00          0.00         11.48
          359          0.00          0.00          0.00         11.48
          360          0.00          0.00          0.00         11.48
          361          0.00          0.00          0.00         11.48
          362          0.00          0.00          0.00         11.48
          363          0.00          0.00          0.00         11.48
          364          0.00          0.00          0.00         11.48
          365          0.00          0.00          0.00         11.48
          400          0.02          0.11          0.00          9.68
          401          0.02          0.12          0.00          9.68
          402          0.02          0.12          0.00          9.68
          403          0.02          0.12          0.00          9.68
          404          0.02          0.11          0.00          9.68
          405          0.02          0.11          0.00          9.68
          406          0.02          0.12          0.00          9.68
          407          0.02          0.12          0.00          9.68
          408          0.02          0.10          0.00          9.68
          409          0.01          0.09          0.00          9.68
          410          0.02          0.11          0.00          9.68
          411          0.02          0.12          0.00          9.68
          412          0.01          0.09          0.00          9.68
          413          0.01          0.07          0.00          9.68
          414          0.01          0.08          0.00          9.68
          415          0.02          0.11          0.00          9.68
          450          0.00          0.00          0.00          9.68
          451          0.00          0.00          0.00          9.68
          452          0.00          0.00          0.00          9.68
          453          0.00          0.00          0.00          9.68
          454          0.00          0.00          0.00          9.68
          455          0.00          0.00          0.00          9.68
          456          0.00          0.00          0.00          9.68
          457          0.00          0.00          0.00          9.68
          458          0.00          0.00          0.00          9.68
          459          0.00          0.00          0.00          9.68
          460          0.00          0.00          0.00          9.68
          461          0.00          0.00          0.00          9.68
          462          0.00          0.00          0.00          9.68
          463          0.00          0.00          0.00          9.68
          464          0.00          0.00          0.00          9.68
          465          0.00          0.00          0.00          9.68
          500          0.00          0.00          0.00         18.22
          501          0.00          0.00          0.00         18.22
          502          0.00          0.00          0.00         18.22
          503          0.00          0.00          0.00         18.22
          504          0.00          0.00          0.00         18.22
          507          0.00          0.00          0.00         18.22
          508          0.00          0.00          0.00         18.22
          511          0.00          0.00          0.00         18.22
          512          0.00          0.00          0.00         18.22
          513          0.00          0.00          0.00         18.22
          514          0.00          0.00          0.00         18.22
          515          0.00          0.00          0.00         18.22
          550          0.00          0.00          0.00         18.22
          551          0.00          0.00          0.00         18.22
          552          0.00          0.00          0.00         18.22
          553          0.00          0.00          0.00         18.22
          554          0.00          0.00          0.00         18.22
          557          0.00          0.00          0.00         18.22
          558          0.00          0.00          0.00         18.22
          561          0.00          0.00          0.00         18.22
          562          0.00          0.00          0.00         18.22
          563          0.00          0.00          0.00         18.22
          564          0.00          0.00          0.00         18.22
          565          0.00          0.00          0.00         18.22
          600          0.12          0.75          0.00         18.22
          601          0.12          0.74          0.00         18.22
          602          0.12          0.75          0.00         18.22
          603          0.12          0.74          0.00         18.22
          604          0.12          0.75          0.00         18.22
          605          0.09          0.60          0.00         15.84
          606          0.09          0.60          0.00         15.84
          607          0.12          0.75          0.00         18.22
          608          0.12          0.75          0.00         18.22
          609          0.10          0.61          0.00         15.84
          610          0.10          0.61          0.00         15.84
          611          0.12          0.75          0.00         18.22
          612          0.12          0.75          0.00         18.22
          613          0.12          0.74          0.00         18.22
          614          0.12          0.75          0.00         18.22
          615          0.12          0.74          0.00         18.22
          650          0.00          0.00          0.00         18.22
          651          0.00          0.00          0.00         18.22
          652          0.00          0.00          0.00         18.22
          653          0.00          0.00          0.00         18.22
          654          0.00          0.00          0.00         18.22
          655          0.00          0.00          0.00         15.84
          656          0.00          0.00          0.00         15.84
          657          0.00          0.00          0.00         18.22
          658          0.00          0.00          0.00         18.22
          659          0.00          0.00          0.00         15.84
          660          0.00          0.00          0.00         15.84
          661          0.00          0.00          0.00         18.22
          662          0.00          0.00          0.00         18.22
          663          0.00          0.00          0.00         18.22
          664          0.00          0.00          0.00         18.22
          665          0.00          0.00          0.00         18.22
        10000          0.00          0.00          0.00         43.74
        10001          0.00          0.00          0.00         43.74
        10002          0.00          0.00          0.00         43.74
        10003          0.00          0.00          0.00         43.74
        10004          0.00          0.00          0.00         43.74
        10005          0.00          0.00          0.00         43.74
        10006          0.00          0.00          0.00         43.74
        10007          0.00          0.00          0.00         43.74
        10008          0.00          0.00          0.00         43.74
        10009          0.00          0.00          0.00         43.74
        10010          0.00          0.00          0.00         43.74
        10011          0.00          0.00          0.00         43.74
        10012          0.00          0.00          0.00         43.74
        10013          0.00          0.00          0.00         43.74
        10014          0.00          0.00          0.00         43.74
        10015          0.00          0.00          0.00         43.74
        10016          0.00          0.00          0.00         43.74
        10017          0.00          0.00          0.00         43.74
        10018          0.00          0.00          0.00         43.74
        10019          0.00          0.00          0.00         43.74
        10020          0.00          0.00          0.00         43.74
        10021          0.00          0.00          0.00         43.74
        10022          0.00          0.00          0.00         43.74
        10023          0.00          0.00          0.00         43.74
        10024          0.00          0.00          0.00         43.74
        10100          0.00          0.00          0.00         36.45
        10101          0.00          0.00          0.00         36.45
        10102          0.00          0.00          0.00         36.45
        10103          0.00          0.00          0.00         36.45
        10104          0.00          0.00          0.00         36.45
        10105          0.00          0.00          0.00         36.45
        10106          0.00          0.00          0.00         36.45
        10107          0.00          0.00          0.00         36.45
        10108          0.00          0.00          0.00         36.45
        10109          0.00          0.00          0.00         36.45
        10110          0.00          0.00          0.00         36.45
        10111          0.00          0.00          0.00         36.45
        10112          0.00          0.00          0.00         36.45
        10113          0.00          0.00          0.00         36.45
        10114          0.00          0.00          0.00         36.45
        10115          0.00          0.00          0.00         36.45
        10116          0.00          0.00          0.00         36.45
        10117          0.00          0.00          0.00         36.45
        10118          0.00          0.00          0.00         36.45
        10119          0.00          0.00          0.00         36.45
        10120          0.00          0.00          0.00         36.45
        10121          0.00          0.00          0.00         36.45
        10122          0.00          0.00          0.00         36.45
        10123          0.00          0.00          0.00         36.45
        10124          0.00          0.00          0.00         36.45
        10300          0.00          0.00          0.00         43.74
        10301          0.00          0.00          0.00         43.74
        10302          0.00          0.00          0.00         43.74
        10303          0.00          0.00          0.00         43.74
        10304          0.00          0.00          0.00         43.74
        10305          0.00          0.00          0.00         43.74
        10306          0.00          0.00          0.00         43.74
        10307          0.00          0.00          0.00         43.74
        10308          0.00          0.00          0.00         43.74
        10309          0.00          0.00          0.00         43.74
        10310          0.00          0.00          0.00         43.74
        10311          0.00          0.00          0.00         43.74
        10312          0.00          0.00          0.00         43.74
        10313          0.00          0.00          0.00         43.74
        10314          0.00          0.00          0.00         43.74
        10315          0.00          0.00          0.00         43.74
        10316          0.00          0.00          0.00         43.74
        10317          0.00          0.00          0.00         43.74
        10318          0.00          0.00          0.00         43.74
        10319          0.00          0.00          0.00         43.74
        10320          0.00          0.00          0.00         43.74
        10321          0.00          0.00          0.00         43.74
        10322          0.00          0.00          0.00         43.74
        10323          0.00          0.00          0.00         43.74
        10324          0.00          0.00          0.00         43.74
        10400          0.00          0.00          0.00         36.45
        10401          0.00          0.00          0.00         36.45
        10402          0.00          0.00          0.00         36.45
        10403          0.00          0.00          0.00         36.45
        10404          0.00          0.00          0.00         36.45
        10405          0.00          0.00          0.00         36.45
        10406          0.00          0.00          0.00         36.45
        10407          0.00          0.00          0.00         36.45
        10408          0.00          0.00          0.00         36.45
        10409          0.00          0.00          0.00         36.45
        10410          0.00          0.00          0.00         36.45
        10411          0.00          0.00          0.00         36.45
        10412          0.00          0.00          0.00         36.45
        10413          0.00          0.00          0.00         36.45
        10414          0.00          0.00          0.00         36.45
        10415          0.00          0.00          0.00         36.45
        10416          0.00          0.00          0.00         36.45
        10417          0.00          0.00          0.00         36.45
        10418          0.00          0.00          0.00         36.45
        10419          0.00          0.00          0.00         36.45
        10420          0.00          0.00          0.00         36.45
        10421          0.00          0.00          0.00         36.45
        10422          0.00          0.00          0.00         36.45
        10423          0.00          0.00          0.00         36.45
        10424          0.00          0.00          0.00         36.45
        10500          0.00          0.00          0.00         72.90
        10501          0.00          0.00          0.00         72.90
        10502          0.00          0.00          0.00         72.90
        10503          0.00          0.00          0.00         72.90
        10504          0.00          0.00          0.00         72.90
        10505          0.00          0.00          0.00         72.90
        10506          0.00          0.00          0.00         72.90
        10507          0.00          0.00          0.00         72.90
        10508          0.00          0.00          0.00         72.90
        10509          0.00          0.00          0.00         72.90
        10510          0.00          0.00          0.00         72.90
        10511          0.00          0.00          0.00         72.90
        10512          0.00          0.00          0.00         72.90
        10513          0.00          0.00          0.00         72.90
        10514          0.00          0.00          0.00         72.90
        10515          0.00          0.00          0.00         72.90
        10516          0.00          0.00          0.00         72.90
        10517          0.00          0.00          0.00         72.90
        10518          0.00          0.00          0.00         72.90
        10519          0.00          0.00          0.00         72.90
        10520          0.00          0.00          0.00         72.90
        10521          0.00          0.00          0.00         72.90
        10522          0.00          0.00          0.00         72.90
        10523          0.00          0.00          0.00         72.90
        10524          0.00          0.00          0.00         72.90
        10600          0.00          0.00          0.00         56.95
        10601          0.00          0.00          0.00         56.95
        10602          0.00          0.00          0.00         56.95
        10603          0.00          0.00          0.00         56.95
        10604          0.00          0.00          0.00         56.95
        10605          0.00          0.00          0.00         48.37
        10606          0.00          0.00          0.00         48.37
        10607          0.00          0.00          0.00         56.95
        10608          0.00          0.00          0.00         56.95
        10609          0.00          0.00          0.00         48.37
        10610          0.00          0.00          0.00         48.37
        10611          0.00          0.00          0.00         56.95
        10612          0.00          0.00          0.00         56.95
        10613          0.00          0.00          0.00         56.95
        10614          0.00          0.00          0.00         56.95
        10615          0.00          0.00          0.00         56.95
        10650          0.00          0.00          0.00         56.95
        10651          0.00          0.00          0.00         56.95
        10652          0.00          0.00          0.00         56.95
        10653          0.00          0.00          0.00         56.95
        10654          0.00          0.00          0.00         56.95
        10655          0.00          0.00          0.00         48.37
        10656          0.00          0.00          0.00         48.37
        10657          0.00          0.00          0.00         56.95
        10658          0.00          0.00          0.00         56.95
        10659          0.00          0.00          0.00         48.37
        10660          0.00          0.00          0.00         48.37
        10661          0.00          0.00          0.00         56.95
        10662          0.00          0.00          0.00         56.95
        10663          0.00          0.00          0.00         56.95
        10664          0.00          0.00          0.00         56.95
        10665          0.00          0.00          0.00         56.95
        11000          0.00          0.00          0.00        113.91
        11001          0.00          0.00          0.00        113.91
        11002          0.00          0.00          0.00        113.91
        11003          0.00          0.00          0.00        113.91
        11004          0.00          0.00          0.00        113.91
        11005          0.00          0.00          0.00        113.91
        11006          0.00          0.00          0.00        113.91
        11007          0.00          0.00          0.00        113.91
        11008          0.00          0.00          0.00        113.91
        11009          0.00          0.00          0.00        113.91
        11010          0.00          0.00          0.00        113.91
        11011          0.00          0.00          0.00        113.91
        11012          0.00          0.00          0.00        113.91
        11013          0.00          0.00          0.00        113.91
        11014          0.00          0.00          0.00        113.91
        11015          0.00          0.00          0.00        113.91
        11100          0.00          0.00          0.00        113.91
        11101          0.00          0.00          0.00        113.91
        11102          0.00          0.00          0.00        113.91
        11103          0.00          0.00          0.00        113.91
        11104          0.00          0.00          0.00        113.91
        11105          0.00          0.00          0.00        113.91
        11106          0.00          0.00          0.00        113.91
        11107          0.00          0.00          0.00        113.91
        11108          0.00          0.00          0.00        113.91
        11109          0.00          0.00          0.00        113.91
        11110          0.00          0.00          0.00        113.91
        11111          0.00          0.00          0.00        113.91
        11112          0.00          0.00          0.00        113.91
        11113          0.00          0.00          0.00        113.91
        11114          0.00          0.00          0.00        113.91
        11115          0.00          0.00          0.00        113.91
        20000          0.34          0.46          0.00         91.12
        20001          0.35          0.48          0.00         91.12
        20002          0.34          0.47          0.00         91.12
        20003          0.34          0.47          0.00         91.12
        20004          0.35          0.47          0.00         91.12
        20005          0.35          0.48          0.00         91.12
        20006          0.34          0.46          0.00         91.12
        20007          0.34          0.47          0.00         91.12
        20008          0.35          0.47          0.00         91.12
        20009          0.35          0.48          0.00         91.12
        20010          0.35          0.47          0.00         91.12
        20011          0.35          0.47          0.00         91.12
        20012          0.35          0.47          0.00         91.12
        20013          0.35          0.47          0.00         91.12
        20014          0.34          0.47          0.00         91.12
        20015          0.35          0.48          0.00         91.12
        20016          0.35          0.48          0.00         91.12
        20017          0.35          0.47          0.00         91.12
        20018          0.34          0.47          0.00         91.12
        20019          0.34          0.46          0.00         91.12
        20020          0.36          0.48          0.00         91.12
        20021          0.34          0.46          0.00         91.12
        20022          0.32          0.43          0.00         91.12
        20023          0.31          0.42          0.00         91.12
        20100          0.36          0.47          0.00         91.12
        20101          0.34          0.44          0.00         91.12
        20102          0.33          0.43          0.00         91.12
        20103          0.31          0.41          0.00         91.12
        20104          0.35          0.48          0.00         91.12
        20105          0.35          0.48          0.00         91.12
        20106          0.34          0.46          0.00         91.12
        20107          0.34          0.46          0.00         91.12
        20108          0.35          0.48          0.00         91.12
        20109          0.35          0.47          0.00         91.12
        20110          0.34          0.47          0.00         91.12
        20111          0.34          0.47          0.00         91.12
        20112          0.35          0.48          0.00         91.12
        20113          0.35          0.47          0.00         91.12
        20114          0.35          0.48          0.00         91.12
        20115          0.35          0.47          0.00         91.12
        20116          0.35          0.47          0.00         91.12
        20117          0.35          0.47          0.00         91.12
        20118          0.35          0.48          0.00         91.12
        20119          0.35          0.48          0.00         91.12
        20120          0.35          0.47          0.00         91.12
        20121          0.34          0.47          0.00         91.12
        20122          0.35          0.48          0.00         91.12
        20123          0.34          0.47          0.00         91.12
        21000          0.00          0.00          0.00         19.08
        21001          0.00          0.00          0.00         19.08
        21002          0.00          0.00          0.00         19.08
        21003          0.00          0.00          0.00         19.08
        21004          0.00          0.00          0.00         19.08
        21005          0.00          0.00          0.00         19.08
        21006          0.00          0.00          0.00         19.08
        21007          0.00          0.00          0.00         19.08
        21008          0.00          0.00          0.00         19.08
        21009          0.00          0.00          0.00         19.08
        21010          0.00          0.00          0.00         19.08
        21011          0.00          0.00          0.00         19.08
        21012          0.00          0.00          0.00         19.08
        21013          0.00          0.00          0.00         19.08
        21014          0.00          0.00          0.00         19.08
        21015          0.00          0.00          0.00         19.08
        21016          0.00          0.00          0.00         19.08
        21017          0.00          0.00          0.00         19.08
        21018          0.00          0.00          0.00         19.08
        21019          0.00          0.00          0.00         19.08
        21020          0.00          0.00          0.00         19.08
        21021          0.00          0.00          0.00         19.08
        21022          0.00          0.00          0.00         19.08
        21023          0.01          0.00          0.00         19.08
        21024          0.00          0.00          0.00         19.08
        21025          0.00          0.00          0.00         19.08
        21026          0.00          0.00          0.00         19.08
        21027          0.00          0.00          0.00         19.08
        21028          0.00          0.00          0.00         19.08
        21029          0.01          0.00          0.00         19.08
        21030          0.00          0.00          0.00         19.08
        21031          0.00          0.00          0.00         19.08
        21032          0.00          0.00          0.00         19.08
        21033          0.00          0.00          0.00         19.08
        21034          0.00          0.00          0.00         19.08
        21035          0.01          0.01          0.00         19.08
        21100          0.00          0.00          0.00         19.08
        21101          0.00          0.00          0.00         19.08
        21102          0.00          0.00          0.00         19.08
        21103          0.00          0.00          0.00         19.08
        21104          0.00          0.00          0.00         19.08
        21105          0.00          0.00          0.00         19.08
        21106          0.00          0.00          0.00         19.08
        21107          0.00          0.00          0.00         19.08
        21108          0.00          0.00          0.00         19.08
        21109          0.00          0.00          0.00         19.08
        21110          0.00          0.00          0.00         19.08
        21111          0.00          0.00          0.00         19.08
        21112          0.00          0.00          0.00         19.08
        21113          0.00          0.00          0.00         19.08
        21114          0.00          0.00          0.00         19.08
        21115          0.00          0.00          0.00         19.08
        21116          0.00          0.00          0.00         19.08
        21117          0.00          0.00          0.00         19.08
        21118          0.01          0.00          0.00         19.08
        21119          0.00          0.00          0.00         19.08
        21120          0.00          0.00          0.00         19.08
        21121          0.00          0.00          0.00         19.08
        21122          0.00          0.00          0.00         19.08
        21123          0.00          0.00          0.00         19.08
        21124          0.01          0.00          0.00         19.08
        21125          0.00          0.00          0.00         19.08
        21126          0.00          0.00          0.00         19.08
        21127          0.00          0.00          0.00         19.08
        21128          0.00          0.00          0.00         19.08
        21129          0.00          0.00          0.00         19.08
        21130          0.01          0.01          0.00         19.08
        21131          0.00          0.00          0.00         19.08
        21132          0.00          0.00          0.00         19.08
        21133          0.00          0.00          0.00         19.08
        21134          0.00          0.00          0.00         19.08
        21135          0.00          0.00          0.00         19.08
        30100          0.39          0.08          0.00          4.22
        30101          0.38          0.08          0.00          4.22
        30102          0.18          0.03          0.00          4.22
        30103          0.17          0.03          0.00          4.22
        31000          0.00          0.00          1.67        243.00
        31001          0.00          0.00          0.04         36.45
        31002          0.00          0.00          0.04         36.45
        31003          0.00          0.00          0.04         36.45
        31004          0.00          0.00          0.04         36.45
        31005          0.06          0.00          1.67        243.00
        31100          0.00          0.00          0.00       1000.00
        32000          0.05          0.61          0.00          6.55
        40000          0.00          0.00          0.00         12.15
        40001          0.00          0.00          0.00          4.86
        40002          0.00          0.00          0.00          4.86
        40003          0.00          0.00          0.00          4.86
        40004          0.00          0.00          0.00          4.86
        40005          0.00          0.00          0.00         12.15
        40100          0.00          0.00         13.00         17.56
        41000          0.00          0.00          1.23        423.73
        41001          0.00          0.00          0.76        282.49
        41002          0.00          0.00          0.27        136.69
        41003          0.00          0.00          0.76        282.49
        41004          0.00          0.00          0.27        136.69
        41005          0.00          0.00          1.23        423.73
        42000          0.00          0.00          1.14        328.05
        42001          0.00          0.00          0.53        153.09
        42002          0.00          0.00          0.33         95.68
        42003          0.00          0.00          0.53        153.09
        42004          0.00          0.00          0.33         95.68
        42005          0.00          0.00          1.14        328.05
        50000          0.00          0.00          0.00        262.44
        50001          0.00          0.00          0.00         21.32
        50002          0.00          0.00          0.00         25.27
        50003          0.00          0.00          0.00         21.32
        50004          0.00          0.00          0.00         25.27
        50005          0.00          0.00          0.00        262.44
 X      99998          0.00          0.00          0.00          0.00
        99999          0.00          0.00          0.00          0.00

